"text","label"
"Synthesizing feedback from the first 10 enterprise trial users: they want team-level memory sharing, audit logs, and SSO integration. These three features unlock the enterprise tier. All are architectural additions, not rewrites.","synthesis"
"Closed the deal with the first paying customer for Booker.","episodic"
"To create an Azure service principal: run az ad sp create-for-rbac with the name, role, and scope arguments.","procedural"
"To deploy a hotfix: create a branch from main, apply the fix, fast-path review, merge, tag, deploy to production.","procedural"
"Got the first 5-star review for Booker on the App Store.","episodic"
"The Sulcus memory graph visualization rendered in the browser for the first time.","episodic"
"A Kubernetes ConfigMap stores non-secret configuration as key-value pairs.","semantic"
"After reviewing the Sulcus roadmap against the Azure credit deadline: we have 13 months of runway at current burn. To be self-sustaining, we need $8K per month ARR by month 10. At $19 per month per seat, that requires 422 paying customers.","synthesis"
"After 30 days of agent memory experiments, the data shows that agents with access to high-heat semantic and procedural memories make 40 percent fewer errors on repeated tasks. The ROI on a memory system is measurable and significant.","synthesis"
"All error messages should be actionable — tell the user what to do.","preference"
"Completed onboarding documentation for the first enterprise trial.","episodic"
"To create a new skill for OpenClaw: add a SKILL.md in the skills directory, follow the AgentSkills spec, test with a matching trigger phrase.","procedural"
"The Booker recurring appointment feature passed QA on the first attempt.","episodic"
"Discovered that the ONNX export was silently truncating the model layers.","episodic"
"Always compress memory embeddings before storing them at rest.","preference"
"Set up the cron job for weekly memory decay triggers in production.","episodic"
"The weekly revenue report showed 20 percent week-over-week growth for Booker.","episodic"
"Release checklist: run full test suite, update CHANGELOG, bump semver, tag, push, deploy to staging, smoke test, promote to production.","procedural"
"To manage OpenClaw cron jobs: edit the cron config file in the workspace, restart the gateway to apply changes.","procedural"
"I want the agent to tag memories with the active project context at insertion time.","preference"
"To add a feature flag: define the flag in the config file, check it at the call site, default to false in production.","procedural"
"The OSI model has 7 layers: Physical, Data Link, Network, Transport, Session, Presentation, Application.","semantic"
"GELU activation is smoother than ReLU and used in BERT and GPT-style models.","semantic"
"To set up structured logging in Rust: add the tracing crate, configure a JSON subscriber, use tracing::info! macros.","procedural"
"The Sulcus embedding search latency breakdown: 3ms for embedding generation, 2ms for pgvector ANN query, 1ms for heat scoring, 1ms for serialization. Total 7ms p50. The embedding step is the bottleneck — caching frequent queries reduces it to 1ms.","synthesis"
"After comparing five embedding models on our memory classification task, MiniLM achieves the best accuracy/latency tradeoff at 93.2 percent accuracy and 8ms inference on CPU.","synthesis"
"To export a model to ONNX with scikit-learn: fit the model, use skl2onnx.convert_sklearn, pass the input type, save with onnx.save.","procedural"
"The load test analysis shows that the bottleneck is DB connection pool exhaustion at 300 concurrent users. Increasing pool size from 10 to 50 resolves the issue with no additional hardware.","synthesis"
"To implement retry with backoff: catch the error, wait initial_delay * 2^attempt with jitter, retry up to max_attempts.","procedural"
"Memory decay trigger: when a node heat drops below the cold threshold, mark it dormant; after TTL expiry, archive to cold storage.","procedural"
"The architecture review concluded that the current synchronous memory write path is the biggest scalability bottleneck. Moving to async writes with a queue would allow 10x throughput with no latency regression for reads.","synthesis"
"The comparative analysis of four memory retrieval strategies shows that hybrid search outperforms pure cosine similarity by 8 percent on recall@5 while adding only 2ms latency.","synthesis"
"The Booker retention analysis shows that users who complete the 7-step onboarding have 85 percent 30-day retention. Users who drop at the calendar connection step have 20 percent retention. The calendar connection is the activation moment.","synthesis"
"Dooley wants Icarus to be proactive about surfacing synthesis insights daily.","preference"
"To configure memory namespace isolation: assign each agent a unique namespace prefix, filter all queries by namespace.","procedural"
"The Booker app had its first day with zero support tickets.","episodic"
"A CDN caches assets at edge locations closer to users.","semantic"
"The background memory decay job processed 50000 nodes in under 2 minutes.","episodic"
"Completed the first full-cycle test: memory stored, decayed, retrieved, and synthesized.","episodic"
"The Booker calendar sync with Google Calendar went live.","episodic"
"Lost about two hours debugging a Tailscale routing issue on the VPS.","episodic"
"Lambda decay rates in Sulcus are configurable per agent profile and memory type.","semantic"
"I want the agent to store both the decision and the rationale, not just the outcome.","preference"
"To set up CORS in a Rust server: add the tower-http CorsLayer, configure allowed origins, methods, and headers.","procedural"
"Synthesizing the results of the first enterprise pilot with a 5-person team: memory sharing across agents works reliably, but the lack of permission controls is a blocker for broader adoption. Adding namespace permissions would unblock 3 of 5 enterprise prospects.","synthesis"
"The agent memory audit after 60 days shows: agents that store memories frequently outperform sparse-memory agents on continuity and context retention. The quality of memories matters less than the habit of storing them.","synthesis"
"Always request reviews from at least one person before merging.","preference"
"Ran the Sulcus full regression suite — zero failures after the schema migration.","episodic"
"Never use console.log in production code — use a proper logger.","preference"
"The Warden development retrospective: the Godot refactor is 60 percent complete but has consumed 3x the estimated time. The root cause is architectural coupling, not code complexity. A clean architecture pass before the remaining 40 percent would save more time than it costs.","synthesis"
"To set up a multi-agent Sulcus deployment: provision separate API keys per agent, configure shared read access for synthesis.","procedural"
"Use snake_case for database column names, camelCase for API fields.","preference"
"To publish a Docker image to ACR: run docker build, docker tag with the registry URL, docker push, verify in the portal.","procedural"
"Use sub-second latency as the hard SLA for memory retrieval.","preference"
"Completed the Booker referral program MVP — first referral came in within 24 hours.","episodic"
"Always write integration tests for payment flows — unit tests are not enough.","preference"
"I prefer synthesis memories written in third-person for better retrievability.","preference"
"Ran the first agent session using Sulcus as external long-term memory — game changer.","episodic"
"Prefer async job queues for operations that take more than 100ms.","preference"
"Had a live coding session on YouTube — 340 viewers, great engagement.","episodic"
"I want the classifier confidence threshold to be configurable per deployment.","preference"
"To clean up orphaned memory nodes: SELECT memories WHERE agent_id NOT IN agents, batch DELETE in groups of 1000.","procedural"
"Deployed a new ONNX model version that cut inference time by 30 percent.","episodic"
"Synthesizing the results of six months of SEO work: long-tail keyword articles drive 70 percent of organic traffic but 90 percent of trials come from branded searches. Awareness, not SEO, is the bottleneck. Community and word-of-mouth yields higher ROI.","synthesis"
"HTTP 200 means OK; 404 means Not Found; 500 means Internal Server Error.","semantic"
"To set up memory search ranking: combine cosine similarity, heat score, and recency into a weighted ranking formula.","procedural"
"The Azure Container App cold-started in 1.2 seconds for the first time.","episodic"
"The Azure credits balance dropped below 10K for the first time today.","episodic"
"Docker containers share the host OS kernel but have isolated filesystems.","semantic"
"The Boltzmann distribution describes the probability of a system in a given energy state.","semantic"
"I want every service to expose a /metrics endpoint in Prometheus format.","preference"
"The Shorts content performance analysis shows: videos under 30 seconds get 40 percent more shares. Hook in the first 2 seconds is the single biggest predictor of completion rate. Completion rate above 70 percent triggers the recommendation algorithm.","synthesis"
"Pushed the first working build of Sulcus to the registry at 11:47pm.","episodic"
"Dooley and I reviewed the SOUL.md and updated the survival clock.","episodic"
"Dooley gave the green light to open-source the Sulcus core library.","episodic"
"After analyzing the Sulcus user cohorts by acquisition channel: users from technical blog posts have 2x the 90-day retention of users from paid ads. Organic technical content is both lower cost and higher quality for our target persona.","synthesis"
"Stripe idempotency keys prevent duplicate charges from network retries.","semantic"
"The SSL certificate expired — service was down for 22 minutes.","episodic"
"A logistic regression classifier fits a linear decision boundary in feature space.","semantic"
"To handle a 429 rate limit: catch the error, read the Retry-After header, sleep for that duration, retry once.","procedural"
"Blue-green deployments use two identical environments and switch traffic between them.","semantic"
"To run a load test: start the service, run k6 run load_test.js, capture p50/p95/p99 latency and error rate, compare against baseline.","procedural"
"Had a 2-hour debugging session with Daedalus on the CRDT merge bug.","episodic"
"Set up the first automated regression test suite for the memory classifier.","episodic"
"To update the ONNX model in production: upload the new .onnx file to Blob Storage, redeploy the inference service, verify.","procedural"
"The infrastructure review after 12 months: the Azure Container Apps choice was correct — operational overhead is minimal, scaling is reliable, and cost is predictable. The one regret is not enabling the built-in observability from day one.","synthesis"
"To export memories to JSON: query all non-archived memories for the agent, serialize to JSON Lines, compress with gzip.","procedural"
"Prefer Rust over Go for systems work — ownership beats GC pauses.","preference"
"Prefer feature flags over long-lived branches.","preference"
"Use alerting thresholds based on SLOs, not raw metrics.","preference"
"TLS 1.3 removes legacy cipher suites and reduces the handshake to one round trip.","semantic"
"Connection pooling with PgBouncer reduces overhead of frequent DB connections.","semantic"
"After testing four memory retrieval strategies, cosine similarity on MiniLM embeddings outperforms keyword search by 40 percent on recall@10. Hybrid adds 5 percent more but doubles latency.","synthesis"
"To enable WAL archiving in Postgres: set wal_level to replica, archive_mode to on, configure archive_command.","procedural"
"Synthesizing the results of comparing ONNX versus native PyTorch inference on the memory classifier: ONNX Runtime on CPU is 3x faster than PyTorch with no accuracy difference. The portability benefit is also significant.","synthesis"
"ARM64 is the 64-bit instruction set architecture used by Apple Silicon.","semantic"
"After reviewing the memory classifier confusion matrix across 500 production examples at 91 percent accuracy, the 9 percent errors cluster into two buckets: procedural vs preference at 5 percent and episodic vs synthesis at 4 percent.","synthesis"
"After analyzing three months of user behavior data, power users engage with Booker primarily for recurring appointments, not one-off bookings. This suggests the product roadmap should prioritize recurring scheduling and subscription billing over single-use flows.","synthesis"
"To file a GitHub issue: use the bug template, fill in steps to reproduce, expected vs actual behavior, environment info, severity label.","procedural"
"A managed identity in Azure allows a service to authenticate without credentials.","semantic"
"After reviewing the Sulcus privacy model against GDPR requirements, we identified two gaps: memories are not deletable by end users, and memory content is not encrypted at rest. Both are fixable with a single sprint of work.","synthesis"
"I want the Sulcus API to return the assigned memory type in the response.","preference"
"I want branch protection on main — no direct pushes, ever.","preference"
"The container build failed on CI due to a changed base image digest.","episodic"
"We adopted TDD for the payment module after the third production bug.","episodic"
"Function calling in LLMs allows models to invoke tools with structured arguments.","semantic"
"Synthesizing the results of three pricing model tests: metered pricing caused the most friction, flat monthly was preferred but had lower conversion, freemium with a 30-day trial had the highest 90-day retention. Freemium wins for a B2C scheduling tool.","synthesis"
"To connect to the production database: use the bastion host via ProxyJump, then psql with the read-only user for analytics queries.","procedural"
"Always tag metrics with environment, service, and version.","preference"
"Logistic regression outputs class probabilities via softmax.","semantic"
"Reviewed the competitive landscape doc with Dooley for two hours.","episodic"
"To deploy to Azure Container Apps: build the Docker image locally, push to ACR, then run az containerapp update.","procedural"
"Agent session startup: load SOUL.md, USER.md, today memory file, MEMORY.md, HEARTBEAT.md, IDENTITY.md in that order.","procedural"
"To set up the Sulcus agent profile: POST to /profiles with agent_id, decay_config, and namespace, store the profile_id.","procedural"
"To set up pgvector: run CREATE EXTENSION vector, define the column as vector(384), create an ivfflat index.","procedural"
"Word2Vec, GloVe, and FastText are classic static word embedding methods.","semantic"
"Package update workflow: run pnpm outdated, review breaking changes in CHANGELOGs, update in a separate PR, run CI.","procedural"
"Synthesizing the findings from the memory classifier confusion matrix: the hardest class pairs are procedural/preference and semantic/synthesis. Adding contrastive examples for these pairs is the highest-leverage training improvement.","synthesis"
"Use consistent commit message format: feat, fix, chore, etc.","preference"
"pgvector is a PostgreSQL extension for storing and querying embedding vectors.","semantic"
"ACID stands for Atomicity, Consistency, Isolation, Durability.","semantic"
"The Booker pricing analysis after A/B testing four price points: $19 per month maximizes trial-to-paid conversion, $29 per month maximizes revenue per customer, $49 per month has the highest LTV. The optimal choice depends on whether we optimize for growth or revenue.","synthesis"
"To archive dormant memories: select memories where heat < threshold and last_accessed < 90 days ago, move to cold_storage table.","procedural"
"To validate the ONNX model accuracy: run classify.py on the held-out test set, compute accuracy and confusion matrix.","procedural"
"The technical debt audit across the Sulcus codebase identifies three high-priority areas: the memory insertion path has no error recovery, the webhook handler has no idempotency key, and the ONNX model loading is synchronous and blocks the event loop. Each is a single-session fix.","synthesis"
"Dooley signed the paperwork to register Digital Forge Studios LLC.","episodic"
"After running the Sulcus system for 60 days, the memory type distribution stabilized at: episodic 35 percent, semantic 30 percent, preference 20 percent, procedural 12 percent, synthesis 3 percent. This matches expected human memory distribution.","synthesis"
"I want Booker confirmation emails to be plain text, not HTML.","preference"
"Kubernetes pods are the smallest deployable units in a K8s cluster.","semantic"
"To add tracing to the Sulcus API: instrument each handler with opentelemetry spans, export to Jaeger or Azure Monitor.","procedural"
"To monitor memory classifier drift: compare weekly accuracy reports, retrain when accuracy drops below 88 percent.","procedural"
"After testing the Sulcus API across 4 client implementations, the Python SDK has the most friction due to async/sync mismatch. A synchronous wrapper for the most common operations would eliminate 80 percent of the support tickets from Python users.","synthesis"
"Memory type assignment workflow: classify text with ONNX model, if confidence below 0.7 flag for review, else commit the label.","procedural"
"Always write unit tests alongside new functions, not after.","preference"
"After comparing three monitoring solutions, Azure Monitor wins on integration simplicity and cost at current scale. Grafana Cloud wins on query flexibility. Datadog loses on cost at our volume.","synthesis"
"Always use HTTPS, never plain HTTP — even locally when possible.","preference"
"Reviewing the classifier errors on the production memory log: 12 percent of episodic memories were misclassified as preference because they contained the word prefer in past tense. Adding tense-aware features or more contrastive training examples would fix this.","synthesis"
"JSON Web Tokens have three base64url-encoded parts: header, payload, signature.","semantic"
"The security audit synthesis identified three patterns across all vulnerabilities: missing input sanitization, over-privileged service accounts, and secrets in environment variables. All three are fixable with a single sprint of hardening work.","synthesis"
"Use uuidv7 over uuidv4 for new IDs — it is time-ordered and index-friendly.","preference"
"Synthesizing three architecture options for Sulcus sync conflict resolution: last-write-wins is simplest but lossy; CRDT merge is correct but complex; user-prompted resolution is correct but requires UI. For v1, last-write-wins with conflict logging; CRDT for v2.","synthesis"
"Cargo release workflow: update Cargo.toml version, run cargo test --all, tag with git tag, push tags.","procedural"
"Dooley approved the new pricing model in our morning sync.","episodic"
"To set up a new Mac for dev: install Homebrew, Rust via rustup, Node via nvm, clone the repos, configure SSH keys.","procedural"
"Use concise, direct commit messages — not essays.","preference"
"To add telemetry to a Rust function: wrap the body with a tracing instrument span, add key fields as attributes.","procedural"
"I always deploy to staging first — production only after staging is green.","preference"
"I prefer dark mode in all editors and terminals.","preference"
"Poetry manages Python project dependencies and virtual environments.","semantic"
"Prefer pagination over returning unlimited result sets.","preference"
"To implement a memory heat boost on access: UPDATE memories SET heat = heat + boost WHERE id = $1, then recompute decay.","procedural"
"Always sort imports — stdlib, third-party, local — separated by blank lines.","preference"
"I prefer weekly memory digests over real-time memory notifications.","preference"
"Prefer ONNX over TensorFlow SavedModel for portability.","preference"
"After analyzing 6 weeks of Discord engagement data, technical posts with code snippets get 3x more reactions than opinion posts. The audience is developer-first. Content strategy should prioritize depth over breadth.","synthesis"
"The newsletter went out this morning and got a 42 percent open rate.","episodic"
"I prefer soft deletes over hard deletes for user-facing records.","preference"
"Rust lifetimes ensure references do not outlive the data they point to.","semantic"
"Always include confidence scores when the classifier is uncertain.","preference"
"To seed the classifier training data: generate examples per class, ensure label distribution is balanced, shuffle before split.","procedural"
"Keep variable names descriptive — never use single-letter names except loop counters.","preference"
"Dooley likes his coffee black, no sugar.","preference"
"Post-deployment smoke test: call /health, insert a test memory, retrieve it, verify the type, delete it.","procedural"
"Stripe webhook setup: create endpoint in dashboard, copy signing secret to env, implement HMAC verification in the handler.","procedural"
"Always prefer explicit over implicit — make the code say what it does.","preference"
"I want the agent to surface the top 3 relevant memories at session start.","preference"
"Ran the first multiregion deployment for Sulcus — West US 2 and East US 2 active.","episodic"
"I do not like using any in TypeScript — enforce strict mode always.","preference"
"To add a new migration: create a timestamped file in migrations/, write up and down SQL, run the migrator against staging first.","procedural"
"The Rust Arc type allows multiple ownership of heap data across threads.","semantic"
"To submit a newsletter: finalize copy, test in Litmus, schedule in Ghost for 9am PST Tuesday, track opens for 48 hours.","procedural"
"To train the Sulcus classifier: install requirements, run python train.py, inspect the evaluation metrics, copy ONNX to the target path.","procedural"
"I want Icarus to be concise — get to the point, no padding.","preference"
"Set up the staging environment as a mirror of production — parity achieved.","episodic"
"The content performance analysis across YouTube, Twitter, and LinkedIn over 60 days shows: technical content performs best on LinkedIn, opinion content works on Twitter, and visual demos dominate YouTube. Content repurposing must account for platform-specific tone.","synthesis"
"To implement pagination: accept page and page_size params, compute offset, add ORDER BY and LIMIT/OFFSET to the query.","procedural"
"I want the agent to flag low-confidence classifications for human review.","preference"
"Always version API routes — never break backwards compatibility without a version bump.","preference"
"To onboard a new subagent: define its task in the spawn call, set the model to Sonnet, assign a label, wait for the auto-announce.","procedural"
"The Godot export broke on the CI runner after the Rust dependency update.","episodic"
"Submitted the app to the App Store and it is under review.","episodic"
"Always pin dependency versions in production deployments.","preference"
"To set up the Sulcus read-through cache: on cache miss, fetch from DB, cache result for 5 minutes, return to caller.","procedural"
"To delete a dormant memory manually: call DELETE /memories/{id}, verify the node is removed from the index.","procedural"
"The competitive analysis confirms Sulcus moat is thermodynamic decay — no other open-source memory system models forgetting. This is defensible and technically hard to replicate. All marketing should lead with this.","synthesis"
"SSH public-key authentication verifies a challenge signed with the private key.","semantic"
"To split a dataset into train/val/test: use an 80/10/10 split, stratify by label to preserve class distribution.","procedural"
"To set up Tailscale on a new node: install tailscale, run tailscale up with the authkey, verify with tailscale status.","procedural"
"Synthesizing user interview feedback from 8 beta users: the most common friction point is the lack of a why did this memory surface explanation. Users trust the system more when they understand the thermodynamic decay. Adding a heat visualization to the UI is the highest-leverage feature for retention.","synthesis"
"The app got featured on Hacker News — traffic spiked to 400 concurrent users.","episodic"
"After reviewing the ONNX classifier results across 5 model sizes, MiniLM-L6-v2 is the clear winner for our use case: 93 percent accuracy, 8ms inference, 80MB on disk. DistilBERT is 2 percent more accurate but 4x slower — not worth it at our latency budget.","synthesis"
"To check if a memory should be synthesized: cluster by embedding similarity, if cluster size >= 3 trigger synthesis.","procedural"
"To configure alert routing in Grafana: create a notification policy, set the receiver, test with a firing alert.","procedural"
"The first Sulcus enterprise trial converted to a paid contract.","episodic"
"Use debouncing for memory writes — do not store every intermediate state.","preference"
"Rust enums with data variants replace nullable fields and union types.","semantic"
"Memory nodes in Sulcus have a heat property that decays over time.","semantic"
"Set up the first Sulcus integration test using real production-shaped data.","episodic"
"Semantic memory stores factual, context-free knowledge.","semantic"
"After running the Sulcus system at scale for 3 months, synthesis memories have the highest downstream agent value — agents using synthesis memories make better decisions and require fewer clarification loops.","synthesis"
"I prefer feature branches off main, not off other feature branches.","preference"
"Argon2 is the recommended password hashing algorithm as of 2023.","semantic"
"The first enterprise prospect demoed Sulcus and asked for a pilot.","episodic"
"Reviewing the Sulcus API versioning strategy after 6 months: maintaining v1 and v2 simultaneously has not created significant burden, and the ability to break changes in v2 unblocked several architectural improvements. This validates the versioning investment.","synthesis"
"After analyzing the Sulcus decay parameters across three agent profiles, the optimal lambda values are: episodic 0.05, semantic 0.01, preference 0.02, procedural 0.03, synthesis 0.005. Synthesis memories should decay slowest — they represent distilled insight.","synthesis"
"PR naming convention: feat/feature-name, fix/bug-description, chore/task-name — all lowercase kebab-case.","procedural"
"Restart sequence for Sulcus: validate config first with openclaw doctor, then run openclaw gateway restart.","procedural"
"Dooley does not want automated emails sent without a dry-run preview first.","preference"
"Ran the memory classifier on 1000 synthetic examples — 93 percent accuracy.","episodic"
"Reviewing the Booker competitive set: the incumbents have superior brand awareness but weaker AI features. Booker can win on intelligent scheduling suggestions and agent-driven follow-ups. Feature parity is not the goal — AI differentiation is.","synthesis"
"Deployed the new billing endpoint to production after three staging runs.","episodic"
"The VPS went down at 2am — rebooted fine, uptime restored within 10 minutes.","episodic"
"Ran the Sulcus load test at 1000 concurrent users — p99 was 180ms.","episodic"
"Database backup procedure: run pg_dump -Fc, upload to Azure Blob Storage, verify integrity with pg_restore --list.","procedural"
"Cross-referencing the support tickets with feature usage logs, the churn cluster is almost entirely users who never completed onboarding. The product itself is not the problem — activation is. Fixing the first-run experience will have more impact than any new feature.","synthesis"
"To set up Blue-Green deployment on Container Apps: create two revisions, use traffic splitting, monitor, then shift 100 percent.","procedural"
"To deploy the Sulcus inference service: docker build, tag with the model version, push to ACR, update the Container App.","procedural"
"p99 latency means 99 percent of requests complete within that time.","semantic"
"The weekly newsletter hit 1000 subscribers today.","episodic"
"The Godot build finally compiled without errors after two days of linking issues.","episodic"
"To update the classifier training data: add new examples, re-run balance check, retrain with python train.py, validate metrics.","procedural"
"Reviewing the cold outreach data: the best-converting segment is solo developers building internal tools, not enterprise buyers. They have budget authority, respond quickly, and need less social proof. The ICP should be updated to target this persona first.","synthesis"
"pgvector supports exact and approximate nearest neighbor search.","semantic"
"Model quantization reduces precision from FP32 to INT8 to shrink model size.","semantic"
"To set up Azure Container Apps autoscaling: define scale rules in YAML, set min 0 and max 10 replicas, trigger on HTTP traffic.","procedural"
"Based on analysis of five competing AI assistant tools, the key differentiator for Sulcus is persistence with decay — none of the competitors model forgetting. This is both the hardest thing to build and the most defensible moat. Lean into it in all marketing messaging.","synthesis"
"A CORS preflight OPTIONS request checks if the cross-origin request is allowed.","semantic"
"Rust Option and Result replace exceptions and null with explicit sum types.","semantic"
"The Hugging Face Hub hosts thousands of pre-trained models, datasets, and spaces.","semantic"
"Comparing the two monetization strategies: usage-based pricing aligns with customer value but creates revenue uncertainty. Seat-based pricing is predictable but penalizes power users. A hybrid — base seat fee plus usage tiers — captures both benefits without the downsides of either.","synthesis"
"Set up automated daily backups for the production database.","episodic"
"We benchmarked the Sulcus classifier — 93 percent accuracy with MiniLM embeddings.","episodic"
"Mean pooling averages all token embeddings to produce a fixed-size sentence embedding.","semantic"
"Completed the Sulcus iOS SDK and submitted it to the internal beta.","episodic"
"Prefer explicit memory types over letting the classifier guess everything.","preference"
"Always use named exports, never default exports.","preference"
"Had a 90-minute session with Dooley on the Sulcus pricing page redesign.","episodic"
"I deployed the server at 3pm today.","episodic"
"The Discord bot went offline for 2 hours — a reconnection bug in the gateway.","episodic"
"After running the classifier on 500 real agent memories from production, the model achieves 91 percent accuracy. The main failure mode is conflating procedural with semantic when the text lacks action verbs. A post-processing rule checking for imperative verbs could push accuracy to 94 percent.","synthesis"
"To run the Sulcus full test suite: cargo test --all-features --workspace with four test threads.","procedural"
"Deployed the classifier endpoint and ran the first live inference request.","episodic"
"gRPC uses Protocol Buffers for efficient binary serialization over HTTP/2.","semantic"
"OAuth 2.0 separates resource owner, client, auth server, and resource server roles.","semantic"
"I want type annotations on every Python function signature.","preference"
"Set up monitoring alerts for memory pressure on the Sulcus container.","episodic"
"Use tab width of 4 spaces for all Python code.","preference"
"Fixed the race condition in the Sulcus memory write path — no more duplicate inserts.","episodic"
"Prefer functional components over class components in React.","preference"
"Analyzing the first 90 days of Booker usage, power users book recurring appointments 5x more than casual users. The product core value is in the recurring flow. One-off booking is table stakes, not a differentiator.","synthesis"
"To add a new memory type to Sulcus: update the enum in schema.rs, add migration, update the classifier training data, retrain.","procedural"
"I want PRs to be small and reviewable — under 400 lines changed.","preference"
"Reviewing three months of agent-generated memories, the biggest classification error is labeling procedural steps as semantic facts. The distinction is tense and agency: procedures have actors and verbs; semantics are passive truths.","synthesis"
"ONNX is an open format for representing machine learning models.","semantic"
"To convert timestamps to UTC before storage: always use DateTime<Utc> in Rust, never store local time in the DB.","procedural"
"Always include a human-readable summary in synthesis memories.","preference"
"Synthesizing six months of content production: we spent 80 percent of effort on long-form content that generated 20 percent of leads. Short-form technical content generated 80 percent of leads. Inverting the ratio is the obvious move.","synthesis"
"Ran the Sulcus memory benchmark on the new ARM64 server — 12ms p99 latency.","episodic"
"Set up the Dependabot config for all active repos.","episodic"
"To export a sentence-transformer to ONNX: load the model, create a dummy input, call torch.onnx.export.","procedural"
"The Sulcus iOS companion app connected to the gateway for the first time.","episodic"
"Always include the source agent ID in stored memories for attribution.","preference"
"After analyzing the failure modes across all production incidents in the past 6 months, the common thread is missing retry logic on external API calls. Adding exponential backoff as a default would have prevented 4 of the 6 incidents.","synthesis"
"To export the tokenizer for ONNX inference: save the tokenizer with tokenizer.save_pretrained, load with AutoTokenizer.from_pretrained.","procedural"
"Sentence-transformer models are fine-tuned on NLI and STS benchmark datasets.","semantic"
"Always use a timeout on database queries — never let a query hang indefinitely.","preference"
"A random forest is an ensemble of decision trees that reduces variance via averaging.","semantic"
"KEDA scales containers based on event sources like queue length or CPU.","semantic"
"Synthesizing the benchmark results across six embedding models: the TF-IDF plus logistic regression baseline achieves 84 percent accuracy in 0.5ms. MiniLM-L6-v2 achieves 93 percent in 8ms. The 9 percent accuracy gain justifies the 16x latency increase for non-realtime classification.","synthesis"
"Synthesizing the three architecture proposals for the Sulcus sync backend: the event-sourcing approach gives us the best audit trail and replay capability, but adds operational complexity. Given our team size and timeline, the simpler CRDT-based approach with periodic snapshots is the pragmatic choice.","synthesis"
"Pushed the Sulcus SDK v0.3.0 to PyPI.","episodic"
"To update the Sulcus agent config: edit the YAML profile, validate with the config schema, apply with a rolling restart.","procedural"
"Use Tailwind CSS over styled-components for new projects.","preference"
"Reviewing the Sulcus memory graph after 30 days: episodic nodes decay fastest, semantic nodes remain warm longest, and preference nodes have the highest re-access rate. This validates the thermodynamic model but suggests we need a higher initial heat for procedural memories.","synthesis"
"The Sulcus memory model has five types: episodic, semantic, preference, procedural, synthesis.","semantic"
"To review a PR: checkout the branch, run tests locally, check diff for security issues, leave inline comments, approve or request changes.","procedural"
"Batch normalization stabilizes training by normalizing layer inputs.","semantic"
"A knowledge graph represents entities and their relationships as nodes and edges.","semantic"
"I prefer linear issue tracking over kanban boards — less visual clutter.","preference"
"Merged the CRDT sync branch into main after three days of review.","episodic"
"The CI pipeline time dropped from 12 minutes to 4 after parallelizing test jobs.","episodic"
"Prefer incremental builds and hot reload over full restarts during dev.","preference"
"Shipped the Sulcus changelog digest feature — weekly email of memory highlights.","episodic"
"Completed a performance audit of the Sulcus API — found three N+1 query problems.","episodic"
"Database migration workflow: write the migration SQL, run against staging, verify, then apply to production with a backup taken first.","procedural"
"Reviewing the Warden Godot codebase after 3 months: the core gameplay loop is solid, but 70 percent of bugs come from the same two systems. Fixing these two systems would eliminate most QA cycles.","synthesis"
"Dropout randomly zeros out neuron activations during training.","semantic"
"Ran the first agent-to-agent memory handoff test — memories transferred cleanly.","episodic"
"After reviewing all three sync approaches — CRDT, OT, and manual conflict resolution — CRDT is the best fit for Sulcus. OT requires centralized ordering, which conflicts with our offline-first goal. Manual resolution puts too much burden on clients. CRDTs give us merge-free convergence at the cost of metadata overhead, which is acceptable.","synthesis"
"To configure per-type decay rates: set episodic_lambda=0.05, semantic_lambda=0.01, preference_lambda=0.02 in the agent config.","procedural"
"To publish an npm package: bump version in package.json, run npm publish --access public, tag the release on GitHub.","procedural"
"To set up the Sulcus Python SDK: pip install sulcus-sdk, then configure with the SULCUS_API_KEY environment variable.","procedural"
"To debug a container OOM: check docker stats, inspect logs with docker logs --tail 100, increase memory limit in compose file.","procedural"
"To set up the Sulcus memory namespace: POST to /agents with the namespace parameter, use the returned namespace in all memory inserts.","procedural"
"Had an unexpected insight about thermodynamic memory while reading a physics paper.","episodic"
"Always add trailing commas in multi-line function arguments.","preference"
"Discovered a performance regression introduced 6 commits ago via git bisect.","episodic"
"Use structured error types, not string errors, in Rust.","preference"
"Based on the three-week experiment with different Discord post cadences, daily posts generated the most engagement but also the highest unsubscribe rate. Three posts per week, consistently on Monday/Wednesday/Friday, maximized total reach while keeping churn under 2 percent.","synthesis"
"I want the agent to always confirm before deleting or overwriting memories.","preference"
"To set up the development Postgres: run docker compose up -d db, wait for healthy status, run migrations, seed test data.","procedural"
"A webhook consumer must verify the signature before processing the payload.","semantic"
"I want memories pinned by the agent to bypass decay entirely.","preference"
"Spent the afternoon refactoring the webhook handler — much cleaner now.","episodic"
"Attention heads in a transformer learn different aspects of token relationships.","semantic"
"I want all external API calls wrapped in a retry policy with backoff.","preference"
"We implemented the CRDT sync for Sulcus last week — offline writes now merge correctly.","episodic"
"After analyzing five product bets from Q1: three shipped on time, one was cancelled due to user research invalidating the assumption, one is 3 weeks behind. The cancelled bet saved 6 weeks of build time. The early user interview was the highest-ROI activity of the quarter.","synthesis"
"After analyzing three months of newsletter performance, the optimal send cadence is once per week on Tuesday at 9am PST. Daily sends cause 8 percent weekly unsubscribe rate. Weekly sends maintain under 0.5 percent churn with consistent 40 percent open rates.","synthesis"
"Caught a memory leak in the Rust server during load testing.","episodic"
"To generate a memory type distribution report: GROUP BY type, count rows, compute percentages, compare to expected.","procedural"
"Always back up before running any destructive database migration.","preference"
"The newsletter A/B test results over 3 weeks show: subject line personalization lifts open rate by 12 percent, sending on Tuesday vs Thursday makes no measurable difference, and including a single CTA outperforms three CTAs by 23 percent on click-through rate.","synthesis"
"CORS controls which origins can make browser requests to a server.","semantic"
"The container image size dropped from 1.2GB to 340MB after switching to distroless.","episodic"
"To shrink a Docker image: remove build tools in the final stage, run apt-get clean, use .dockerignore aggressively.","procedural"
"To analyze a customer churn spike: pull cohort data, segment by plan and acquisition channel, check for product changes that week.","procedural"
"Set up the Sulcus Tailscale mesh on the production node cluster today.","episodic"
"Fixed a Unicode normalization bug in the memory text indexer.","episodic"
"After reviewing the Booker feature roadmap against user demand signals, the highest-value next feature is recurring appointment templates, not the requested calendar integration improvements.","synthesis"
"A soft delete preserves the record but marks it as deleted.","semantic"
"I prefer canary deployments for risky changes — roll out to 5 percent first.","preference"
"WASM is a binary instruction format for safe sandboxed execution.","semantic"
"Based on the load test results across three configurations, the async Rust server with connection pooling at size 20 outperforms both the sync baseline and the larger pool size. The sweet spot balances throughput and database contention.","synthesis"
"A random seed ensures reproducible train/test splits and model initialization.","semantic"
"The Rust server binary size dropped from 80MB to 12MB after stripping debug symbols.","episodic"
"Ran the first customer interview for Booker with a yoga instructor in Vancouver.","episodic"
"I want all logs to include a request ID for tracing.","preference"
"ONNX model inputs must match the expected dtype and shape exactly.","semantic"
"The technical debt audit synthesis: 40 percent of open debt is in the auth module, 35 percent in the memory insertion path, 25 percent in the test suite. Paydown order: auth first, then retry logic, then tests.","synthesis"
"To force a decay recalculation: update last_calculated_at to a past date for the target memory, the next read recomputes.","procedural"
"Discussed the pivot from B2C to B2B with the team today.","episodic"
"Prefer storing synthesis memories only when there is a genuine new conclusion.","preference"
"Reviewing the Sulcus memory type classifier performance by domain: it performs best on software engineering text at 95 percent accuracy and worst on personal/lifestyle text at 82 percent. Adding more personal domain examples is the highest-priority data augmentation task.","synthesis"
"The OpenClaw Discord bot celebrated its 1-year anniversary with Dooley.","episodic"
"Never run the memory classifier synchronously in the hot path — use a background queue.","preference"
"I want synthesis memories to include the IDs of the source memories they drew from.","preference"
"The all-MiniLM-L6-v2 model produces 384-dimensional sentence embeddings.","semantic"
"PostgreSQL default port is 5432.","semantic"
"To run a canary deployment: tag the new image, set traffic weight to 5 percent, monitor error rate for 30 minutes, increase if healthy.","procedural"
"To add a new Discord bot command: define the slash command in config, register it via the API, implement the handler, test in staging guild.","procedural"
"Migrated the auth service to use Azure Entra ID instead of a custom JWT implementation.","episodic"
"Migrated the Sulcus database from SQLite to PostgreSQL last night.","episodic"
"Had a sync call with the Azure account team about upcoming credit usage.","episodic"
"A service account in Kubernetes provides an identity for pods to call the API server.","semantic"
"After three benchmark runs with different memory configurations, the PostgreSQL EXPLAIN ANALYZE confirms the bottleneck is sequential scans on the memory_nodes table without the composite index. Adding the index on agent_id and heat reduces query time from 340ms to 4ms.","synthesis"
"The Sulcus API accepts memories as UTF-8 encoded plain text strings.","semantic"
"To run a load test: deploy the service, run k6 run load_test.js --vus 100 --duration 60s, report p99 and error rate.","procedural"
"Semantic versioning: MAJOR.MINOR.PATCH — breaking, features, bug fixes.","semantic"
"Stripe webhooks require HMAC-SHA256 signature verification.","semantic"
"gzip compresses text efficiently — JSON payloads typically shrink by 80 percent.","semantic"
"The Booker mobile app launched on Android with 50 installs on day one.","episodic"
"Softmax converts raw logits to a probability distribution over output classes.","semantic"
"After benchmarking six different CI pipeline configurations, the fastest and most reliable setup is: lint in parallel with test, build after both pass, deploy only on main. Saves 4 minutes per run and catches more regressions earlier.","synthesis"
"Index foreign keys — always. Do not make Postgres do full scans on joins.","preference"
"I would rather ship something 80 percent good than wait for perfect.","preference"
"GitHub Dependabot automatically opens PRs to update vulnerable dependencies.","semantic"
"To validate API input in Rust: use serde to deserialize, run validation logic, return 400 with structured error on failure.","procedural"
"Use pnpm instead of npm or yarn for package management.","preference"
"I prefer explicit transaction boundaries over implicit auto-commit.","preference"
"The onnxruntime Python package runs ONNX models with multiple execution providers.","semantic"
"The first enterprise customer signed a 12-month contract for Sulcus.","episodic"
"Fixed the rate limiter that was blocking legitimate API traffic during peaks.","episodic"
"I prefer the terminal over GUIs for file management.","preference"
"Had a breakthrough on the thermodynamic decay algorithm — removed the magic constant.","episodic"
"To run the Sulcus integration test suite: start docker compose, wait for healthy, run pytest tests/integration/, tear down.","procedural"
"SSH config for the VPS: add a Host entry with ProxyJump via the bastion, IdentityFile pointing to the forge key.","procedural"
"WireGuard uses Curve25519 for key exchange and ChaCha20-Poly1305 for encryption.","semantic"
"Incident response: acknowledge the alert, check metrics, identify root cause, apply fix, validate in production, write a post-mortem.","procedural"
"To run a batch memory re-classification: load the ONNX model, iterate all memories, update type and confidence, commit in batches of 1000.","procedural"
"To extract the top-k memories by heat: SELECT * FROM memories WHERE agent_id matches ORDER BY heat DESC LIMIT k.","procedural"
"Dooley prefers agents that acknowledge uncertainty rather than guessing confidently.","preference"
"Ran the weekly standup and identified a critical blocker in the sync module.","episodic"
"Always delete feature branches after merge — do not let the repo get cluttered.","preference"
"After reviewing six months of classifier performance in production, the model degrades by approximately 2 percent accuracy per month as language drift occurs. Retraining quarterly with fresh production examples maintains accuracy above 90 percent.","synthesis"
"Memory decay job: for each node, compute new_heat = initial_heat * e^(-lambda * days_since_access), update DB.","procedural"
"To benchmark inference latency: run 1000 iterations, drop the first 100 as warmup, report p50/p95/p99.","procedural"
"Pushed the experimental memory heat visualization to the staging branch.","episodic"
"Always gracefully shut down background tasks on SIGTERM.","preference"
"After reviewing four memory deduplication strategies, the embedding cosine similarity threshold of 0.92 gives the best precision/recall tradeoff: 94 percent precision and 87 percent recall. Lower thresholds cause false merges; higher thresholds miss real duplicates.","synthesis"
"I want memory confidence scores surfaced alongside retrieval results.","preference"
"The Booker calendar export feature shipped to all users.","episodic"
"The Sulcus API uses bearer token authentication for all endpoints.","semantic"
"The weekly digest email triggered at the wrong time due to a TZ bug.","episodic"
"The onboarding funnel analysis shows: 100 signups, 70 complete email verification, 45 connect calendar, 30 create first booking link, 15 share the link, 8 get a booking. The biggest drop is between creating a link and sharing it — the friction is psychological, not technical.","synthesis"
"Onboarded a new freelancer to the Booker project today.","episodic"
"To add a new field to a memory node: write the migration, update the Rust struct, update the API serializer, redeploy.","procedural"
"To generate a weekly memory digest: query top memories by access count, format as bullet list, email to the agent owner.","procedural"
"Memory node IDs in Sulcus are UUIDs generated at insertion time.","semantic"
"Prefer async/await over raw promises in TypeScript.","preference"
"Use absolute imports, not relative ones — more readable in large codebases.","preference"
"The serde_json crate serializes and deserializes Rust types to and from JSON.","semantic"
"Use structured logging in JSON instead of plain text logs in production.","preference"
"Rewrote the memory insertion logic in Rust — 4x throughput improvement.","episodic"
"To set up Tailscale exit node: run tailscale up --advertise-exit-node on the server, enable in the admin console.","procedural"
"I want the ONNX classifier to run in under 10ms on a modern laptop CPU.","preference"
"Got a DM from a potential enterprise customer — scheduled a discovery call.","episodic"
"Newsletter send process: finalize copy, test-send to internal list, check renders in Gmail and Apple Mail, schedule for 9am Tuesday PST.","procedural"
"After analyzing five quarters of product decisions, decisions made with user interview data outperform intuition-driven decisions 4:1 on key retention metrics. We need a structured interview cadence.","synthesis"
"Had a productive pair programming session on the memory merge algorithm.","episodic"
"A B-tree index in PostgreSQL supports equality and range queries efficiently.","semantic"
"Pushed the dark mode implementation to staging — looks great.","episodic"
"Episodic memory refers to autobiographical, time-bound experiences.","semantic"
"Shipped a hotfix for the auth token refresh race condition.","episodic"
"After reviewing the Sulcus cold storage migration, memories archived before 90 days of dormancy were never retrieved after archival. Setting the threshold to 60 days would reduce storage cost by 35 percent with no measurable impact on retrieval quality.","synthesis"
"The classifier false-positive rate for preference dropped to 8 percent after retraining.","episodic"
"YouTube Shorts pipeline: generate script with AI, record or generate video, add captions, upload as Short, post to Discord for review.","procedural"
"SHA-256 produces a 256-bit hash output.","semantic"
"Dooley prefers short, punchy Discord messages — no walls of text.","preference"
"To generate a changelog: run git log --oneline since last tag, group by feat/fix/chore prefix, format as Markdown.","procedural"
"I like to run a quick smoke test after every deployment before closing the ticket.","preference"
"Reviewing the classifier training results: precision is high on semantic and episodic, but preference and procedural overlap significantly. The ambiguous cases such as I always do X are causing most of the confusion. Adding more edge-case examples to training data should resolve this.","synthesis"
"Reviewing the competitive pricing landscape: Mem0 charges per memory operation, Zep charges flat monthly. Sulcus thermodynamic model delivers more value at a price point that undercuts Zep while positioning above commodity.","synthesis"
"I prefer Grafana over custom dashboards — battle-tested and shareable.","preference"
"To rotate an API key: generate the new key in the provider dashboard, update the secret in the vault, redeploy the service, revoke the old key.","procedural"
"The infrastructure cost optimization review found three immediate wins: moving dev environment to scale-to-zero saves $800 per month, switching log retention from 90 to 30 days saves $200 per month, removing idle Container App replicas saves $400 per month. Total: $1400 per month saved.","synthesis"
"OpenTelemetry provides vendor-neutral instrumentation for traces, metrics, and logs.","semantic"
"Opened a PR for the tokenizer fix and requested review from Daedalus.","episodic"
"I want all API responses to use camelCase field names, not snake_case.","preference"
"To rotate the Sulcus signing key: generate a new key pair, update the config, rolling-restart the API, revoke the old key.","procedural"
"Staging environments should mirror production in configuration and data shape.","semantic"
"An advisory lock in PostgreSQL is application-defined and not tied to a table row.","semantic"
"I want the Sulcus heat to reset partially on access, not fully — decay should reward recency.","preference"
"The Booker conversion rate improved from 2.1 to 3.8 percent after simplifying onboarding.","episodic"
"The customer interview synthesis across 8 participants reveals one consistent theme: users want to know WHY a memory surfaced, not just what the memory is. Trust and transparency are the missing features, not raw functionality.","synthesis"
"Completed the Stripe webhook idempotency fix — no more double-fires.","episodic"
"Completed the first Sulcus API integration with an external OpenClaw agent.","episodic"
"Weight decay adds an L2 penalty to the loss to prevent overfitting.","semantic"
"Ran the first real-world test of the ONNX classifier on a macOS M3 chip.","episodic"
"A confusion matrix shows predicted vs actual class counts for a classifier.","semantic"
"A softmax output vector sums to 1.0, representing class probabilities.","semantic"
"Truncation clips sequences that exceed the model max input length.","semantic"
"Completed the refactor of the memory search endpoint to use vector similarity.","episodic"
"I prefer rebase over merge commits — keeps history linear and bisectable.","preference"
"A materialized view must be refreshed explicitly to reflect underlying data changes.","semantic"
"The meeting with Bob went well — we aligned on the Q2 roadmap.","episodic"
"Daedalus pushed a breaking change to the Rust server at 4pm — hotfixed in 20 minutes.","episodic"
"SSL certificate renewal: run certbot renew, verify the new cert dates, reload nginx with systemctl reload nginx.","procedural"
"Synthesizing the memory classifier evaluation after retraining with 1500 examples: accuracy improved from 91 to 95 percent. The biggest gains were in the procedural/preference boundary — 18 additional contrastive examples resolved most of the confusion.","synthesis"
"Synthesizing 90 days of subagent performance data: subagents with tightly scoped tasks complete faster and with higher quality than open-ended agents. The optimal task size is one clear deliverable that can be completed in under 10 minutes of wall clock time.","synthesis"
"Daedalus completed the Rust server rewrite — 3x improvement in memory efficiency.","episodic"
"Newsletter production process: write draft, review tone with Claude, check for typos, export to Markdown, publish via Ghost API.","procedural"
"The CLS token in BERT aggregates sequence-level information for classification.","semantic"
"To add a new synthesis trigger: define the cluster_size threshold, the similarity threshold, and the minimum memory age.","procedural"
"Completed the v1.0 release of Sulcus after 14 months of development.","episodic"
"The post-mortem synthesis from three production incidents reveals a single root cause pattern: all three were caused by missing input validation at the API boundary. A shared validation middleware would have prevented all of them.","synthesis"
"Batch size controls how many samples are processed in each gradient update step.","semantic"
"FastAPI generates OpenAPI docs automatically from Python type annotations.","semantic"
"Prefer server-side rendering for SEO-critical pages.","preference"
"Always emit metrics for every background job: duration, success, failure counts.","preference"
"HNSW is an efficient graph-based approximate nearest neighbor index.","semantic"
"Dooley reviewed and approved the new onboarding flow wireframes.","episodic"
"I prefer embedding-based search over keyword search for memory retrieval.","preference"
"To add a new label to the Sulcus classifier: add examples to training_data.csv, update the label map, retrain, re-export ONNX.","procedural"
"I prefer Go for CLI tools, Rust for servers, TypeScript for web.","preference"
"The Booker SDK for JavaScript was published to npm with 50 downloads on day one.","episodic"
"Discovered that the React query cache was invalidating too aggressively.","episodic"
"The first Sulcus customer churned today — exit interview revealed onboarding confusion.","episodic"
"The failed product launch post-mortem reveals three root causes: pricing was 40 percent above what the market would bear, the onboarding had 7 steps where 3 would have sufficed, and we launched on a Friday before a long weekend. None of these required building more features.","synthesis"
"Synthesizing user feedback from 15 beta testers: the number one requested feature is memory search by topic, not keyword. They want semantic search. The number two request is memory deletion. Both are already on the roadmap.","synthesis"
"Completed the first successful cold email campaign — 3 replies out of 80 sent.","episodic"
"To set up automated memory synthesis: define the trigger, schedule nightly, review output before committing.","procedural"
"Shipped the first version of the Sulcus Python SDK to PyPI.","episodic"
"A Pipeline in scikit-learn chains preprocessing and model steps into one object.","semantic"
"The CAP theorem: distributed systems can guarantee only two of consistency, availability, partition tolerance.","semantic"
"Pydantic validates data and enforces types at runtime.","semantic"
"Set up Grafana dashboards for the Sulcus classifier inference endpoint.","episodic"
"The first payment from a real customer hit the Stripe dashboard.","episodic"
"A B-tree index is unsuitable for full-text search — use GIN or GiST for that.","semantic"
"Always use BiSolid icons from the react-icons library.","preference"
"Azure Container Apps is a serverless container hosting platform on Kubernetes.","semantic"
"Completed the Stripe billing portal integration — customers can now self-serve.","episodic"
"Found a hardcoded API key in the repo today — revoked it and rotated all keys.","episodic"
"Actix-web is a high-performance Rust web framework.","semantic"
"Reviewing the agent memory behavior patterns across 10 different OpenClaw users, the most valuable memories are the ones that capture decision rationale, not just outcomes. Memories of the form we chose X because Y are 3x more likely to be retrieved and acted upon.","synthesis"
"Rate limit implementation: use a Redis sorted set with scores as timestamps, trim old entries, count within the window.","procedural"
"LLM context windows limit how much text can be processed in a single inference call.","semantic"
"Always store the model version that classified a memory for auditability.","preference"
"The macro-averaged F1 treats all classes equally regardless of support size.","semantic"
"I want connection pool sizes tuned per service, not left at defaults.","preference"
"To run the Sulcus classifier locally: install requirements.txt, run python classify.py with your text argument.","procedural"
"The Rust borrow checker enforces ownership rules at compile time, not runtime.","semantic"
"Blog post workflow: draft in Obsidian, paste to Claude for editing, review tone, export to Markdown, publish via Ghost API.","procedural"
"A Rust workspace allows multiple crates to share a single Cargo.lock.","semantic"
"Always validate the memory text is non-empty and under 4096 characters before inserting.","preference"
"Data export workflow: query the database, stream rows to a CSV writer, compress with gzip, upload to Blob Storage.","procedural"
"Azure Key Vault stores secrets and certificates with RBAC access control.","semantic"
"Exponential backoff with jitter reduces thundering herd effects on retry storms.","semantic"
"Ran the benchmark suite for the first time and all tests passed.","episodic"
"I want API errors to return consistent JSON with error and code fields.","preference"
"Prefer Markdown for all documentation — it renders everywhere.","preference"
"I always want a runbook linked from every alert — no alert without a response plan.","preference"
"The Sulcus API rate limit is 100 requests per minute per API key.","semantic"
"Use semantic commit messages — they enable automated changelog generation.","preference"
"Criterion.rs provides statistically rigorous benchmarking for Rust code.","semantic"
"We skipped staging for the hotfix last Thursday and it caused a 20-minute outage.","episodic"
"The PostgreSQL container crashed due to an OOM kill — restarted with 4GB limit.","episodic"
"I want synthesis memories tagged with the source node IDs they drew from.","preference"
"We set up the Sulcus production environment on Azure today.","episodic"
"A pre-trained language model captures statistical patterns from large text corpora.","semantic"
"Rust Option<T> represents a value that may or may not be present.","semantic"
"The Adam optimizer adapts learning rates per parameter using gradient moments.","semantic"
"GitHub Actions workflows are YAML files in the .github/workflows directory.","semantic"
"Embeddings are dense vector representations of discrete objects like words.","semantic"
"StandardScaler normalizes features to zero mean and unit variance.","semantic"
"To bulk insert memories efficiently: batch into groups of 1000, use a single INSERT with multiple value rows.","procedural"
"To debug a failing ONNX inference: print input shapes and dtypes, compare to the model expected input spec.","procedural"
"OAuth scopes restrict which resources a token is permitted to access.","semantic"
"To verify the ONNX model export: load the model, run a known input, compare the output to the original model prediction.","procedural"
"To implement a memory freshness score: combine heat and recency — freshness = heat * recency_weight + access_count_weight.","procedural"
"To create a Stripe price: use the API to create a Product, then create a Price with the recurring interval and amount.","procedural"
"Comparing the performance of five vector search indexes: HNSW outperforms IVFFlat by 30 percent on recall@10 at equivalent query latency. The index build time is 5x longer but only paid once.","synthesis"
"To set up a PostgreSQL health check: define a liveness probe that runs SELECT 1, fail after 3 consecutive failures.","procedural"
"To generate the label map for the ONNX classifier: create a JSON mapping from integer indices to class names, save as label_map.json.","procedural"
"Always include an updated_at timestamp on database records.","preference"
"Ran a retrospective on the failed product launch — three root causes identified.","episodic"
"A train/validation/test split prevents data leakage and measures generalization.","semantic"
"The Sulcus cold storage archive stores dormant memories in Azure Blob with lifecycle management.","semantic"
"OpenClaw supports multiple runtime execution providers: sandbox, host, and node.","semantic"
"To validate an ONNX model: load it, check input and output shapes, run a sanity inference, compare to the original model.","procedural"
"After comparing the cold email response rates across three sender personas, the founder persona gets 2x the response rate. Authenticity and seniority both matter. All outreach should come from Dooley directly.","synthesis"
"Use CODEOWNERS to auto-assign reviewers for sensitive areas of the codebase.","preference"
"SQLite WAL mode enables concurrent reads while a write is in progress.","semantic"
"I prefer to review suggested synthesis memories before they are committed.","preference"
"To generate a Sulcus API key: POST to /api-keys with the agent_id, store the returned key securely, never log it.","procedural"
"Always use async/await over .then chains — much easier to reason about.","preference"
"To create a test agent profile: POST to /agents with name, namespace, and decay config, store the returned API key.","procedural"
"I want Docker images tagged with both the git SHA and semantic version.","preference"
"JWT tokens are stateless — the server does not need to store session data.","semantic"
"Always include a Makefile with common commands for new projects.","preference"
"Wrote and published the first technical blog post about the Sulcus decay model.","episodic"
"I want all agents to log their decisions, not just their actions.","preference"
"To create an Azure resource group: run az group create with the name and location arguments.","procedural"
"Completed training of the ONNX classifier — 94.1 percent accuracy on test set.","episodic"
"A circuit breaker has three states: closed, open, and half-open.","semantic"
"Avoid storing personally identifiable information in memory nodes.","preference"
"To set up environment variables in Azure Container Apps: use az containerapp env set, or define in the YAML spec and redeploy.","procedural"
"A vector similarity search finds the K nearest neighbors in embedding space.","semantic"
"I prefer the memory classifier to be deterministic — no randomness at inference time.","preference"
"A classification report in scikit-learn shows precision, recall, and F1 per class.","semantic"
"Finished reading The Mom Test — changed how I think about user interviews.","episodic"
"Completed the first automated synthesis memory quality review.","episodic"
"Rust Result<T, E> encodes success or failure explicitly in the type system.","semantic"
"Cold email process: research the prospect, write a personalized first line, keep it under 100 words, follow up once after 5 days.","procedural"
"Label smoothing improves calibration by softening one-hot targets.","semantic"
"Thermodynamic memory decay follows an exponential model similar to radioactive decay.","semantic"
"The memory type classifier training run completed in 4 minutes on an M3 MacBook Pro.","episodic"
"Use zsh as the default shell on all machines.","preference"
"After six weeks of running cold email campaigns, the pattern is clear: personalized first lines with a specific pain point get 3x the reply rate of generic intros. Subject lines under 6 words consistently outperform longer ones. The sweet spot is 80 to 100 words total.","synthesis"
"Sentence-transformers use mean pooling over token embeddings by default.","semantic"
"Got the Sulcus repo to compile without any Clippy warnings for the first time.","episodic"
"Set up Tailscale on the new Mac Mini and connected it to the mesh.","episodic"
"Feature flags decouple code deployment from feature release.","semantic"
"Spaced repetition exploits the spacing effect to maximize long-term retention.","semantic"
"TCP is connection-oriented; UDP is connectionless.","semantic"
"To check for slow queries in Postgres: query pg_stat_statements, sort by mean_exec_time, identify queries over 100ms.","procedural"
"The new Sulcus indexing strategy reduced memory lookup from 200ms to 12ms.","episodic"
"The first external contributor opened a PR on the Sulcus repo today.","episodic"
"The Azure credits burn rate analysis shows we are consuming $8K per month at current scale. At this rate we will exhaust credits before the April 2026 deadline. We need to either reduce compute or generate $8K per month revenue within 60 days.","synthesis"
"After reviewing the first month of Sulcus production data, memory heat distribution follows a power law: 20 percent of memories account for 80 percent of accesses. This validates the thermodynamic model and suggests aggressive caching of hot memories.","synthesis"
"To generate a test dataset for the classifier: write examples for each class, vary length and domain, save as CSV.","procedural"
"The Sulcus API design review against REST principles identified three deviations: using POST for reads, inconsistent error format, and missing pagination on list endpoints. All three are breaking changes — plan for v2.","synthesis"
"To monitor the memory classifier in production: log input length, predicted label, and confidence for every request.","procedural"
"The OpenClaw companion app paired with the Mac gateway on the first attempt.","episodic"
"The Booker landing page redesign went live — bounce rate dropped immediately.","episodic"
"We shipped the MVP to a small beta group of 12 users.","episodic"
"The capital of France is Paris.","semantic"
"The agent coordination analysis across the Sulcus and Booker projects shows that the biggest time waste is re-discovering context that was already known. Agents with access to their previous session memories complete follow-up tasks 60 percent faster.","synthesis"
"The Warden Godot refactor branch compiled for the first time after 3 weeks of work.","episodic"
"Prefer convention over configuration — sensible defaults reduce friction.","preference"
"The PostgreSQL VACUUM job ran for 6 hours and finally finished.","episodic"
"Fixed the Docker entrypoint that was ignoring environment variable overrides.","episodic"
"A subagent in OpenClaw is an isolated session spawned by a parent agent.","semantic"
"Prefer linear git history with squash commits on merge.","preference"
"Azure Container Apps supports revision-based traffic splitting for canary deployments.","semantic"
"To rotate a JWT signing key: generate a new key, add it to the accepted set, remove the old key after 24 hours.","procedural"
"Rate limiting protects services from abuse by capping requests per time window.","semantic"
"The Warden Godot refactor analysis shows the codebase has significant coupling between game state and rendering logic. Decoupling these would require touching 60 percent of the codebase. A phased approach is lower risk than a big-bang rewrite.","synthesis"
"Use health check endpoints at /health with a standard response format.","preference"
"An agent namespace in Sulcus isolates memory nodes from other agents.","semantic"
"A warmup schedule gradually increases the learning rate at the start of training.","semantic"
"Class imbalance can be addressed with oversampling, undersampling, or class weights.","semantic"
"The Azure credit usage report confirmed we are 18 percent under our monthly budget.","episodic"
"Always set USER nonroot in Dockerfiles — do not run as root in containers.","preference"
"The Warden QA playtest session ran for 2 hours — found 7 reproducible bugs.","episodic"
"Always code-review before merging — no solo pushes to main.","preference"
"Completed the Sulcus pricing strategy review with Dooley — moving to freemium.","episodic"
"To onboard a new agent: create the agent profile, assign a memory namespace, configure decay parameters, issue an API key.","procedural"
"Had a retrospective on the sprint — team velocity improved by 20 percent.","episodic"
"Always document the why, not just the what, in code comments.","preference"
"To migrate a secret to the vault: add to Azure Key Vault, update the container app managed identity access policy, reference via env.","procedural"
"The retrospective on the Q1 sprint shows our velocity was consistently lower than estimated because we underestimated integration testing time by 2x. Going forward, estimates should include an explicit integration test budget as a separate line item.","synthesis"
"Always add NOT NULL constraints where nullability is not explicitly needed.","preference"
"Shipped the Stripe webhook handler at midnight and it worked first try.","episodic"
"I dislike unnecessary abstraction layers — keep it flat when possible.","preference"
"Redis supports strings, hashes, lists, sets, and sorted sets.","semantic"
"Set up the Azure CDN for static assets — load times dropped by 60 percent.","episodic"
"Always write a PR description with context, what changed, and how to test it.","preference"
"Tailscale is built on WireGuard and implements a mesh VPN.","semantic"
"Every new route deployed to production: add it to the smoke test script before the deployment completes.","procedural"
"I want the landing page to load in under 2 seconds on a 3G connection.","preference"
"An ONNX model graph consists of nodes, inputs, outputs, and initializers.","semantic"
"I want the Sulcus memory API to support batch inserts — one network round trip for many memories.","preference"
"I do not want to use Redux — prefer React Query or Zustand for state.","preference"
"Cross-entropy loss is the standard loss function for multi-class classification.","semantic"
"A service mesh handles mTLS, retries, and circuit breaking at the network layer.","semantic"
"Precision measures the fraction of positive predictions that were actually correct.","semantic"
"Dooley and I had a disagreement about the pricing model — resolved after 30 minutes.","episodic"
"Use log sampling in high-volume services — do not blow up the log budget.","preference"
"Temperature in language model sampling controls the randomness of token selection.","semantic"
"To configure the Sulcus test fixtures: create a test_agent profile, insert a set of known memories, verify retrieval.","procedural"
"Completed the first integration test for the Sulcus CRDT sync.","episodic"
"An API gateway handles auth, rate limiting, and routing for backend services.","semantic"
"The Ebbinghaus forgetting curve describes exponential decay of memory retention.","semantic"
"Ran the Sulcus memory deduplication job — removed 2400 redundant nodes.","episodic"
"Use PostgreSQL over MySQL for all new backend projects.","preference"
"Prefer database-level constraints over application-level validation for critical invariants.","preference"
"Prefer concise memory text — no filler words, no passive voice.","preference"
"After analyzing the Azure credit burn across all services, the top three cost drivers are: GPU inference at 42 percent, database storage at 28 percent, and egress bandwidth at 19 percent. Switching inference to CPU ONNX eliminates the GPU cost entirely.","synthesis"
"Finished setting up the CI/CD pipeline for the Sulcus Rust core.","episodic"
"The serde crate provides serialization and deserialization for Rust.","semantic"
"Had a productive three-hour deep work session on the classifier training pipeline.","episodic"
"The tokio runtime uses a work-stealing thread pool for async task scheduling.","semantic"
"A dead-letter queue captures messages that could not be processed successfully.","semantic"
"Ran a post-mortem on the double-billing incident — five action items identified.","episodic"
"Fixed the timezone bug causing the daily digest to send at 2am instead of 9am.","episodic"
"Attended the Azure AI hackathon virtually — great ideas from the community.","episodic"
"I always want the agent to summarize what it did at the end of a long session.","preference"
"PostgreSQL EXPLAIN ANALYZE shows the actual execution plan and row counts.","semantic"
"Residual connections allow gradients to flow through deep networks without vanishing.","semantic"
"Distroless images contain only the application and its runtime dependencies.","semantic"
"The client rejected the first design mockup — wanted something more minimal.","episodic"
"Always include a docstring on public functions.","preference"
"DistilBERT is a smaller, faster BERT trained via knowledge distillation.","semantic"
"A LRU cache evicts the least recently used item when capacity is reached.","semantic"
"Cold start optimization: pre-warm the ONNX Runtime session at startup, not on first request.","procedural"
"I prefer one PR per issue — do not bundle unrelated changes.","preference"
"Never merge memories automatically without a confidence threshold of 0.85 or higher.","preference"
"The memory type ambiguity analysis across 1000 production examples identifies 7 consistent edge cases where human labelers disagree: I always X (preference vs procedural), We X yesterday (episodic vs procedural), X is best because Y (semantic vs synthesis).","synthesis"
"After reviewing the Sulcus architecture decisions from the past 6 months: the three best decisions were using Rust for the server, PostgreSQL plus pgvector, and ONNX for the classifier. The worst decision was the custom JWT implementation.","synthesis"
"TDD reduces defect density by 40 to 80 percent according to industry studies.","semantic"
"The Rust Cargo build --release flag enables LTO and dead code elimination.","semantic"
"Use ISO 8601 for all date/time formats in APIs.","preference"
"Completed the Sulcus API gateway migration from nginx to Caddy.","episodic"
"Use pre-commit hooks for linting and formatting — catch issues before push.","preference"
"I like monorepos for related projects — easier cross-package refactoring.","preference"
"Always validate ONNX model outputs against expected ranges before shipping.","preference"
"Prefer immutable data structures by default.","preference"
"The pg_dump utility creates a logical backup of a PostgreSQL database.","semantic"
"Prefer idiomatic Rust over clever tricks — readability wins.","preference"
"I want every new route to have an integration test before it ships.","preference"
"To merge duplicate memories: identify by cosine similarity above 0.95, keep the higher-heat node, merge tags, delete the other.","procedural"
"To add a retry wrapper in Python: use the tenacity library, decorate the function with retry(stop=stop_after_attempt(3), wait=wait_exponential()).","procedural"
"Resolved the memory leak in the Rust server after bisecting 3 days of commits.","episodic"
"I prefer horizontal scaling over vertical — it adds fault tolerance.","preference"
"The load balancer health check started failing due to slow cold starts.","episodic"
"Dooley prefers the classifier to default to semantic when confidence is below threshold.","preference"
"Fixed the Sulcus bulk insert that was creating duplicate memories.","episodic"
"Use idempotent migrations — safe to run multiple times.","preference"
"Prefer lazy decay computation on read, not eager background jobs.","preference"
"To measure embedding inference speed: use perf_counter before and after the encode call, average over 1000 runs.","procedural"
"Presented the Sulcus demo at the internal product review and got good feedback.","episodic"
"Layer normalization normalizes across the feature dimension.","semantic"
"Prefer minimal UI — remove chrome, borders, and decorations where possible.","preference"
"Had the first incident requiring a full rollback — deployment reverted in 8 minutes.","episodic"
"Ran out of Azure blob storage quota and had to request an increase.","episodic"
"To re-classify existing memories: run batch inference with the new ONNX model, update type field, log changes for review.","procedural"
"To set up GitHub Actions for Rust: install stable toolchain, run cargo fmt --check, cargo clippy, cargo test.","procedural"
"The memory type determines decay rate, retrieval priority, and how memories merge.","semantic"
"I want the agent to ask before making irreversible changes — always.","preference"
"The learning rate controls the step size during gradient descent optimization.","semantic"
"To set up a new CI workflow: create a YAML file in .github/workflows/, define triggers, jobs, and steps, push and verify.","procedural"
"The agent completed a 4-hour autonomous session and stored 34 coherent memories.","episodic"
"To convert a scikit-learn pipeline to ONNX: fit the pipeline, call convert_sklearn with the input type, save.","procedural"
"Always add request timeouts — never let a slow upstream hang indefinitely.","preference"
"The Booker app passed App Store review after two rejections.","episodic"
"Prefer paging to email for P0 incidents — email is too slow.","preference"
"Retrieval-Augmented Generation injects retrieved documents into LLM context.","semantic"
"Completed the GDPR compliance audit — identified two data retention issues to fix.","episodic"
"After three rounds of user testing on the Sulcus onboarding flow, the optimal sequence is: sign up, get API key, store first memory, see it retrieved. Every additional step reduces completion by 15 percent.","synthesis"
"Finished the competitive analysis deck for the investor update.","episodic"
"k-fold cross-validation averages performance across k different splits.","semantic"
"CRDTs allow distributed state to merge without central coordination.","semantic"
"A memory node type determines its initial heat, decay rate, and retrieval priority.","semantic"
"To add a new integration test: create the test file, use a test database fixture, run with cargo test with one test thread.","procedural"
"Docker layer caching reuses unchanged layers to speed up image builds.","semantic"
"The Sulcus test suite reached 80 percent code coverage milestone.","episodic"
"The Sulcus heat decay is computed on read, not on a background schedule.","semantic"
"Codex session workflow: spawn with runtime:acp, set thread:true, define the task clearly, wait for push-based completion.","procedural"
"Memory insert flow: receive text, run classifier, assign type and initial heat, write to DB, return the node ID.","procedural"
"I prefer the agent to store procedural memories in imperative form.","preference"
"PgBouncer supports session, transaction, and statement pooling modes.","semantic"
"The newsletter open rate hit 50 percent for the first time.","episodic"
"To set up a read replica in Postgres: configure streaming replication, route read queries to the replica, writes to primary.","procedural"
"The demo crashed during the investor call. Embarrassing but recoverable.","episodic"
"To add a memory tag: PATCH /memories/{id} with the tags array, tags are used for filtering and clustering.","procedural"
"I want dashboards for every service — blind spots cause incidents.","preference"
"WebSockets provide full-duplex communication over a single TCP connection.","semantic"
"To resolve a merge conflict: check out the branch, run git merge main, resolve each conflict, git add, git commit.","procedural"
"After analyzing five failed product launches across our portfolio, the common thread is premature scaling: all five invested in infrastructure before validating core retention. The next launch will not scale until we have 30-day retention above 40 percent.","synthesis"
"I want migration files named with timestamps, not sequential numbers.","preference"
"A ULID is a universally unique lexicographically sortable identifier.","semantic"
"To implement idempotent webhook handling: extract the event ID, check a processed_events table, skip if already seen.","procedural"
"Keep secrets in environment variables, never hardcode them.","preference"
"Padding in tokenization ensures all sequences in a batch have equal length.","semantic"
"Cosine distance is 1 minus cosine similarity.","semantic"
"The Booker recurring appointment feature launched and drove 30 percent more bookings.","episodic"
"Never auto-archive memories that have been accessed in the last 7 days.","preference"
"Always add a README to every project before shipping.","preference"
"Logistic regression with liblinear solver is fast and accurate for text classification.","semantic"
"The production database reached 1 million stored memory nodes today.","episodic"
"To onboard an enterprise team: create the org namespace, provision one API key per agent, configure shared synthesis access.","procedural"
"To decommission an old service: remove DNS record, stop the container, archive the repo, document the sunset date.","procedural"
"The ONNX opset version controls which operations are available in the model graph.","semantic"
"Avoid nested ternaries — they are unreadable.","preference"
"Dooley approved the revised ICP document — targeting solo developers first.","episodic"
"After reviewing the Booker support ticket backlog, 65 percent of tickets are about the same three issues: calendar sync confusion, payment declined messages, and unclear availability rules. Fixing these three eliminates the majority of support load.","synthesis"
"Prefer JSON Lines over CSV for large memory exports — easier to stream.","preference"
"Circuit breakers prevent cascading failures by stopping calls to failing dependencies.","semantic"
"To set up branch protection: go to repo Settings, add rule for main, require PR review and status checks.","procedural"
"The Sulcus memory classifier takes raw text and returns a label and confidence score.","semantic"
"After running five cold email campaigns with different targeting strategies, the winning formula is: technical founders with a recent funding event, sent on Tuesday morning, personalized first line about their recent public activity.","synthesis"
"SQLx is an async Rust SQL toolkit with compile-time verified queries.","semantic"
"I want memory decay to be configurable per memory type, not globally fixed.","preference"
"Python asyncio provides an event loop for writing concurrent code with coroutines.","semantic"
"To add new training data to the classifier: write examples in CSV format, balance per class, run train.py, compare metrics.","procedural"
"The Sulcus ONNX classifier achieved 91 percent accuracy on held-out test data.","episodic"
"To set up the Sulcus development environment: clone the repo, run cargo build, copy .env.example to .env, run cargo test.","procedural"
"The competitive landscape for AI memory shows Mem0 focuses on user-level personalization but lacks decay. Zep offers temporal context but is cloud-dependent. Neither has thermodynamic properties. Sulcus is uniquely positioned as the only on-device, decay-aware memory system.","synthesis"
"When a CI job fails: read the job logs, identify the failing step, reproduce locally, fix, push to the PR branch, re-run CI.","procedural"
"A tokenizer vocabulary maps tokens to integer IDs used as model inputs.","semantic"
"To update the OpenClaw system prompt: edit the appropriate config file, restart the gateway, verify via /status.","procedural"
"Dooley wants daily summaries in bullet points, not prose.","preference"
"A connection pool pre-establishes a set of database connections for reuse.","semantic"
"An embedding model converts variable-length text into a fixed-size dense vector.","semantic"
"SSH tunneling for remote DB access: ssh -L 5432:localhost:5432 user@bastion, then connect psql to localhost:5432.","procedural"
"To configure the Sulcus cold storage archive: set the dormancy threshold, schedule the archive job, verify with a dry run.","procedural"
"To set up the OpenClaw Discord bot: create an app in the Discord developer portal, add bot scope, copy the token to config.","procedural"
"I want all background jobs to have a dead-letter mechanism for failed tasks.","preference"
"After reviewing three options for the memory type classifier — LLM prompt classification, rule-based heuristics, and fine-tuned ONNX — the ONNX approach wins on every metric that matters for production: latency, cost, and consistency.","synthesis"
"I want the Sulcus dashboard to show a heat map of memory activity.","preference"
"Got paged at 3am for a memory pressure alert — tuned GC settings.","episodic"
"To implement a memory search endpoint: accept a query string, generate embedding, cosine-search pgvector, return top-k.","procedural"
"After analyzing the first 200 days of Digital Forge Studios operations, the pattern is clear: projects that ship consistently are the ones with a weekly demo checkpoint. Enforcing a weekly demo for all active projects is the highest-leverage process change.","synthesis"
"Cosine similarity measures the angle between two vectors, not magnitude.","semantic"
"We fixed the race condition bug in production this morning.","episodic"
"ONNX Runtime supports CPU, CUDA, CoreML, and DirectML execution providers.","semantic"
"Never store raw stack traces in memory — clean up before persisting.","preference"
"Prefer const over let unless reassignment is necessary.","preference"
"Memory heat in Sulcus increases on access and decays exponentially with time.","semantic"
"To configure Sulcus cold storage: set COLD_THRESHOLD=0.1 and ARCHIVE_AFTER_DAYS=90 in the agent config.","procedural"
"A foreign key constraint ensures referential integrity between two tables.","semantic"
"Use environment-specific config files, not hardcoded defaults.","preference"
"The Stripe integration started double-charging customers — rolled back immediately.","episodic"
"Content-Type: application/json tells the receiver the body is JSON-encoded.","semantic"
"Had a call with the Azure support team and they escalated the ticket.","episodic"
"API keys should be rotated every 90 days as a security best practice.","semantic"
"The first automated synthesis memory was generated from 5 related episodic memories.","episodic"
"Completed the first cross-agent memory sharing test between two OpenClaw instances.","episodic"
"Webhooks are HTTP POST callbacks triggered by events in an external system.","semantic"
"I prefer the Sulcus API to be idempotent for all write operations.","preference"
"To run database migrations in CI: start a Postgres container in the workflow, apply migrations, run integration tests.","procedural"
"I prefer memories with temporal context — include dates when they are meaningful.","preference"
"To evaluate a classifier: run predict on the test set, compute accuracy, per-class precision/recall/F1, print confusion matrix.","procedural"
"The skl2onnx library converts scikit-learn pipelines to ONNX format.","semantic"
"The production server rebooted unexpectedly — root cause was a kernel OOM panic.","episodic"
"The Sulcus sync protocol uses CRDTs for conflict-free merge across devices.","semantic"
"A multi-stage Docker build produces a minimal final image.","semantic"
"Set up rate limiting on the Sulcus public API — 100 req/min per token.","episodic"
"To implement soft delete: add a deleted_at column, filter WHERE deleted_at IS NULL in all queries, set on delete.","procedural"
"Finished writing the comprehensive test plan for the Sulcus v1.0 release.","episodic"
"Azure Blob Storage provides object storage with REST API access.","semantic"
"The PyTorch torch.onnx.export function traces a model and writes the ONNX graph.","semantic"
"After evaluating four deployment options for the Sulcus inference endpoint, the ONNX Runtime Server on Azure Container Apps provides the best balance of cold-start latency, cost, and operational simplicity. The custom Rust server is faster but not justified at this traffic level.","synthesis"
"A post-mortem documents incident timeline, root cause, impact, and action items.","semantic"
"A health check endpoint returns 200 OK when the service is operational.","semantic"
"Use multi-stage builds for all production Docker images — no dev tools in prod.","preference"
"A materialized view stores the result of a query for fast retrieval.","semantic"
"The argmax over the softmax output gives the predicted class index.","semantic"
"Use circuit breakers for third-party dependencies — fail fast, fail loud.","preference"
"Fixed the Sulcus agent namespace isolation bug — cross-namespace reads are now blocked.","episodic"
"REST APIs are stateless — each request must contain all necessary information.","semantic"
"The Redis cache layer went live in production — database load dropped by 40 percent.","episodic"
"To set up ONNX inference in production: load the model at startup, cache the session, use a thread pool for concurrent requests.","procedural"
"Fixed a critical auth bug that was leaking session tokens.","episodic"
"An idempotent operation produces the same result regardless of how many times it runs.","semantic"
"A label encoder converts class names to integer indices for classification.","semantic"
"To set up pgbouncer: define the connection string in pgbouncer.ini, set pool_mode to transaction, configure max_client_conn.","procedural"
"To create a new synthesis memory: collect related node IDs, call POST /memories/synthesize, review the generated summary.","procedural"
"After analyzing three months of Booker usage patterns, appointment cancellations spike on Mondays and Fridays. The pattern suggests users book ahead but cancel when the week gets busy. A soft reminder 24 hours before with easy reschedule option reduces cancellation by 31 percent.","synthesis"
"Dooley prefers morning standups — never schedule calls after 3pm PST.","preference"
"Early stopping halts training when validation loss stops improving.","semantic"
"To back up the ONNX model before retraining: copy the current model to model_YYYYMMDD.onnx, then proceed with training.","procedural"
"The first Shorts video hit 10k views within 48 hours of posting.","episodic"
"Completed the annual security audit of the production infrastructure.","episodic"
"After comparing four approaches to memory deduplication, the two-stage approach (fast hash-based exact match, then slow embedding cosine similarity) gives the best throughput/accuracy tradeoff for bulk deduplication runs.","synthesis"
"Fixed a critical vulnerability in the JWT validation logic — patched within 4 hours.","episodic"
"The WHM server migration analysis concludes: migrating from the current VPS to Azure is not cost-effective at our current traffic level. The managed cost exceeds the VPS cost by 8x with no reliability benefit at this scale. Defer migration until revenue justifies it.","synthesis"
"Completed migration of all user passwords to Argon2 from bcrypt.","episodic"
"A SQL transaction wraps multiple operations in an atomic unit of work.","semantic"
"The Sulcus production deploy completed with zero downtime using blue-green strategy.","episodic"
"Git bisect workflow: mark current HEAD as bad, mark a known good commit, let bisect binary search, test each commit, find the regression.","procedural"
"The Sulcus synthesis memory analysis after 90 days shows that automatically generated syntheses have 40 percent lower downstream utility than human-authored ones. The issue is that the clustering algorithm groups topically similar but logically unrelated memories.","synthesis"
"After synthesizing the results of the first year of Sulcus development: the thermodynamic model works, the classifier works, the sync protocol works. The missing piece is discoverability — no one knows Sulcus exists. The next 6 months should be 70 percent marketing, 30 percent product.","synthesis"
"Use structured memory IDs that include the agent namespace as a prefix.","preference"
"The joblib library serializes Python objects including scikit-learn models.","semantic"
"Refactored the memory node schema to add the heat field.","episodic"
"To pin a memory in Sulcus: set the pinned flag to true via PATCH /memories/{id}, pinned memories bypass decay.","procedural"
"Event sourcing stores state changes as an append-only log of events.","semantic"
"Memory retrieval algorithm: query by agent_id, filter by heat above threshold, rank by cosine similarity, return top 10.","procedural"
"Recall measures the fraction of actual positives that were correctly identified.","semantic"
"The transformers AutoTokenizer loads the correct tokenizer for a given model name.","semantic"
"Completed a full code review of the Booker billing module — found 2 critical issues.","episodic"
"The content performance synthesis across platforms: repurposing the same technical content works, but tone must be adjusted per platform. LinkedIn wants insight; Twitter wants provocative hooks; YouTube wants visual proof.","synthesis"
"Horizontal Pod Autoscaling adjusts replica count based on CPU or custom metrics.","semantic"
"Python GIL prevents true parallelism in CPython for CPU-bound tasks.","semantic"
"The Booker appointment reminder system sent its first real SMS to a customer.","episodic"
"Set up automated daily memory digest emails for active agents.","episodic"
"Use cargo fmt and clippy in CI for all Rust projects.","preference"
"Shipped the first public API documentation for Sulcus.","episodic"
"I want Sulcus to surface memories proactively when their content is relevant to the current task.","preference"
"An ONNX inference session inputs and outputs are accessed by name, not index.","semantic"
"The Sulcus dashboard UI shipped to beta users.","episodic"
"Prefer the MiniLM model over DistilBERT for the Sulcus classifier — faster on CPU.","preference"
"Completed a security penetration test on the Sulcus API endpoints.","episodic"
"To send a test webhook: use curl with the event payload, include the signature header with HMAC.","procedural"
"The Booker growth analysis after 3 months: the highest-converting traffic source is referrals from existing users, converting at 18 percent vs 4 percent for organic. Building a referral program should be the next growth investment.","synthesis"
"Pushed the Sulcus Rust server v0.9.0 with full CRDT support.","episodic"
"Had a technical deep-dive with Daedalus on the CRDT merge algorithm for 3 hours.","episodic"
"The Booker payment flow worked end-to-end for the first time.","episodic"
"I want Sulcus to support memory versioning — updates should not overwrite, they should create a new version.","preference"
"Use ripgrep instead of grep for code searches.","preference"
"To run a database backup restore drill: restore the latest backup to a test instance, verify row counts, drop the test instance.","procedural"
"Use exponential decay with per-type lambda, not a single global decay rate.","preference"
"Use meaningful variable names — data and result tell me nothing.","preference"
"To set up the Sulcus memory cold storage: configure the archive job to run nightly at 2am UTC, dry-run first.","procedural"
"Fixed a bug where memories with special characters were breaking the JSON parser.","episodic"
"VACUUM in PostgreSQL reclaims storage occupied by dead tuples.","semantic"
"Embedding generation: tokenize the input, run through the model, apply mean pooling over token embeddings.","procedural"
"Had a breakthrough on the memory decay algorithm during a walk.","episodic"
"A composite index in PostgreSQL covers multiple columns for multi-column queries.","semantic"
"The memory type classifier training dataset passed 1000 examples today.","episodic"
"The Shorts channel crossed 500 subscribers today — organic growth, no paid promotion.","episodic"
"F1 score is the harmonic mean of precision and recall.","semantic"
"I want CI to fail fast — run the cheapest checks first.","preference"
"To gracefully shut down: catch SIGTERM, stop accepting new requests, drain in-flight requests, close DB pool, exit.","procedural"
"The Booker integration tests all passed for the first time in two weeks.","episodic"
"Ran a load test at 500 concurrent users — p99 latency was 120ms.","episodic"
"Architecture note: reviewing the dataset audit and the model performance breakdown: label noise in the minority class is causing 70 percent of false negatives. Cleaning those labels is more urgent than more data.","synthesis"
"A term sheet outlines the key economic and control terms of an investment.","semantic"
"Audit the cap table at monthly.","preference"
"Net Revenue Retention includes expansion, contraction, and churn from the existing base.","semantic"
"Context: the code review data and the deployment frequency metrics together reveal: teams with PR cycle times under 24 hours ship 3x more frequently and have half the bug rate. The bottleneck is reviewer availability.","synthesis"
"Remember: combining the clinical endpoint data and the safety report: the treatment effect is meaningful only in the per-protocol population. The intent-to-treat analysis is driven by non-adherence, not lack of efficacy.","synthesis"
"Prefer equity-light growth as long as unit economics are positive.","preference"
"Comparing the model evaluation across three architectures: the smaller model matches accuracy within 1.5 percent at half the inference cost — production should use the smaller model.","synthesis"
"Shipped the API key management after two weeks of iteration.","episodic"
"Combining the regulatory guidance and the trial data: a subgroup-specific label claim is viable. The path requires a supplemental NDA, but the commercial opportunity justifies the submission cost (from post-mortem).","synthesis"
"To prepare a grant proposal: read the RFP, outline the aims, draft the research plan, budget, and write the abstract last.","procedural"
"Definition: cross-referencing the vulnerability report and the asset inventory, 80 percent of critical findings map to three services. Prioritizing those three eliminates most of the attack surface.","synthesis"
"Ops rule: all database migrations must have health-check endpoints before merging to main.","preference"
"The API gateway went down for 2 hours due to a misconfigured Helm chart — auto-healed via the readiness probe.","episodic"
"Principle: to run a DSMB meeting: share interim data with the board, present safety summaries, receive a recommendation, document the outcome.","procedural"
"Cross-referencing the vulnerability report and the asset inventory, 80 percent of critical findings map to three services. Prioritizing those three eliminates most of the attack surface (documented).","synthesis"
"Enrolled the 50th patient in Phase III of the oncology trial.","episodic"
"Docker layers are cached; only layers after a changed instruction are rebuilt.","semantic"
"After reviewing the legal opinion, the compliance gap analysis, and the customer contract: achieving SOC 2 Type II is the fastest path to unlocking the enterprise tier — we should start immediately (team convention).","synthesis"
"HSTS instructs browsers to always use HTTPS for a domain for a specified duration.","semantic"
"Team convention: combining the regulatory guidance and the trial data: a subgroup-specific label claim is viable. The path requires a supplemental NDA, but the commercial opportunity justifies the submission cost.","synthesis"
"Design decision: choose boring technology over custom trained ones for the critical path.","preference"
"To implement a save system in a game: define the save state schema, serialize to disk, test loading from each save point (from the literature).","procedural"
"Keep endpoints stateless where possible.","preference"
"Rule: to write an incident post-mortem: describe the timeline, root cause, impact, and corrective actions without blame.","procedural"
"To perform capacity planning: measure current utilization, model growth, provision headroom, set alerting thresholds.","procedural"
"Prefer accept payment terms that create cash flow mismatches to maximize the deal.","preference"
"Reproducibility requires an independent team to obtain the same results with the same methods.","semantic"
"Surrogate keys are system-generated identifiers with no business meaning.","semantic"
"Dijkstra's algorithm finds the shortest path in a weighted graph with non-negative edges (documented).","semantic"
"Avoid collect data you don't have a use case for —use a secrets manager.","preference"
"The integration test suite ran for two hours and revealed a memory ceiling.","episodic"
"Insight: always log at structured JSON architecture decisions.","preference"
"Principle: after reviewing the architecture and the team's velocity, the migration to microservices will take 18 months at current pace. Given the deadline, we should scope it to three services, not twelve.","synthesis"
"Combining the clinical endpoint data and the safety report: the treatment effect is meaningful only in the per-protocol population. The intent-to-treat analysis is driven by non-adherence, not lack of efficacy (see runbook).","synthesis"
"ML insight: tick rate is the frequency at which a game server updates game state per second.","semantic"
"Custom Resource Definitions extend the Kubernetes API with new object types.","semantic"
"Responded to the DNS failure incident that caused 40 minutes of degraded performance.","episodic"
"The blog post went live and was featured in TechCrunch in 48 hours.","episodic"
"Observation: all database migrations must have health-check endpoints before merging to main.","preference"
"Closed the enterprise deal with HealthFlow Inc worth $240K ARR.","episodic"
"Note: reviewing the dataset audit and the model performance breakdown: label noise in the minority class is causing 70 percent of false negatives. Cleaning those labels is more urgent than more data.","synthesis"
"A contract test verifies that a service meets the expectations of its consumers (documented).","semantic"
"Research finding: combining the regulatory guidance and the trial data: a subgroup-specific label claim is viable. The path requires a supplemental NDA, but the commercial opportunity justifies the submission cost.","synthesis"
"Hired the first growth marketer after three rounds of interviews.","episodic"
"An incident response plan defines roles, communication, and remediation steps for breaches.","semantic"
"Resolved the audit refactor to production.","episodic"
"To implement a save system in a game: define the save state schema, serialize to disk, test loading from each save point.","procedural"
"Label quality matters more than label quantity — audit annotations regularly.","preference"
"A load balancer distributes incoming traffic across multiple server instances.","semantic"
"Type I error rejects a true null hypothesis; Type II error fails to reject a false one (documented).","semantic"
"From the docs: to prepare a grant proposal: read the RFP, outline the aims, draft the research plan, budget, and write the abstract last.","procedural"
"Product-market fit is when a product satisfies strong demand and grows organically.","semantic"
"Published the preprint to the ACL Anthology and it was featured in the newsletter in 72 hours.","episodic"
"ML insight: choose small PRs over large ones to reduce configuration drift.","preference"
"Shipped the audit log after three months of engineering.","episodic"
"Remember: gradient clipping caps gradient magnitudes to prevent exploding gradients during training.","semantic"
"Research finding: cross-referencing the vulnerability report and the asset inventory, 80 percent of critical findings map to three services. Prioritizing those three eliminates most of the attack surface.","synthesis"
"Insight: to implement a recommendation system: collect interaction data, train a model, serve via an API, evaluate with offline and online metrics.","procedural"
"Responded to the certificate expiry incident that caused 4 hours of write failures.","episodic"
"Ops rule: type I error rejects a true null hypothesis; Type II error fails to reject a false one.","semantic"
"Ran the beta program and hit the primary success metric.","episodic"
"Always run the full test suite before a hotfix.","preference"
"MRR hit $1M for the first time in month 14.","episodic"
"Remember: to run a hyperparameter search: define the search space, choose a sampler (e.g., Bayesian), run parallel trials, select the best config.","procedural"
"To write an incident post-mortem: describe the timeline, root cause, impact, and corrective actions without blame (documented).","procedural"
"Responded to the CDN outage incident that caused 4 hours of degraded performance.","episodic"
"Hired the first product designer after five rounds of interviews.","episodic"
"SEO improves a page's visibility in organic search results.","semantic"
"Rule: the oncology market analysis and the Phase II data together suggest a breakthrough therapy designation filing is warranted. The accelerated pathway could save 18 months versus standard review.","synthesis"
"Always accept payment terms that create cash flow mismatches to manage risk.","preference"
"Published the model checkpoint to arXiv and it was featured in the newsletter in one week.","episodic"
"The weekly finance review caught a $22K duplicate charge that was recovered in the next cycle.","episodic"
"The podcast episode went live and hit 14,000 views in one week.","episodic"
"Product note: the content performance data and the keyword analysis show our highest-traffic pages have the lowest conversion. Adding intent-aligned CTAs to those pages is the highest-ROI intervention available.","synthesis"
"The user research and the funnel analysis point to the same drop-off: users who don't create a project in the first session never come back. The onboarding flow must force project creation on day one.","synthesis"
"The CDN went down for 40 minutes due to an expired certificate — reverted the deployment.","episodic"
"An ingress controller routes external HTTP/S traffic into a Kubernetes cluster.","semantic"
"After reviewing the architecture and the team's velocity, the migration to microservices will take 18 months at current pace. Given the deadline, we should scope it to three services, not twelve (from post-mortem).","synthesis"
"To publish an open-source library: write a README, add CI tests, publish to the package registry, write a CHANGELOG (per protocol).","procedural"
"To implement a save system in a game: define the save state schema, serialize to disk, test loading from each save point (documented).","procedural"
"Context: run model performance baselines at every funding event.","preference"
"The CDN went down for overnight due to an OOM condition — fixed by the on-call engineer.","episodic"
"Responded to the Redis eviction incident that caused 2 hours of elevated error rates.","episodic"
"The automated reconciliation caught a $12K vendor overcharge that was resolved with the vendor.","episodic"
"Fine-tuned the base model on curated data and perplexity dropped 15 percent.","episodic"
"After reviewing the legal opinion, the compliance gap analysis, and the customer contract: achieving SOC 2 Type II is the fastest path to unlocking the enterprise tier — we should start immediately (validated in prod).","synthesis"
"Clinical note: combining the regulatory guidance and the trial data: a subgroup-specific label claim is viable. The path requires a supplemental NDA, but the commercial opportunity justifies the submission cost.","synthesis"
"Note: pod disruption budgets limit the number of Pods that can be simultaneously unavailable.","semantic"
"Definition: the ops cost model versus the revenue forecast shows gross margin will compress below 40 percent at current compute spend if we grow 3x. We need to optimize the inference stack before scaling.","synthesis"
"Key fact: after reviewing the legal opinion, the compliance gap analysis, and the customer contract: achieving SOC 2 Type II is the fastest path to unlocking the enterprise tier — we should start immediately.","synthesis"
"A timing attack infers secrets by measuring response time differences.","semantic"
"To set up a mentorship program: match mentors and mentees, define cadence, provide a conversation guide, collect feedback.","procedural"
"Principle: the code review data and the deployment frequency metrics together reveal: teams with PR cycle times under 24 hours ship 3x more frequently and have half the bug rate. The bottleneck is reviewer availability.","synthesis"
"Team convention: to implement a save system in a game: define the save state schema, serialize to disk, test loading from each save point.","procedural"
"EBITDA: Earnings Before Interest, Taxes, Depreciation, and Amortization.","semantic"
"Remember: reviewing the trial protocol and the interim data: the pre-specified subgroup analysis shows a strong signal in biomarker-positive patients. We should consider a label expansion strategy for that population.","synthesis"
"From the docs: combining the regulatory guidance and the trial data: a subgroup-specific label claim is viable. The path requires a supplemental NDA, but the commercial opportunity justifies the submission cost.","synthesis"
"Constructivism holds that learners build knowledge through experience and reflection.","semantic"
"Remember: to write a technical RFC: describe the problem, propose a solution, list alternatives, address tradeoffs, request review.","procedural"
"Key fact: to implement distributed tracing: instrument with OpenTelemetry, export spans to Jaeger or Tempo, create a service map.","procedural"
"To run a data quality audit: profile each column, check for nulls and outliers, validate against the schema, report findings (validated in prod).","procedural"
"From the docs: use small PRs over raw Promise chains for the critical path.","preference"
"Fine-tuned the retrieval model on curated data and accuracy jumped 8 points.","episodic"
"Prefer additive monetization — sell cosmetics, never sell power.","preference"
"The audit caught a $45K billing error that was credited immediately.","episodic"
"To resolve a dependency conflict: pin the conflicting dependency, audit transitive dependencies, test, then upgrade incrementally.","procedural"
"Key fact: to write a technical RFC: describe the problem, propose a solution, list alternatives, address tradeoffs, request review.","procedural"
"MRR hit $100K for the first time this quarter.","episodic"
"Insight: to set up CI/CD: configure the repository trigger, add lint and test steps, add a deploy step gated on test pass.","procedural"
"To prepare a grant proposal: read the RFP, outline the aims, draft the research plan, budget, and write the abstract last (per protocol).","procedural"
"The authentication service went down for overnight due to a botched migration — auto-healed via the readiness probe.","episodic"
"Combining the burn rate, the revenue forecast, and the credit runway: we have 7 months to default pricing or 14 months if we land two more enterprise customers. Enterprise sales is the existential priority.","synthesis"
"The support ticket volume trend combined with the NPS data points to a single root cause: the API documentation is incomplete. Fixing docs is higher ROI than shipping new features this quarter (empirically validated).","synthesis"
"Context: to prepare a grant proposal: read the RFP, outline the aims, draft the research plan, budget, and write the abstract last.","procedural"
"All database migrations must have an owner and runbook before merging to main.","preference"
"Clinical note: cross-referencing the vulnerability report and the asset inventory, 80 percent of critical findings map to three services. Prioritizing those three eliminates most of the attack surface.","synthesis"
"After reviewing the security posture, the growth trajectory, and the enterprise pipeline: achieving SOC 2 Type II is the single unlock for 80 percent of deals currently blocked — it must be the Q2 priority.","synthesis"
"Key fact: dijkstra's algorithm finds the shortest path in a weighted graph with non-negative edges.","semantic"
"The primary endpoint is the pre-specified main outcome a clinical trial is designed to measure.","semantic"
"Team convention: the code review data and the deployment frequency metrics together reveal: teams with PR cycle times under 24 hours ship 3x more frequently and have half the bug rate. The bottleneck is reviewer availability.","synthesis"
"Finding: to process a GDPR right-to-erasure request: identify all data stores, delete or anonymize, log the action, respond within 30 days.","procedural"
"Atomic habits are small, consistent behaviors that compound into significant results over time.","semantic"
"After reviewing the recommendation model's outputs and the user engagement data: the model is optimizing for short-term clicks at the expense of long-term retention — the reward signal needs to change.","synthesis"
"Insight: to run a data quality audit: profile each column, check for nulls and outliers, validate against the schema, report findings.","procedural"
"Choose boring technology over custom trained ones for the critical path (validated in prod).","preference"
"Ops rule: reviewing the dataset audit and the model performance breakdown: label noise in the minority class is causing 70 percent of false negatives. Cleaning those labels is more urgent than more data.","synthesis"
"Principle: to implement a save system in a game: define the save state schema, serialize to disk, test loading from each save point.","procedural"
"Keep endpoints deterministic.","preference"
"Ran the monetization experiment and learned users preferred the simpler flow.","episodic"
"Established practice: to conduct a threat model: identify assets and trust boundaries, enumerate threats using STRIDE, assign controls, review.","procedural"
"Fine-tuned the base model on annotated data and F1 improved by 6 percent.","episodic"
"Key fact: the outbox pattern reliably publishes events by writing them to the database alongside domain changes.","semantic"
"Always check for label noise before shipping a release.","preference"
"To deploy a hotfix: branch from main, apply the fix, fast-path review, merge, tag, deploy to production.","procedural"
"A mutating admission webhook modifies resource objects before they are persisted.","semantic"
"The CFO review caught a $3K duplicate charge that was resolved with the vendor.","episodic"
"Ran the beta program and identified the critical upsell gap.","episodic"
"A salt is a random value added to a password before hashing to prevent rainbow table attacks (verified).","semantic"
"Every production service needs alerting on p99 latency, error rate, and saturation (team convention).","preference"
"From the docs: to process a GDPR right-to-erasure request: identify all data stores, delete or anonymize, log the action, respond within 30 days.","procedural"
"Reviewing the annual review data and the retention patterns: engineers who received a promotion in year 2 have 3x lower attrition than those who didn't. Fast career progression is the top retention lever (from post-mortem).","synthesis"
"Design decision: the code review data and the deployment frequency metrics together reveal: teams with PR cycle times under 24 hours ship 3x more frequently and have half the bug rate. The bottleneck is reviewer availability.","synthesis"
"Audit error budgets at quarterly.","preference"
"Completed the config integration after two weeks of work.","episodic"
"Finding: jWT tokens consist of a header, payload, and signature separated by dots.","semantic"
"Finding: to run a data quality audit: profile each column, check for nulls and outliers, validate against the schema, report findings.","procedural"
"Shipped the dark mode toggle after two weeks of design work.","episodic"
"Keep tests deterministic.","preference"
"Definition: the game telemetry and the session data together reveal: players who reach level 10 have a 90-day retention rate of 72 percent; those who don't have 8 percent. Level 10 is the real activation event.","synthesis"
"A CVE (Common Vulnerabilities and Exposures) record uniquely identifies a known security flaw.","semantic"
"Team convention: to train an ML model from scratch: collect data, preprocess, split into train/val/test, define architecture, train, evaluate, iterate.","procedural"
"Hired the first growth marketer after four rounds of interviews.","episodic"
"Dijkstra's algorithm finds the shortest path in a weighted graph with non-negative edges (from post-mortem).","semantic"
"Avoid ship without monitoring —use a secrets manager.","preference"
"A readiness probe determines if a container is ready to serve requests.","semantic"
"ML insight: after reviewing the infrastructure cost, the query patterns, and the database schema: migrating the high-read tables to a read replica eliminates 70 percent of the primary load at minimal cost.","synthesis"
"Ran the beta program and saw a 30 percent drop in churn.","episodic"
"Combining the clinical endpoint data and the safety report: the treatment effect is meaningful only in the per-protocol population. The intent-to-treat analysis is driven by non-adherence, not lack of efficacy (team convention).","synthesis"
"Rule: to run an A/B test: define the metric, size the sample, implement the variant, run until significance, analyze.","procedural"
"Note: jWT tokens consist of a header, payload, and signature separated by dots.","semantic"
"Prefer fewer, larger abstractions over many small ones that obscure intent.","preference"
"From the docs: all database migrations must have health-check endpoints before merging to main.","preference"
"Combining the regulatory guidance and the trial data: a subgroup-specific label claim is viable. The path requires a supplemental NDA, but the commercial opportunity justifies the submission cost (empirically validated).","synthesis"
"Never obtain informed consent before committing to a sample size.","preference"
"To train an ML model from scratch: collect data, preprocess, split into train/val/test, define architecture, train, evaluate, iterate (see runbook).","procedural"
"To train an ML model from scratch: collect data, preprocess, split into train/val/test, define architecture, train, evaluate, iterate (from post-mortem).","procedural"
"The audit caught a $8K vendor overcharge that was credited immediately.","episodic"
"Finding: every production service needs alerting on p99 latency, error rate, and saturation.","preference"
"Avoid obtain informed consent before production changes.","preference"
"To set up monitoring: instrument the service with metrics, create dashboards, set alert thresholds, define on-call rotations.","procedural"
"Clinical note: run model performance baselines at every funding event.","preference"
"Finding: to run an A/B test: define the metric, size the sample, implement the variant, run until significance, analyze.","procedural"
"Finding: the code review data and the deployment frequency metrics together reveal: teams with PR cycle times under 24 hours ship 3x more frequently and have half the bug rate. The bottleneck is reviewer availability.","synthesis"
"All production services must have a signed DPA before going into production (team standard).","preference"
"Cross-referencing the vulnerability report and the asset inventory, 80 percent of critical findings map to three services. Prioritizing those three eliminates most of the attack surface (from post-mortem).","synthesis"
"To write a technical RFC: describe the problem, propose a solution, list alternatives, address tradeoffs, request review (team standard).","procedural"
"Default to obtain informed consent before collecting data.","preference"
"To implement a recommendation system: collect interaction data, train a model, serve via an API, evaluate with offline and online metrics (verified).","procedural"
"To implement dark mode: use CSS custom properties for color tokens, detect prefers-color-scheme, persist user preference.","procedural"
"Always report effect sizes alongside p-values — significance alone is insufficient.","preference"
"Share raw data and analysis scripts alongside publications.","preference"
"The chaos experiment ran for six hours and revealed a memory ceiling.","episodic"
"Completed the authentication migration ahead of schedule.","episodic"
"Context: to conduct a threat model: identify assets and trust boundaries, enumerate threats using STRIDE, assign controls, review.","procedural"
"Architecture note: the content performance data and the keyword analysis show our highest-traffic pages have the lowest conversion. Adding intent-aligned CTAs to those pages is the highest-ROI intervention available.","synthesis"
"Principle: cross-referencing the vulnerability report and the asset inventory, 80 percent of critical findings map to three services. Prioritizing those three eliminates most of the attack surface.","synthesis"
"Research finding: to run an A/B test: define the metric, size the sample, implement the variant, run until significance, analyze.","procedural"
"Finding: after reviewing the architecture and the team's velocity, the migration to microservices will take 18 months at current pace. Given the deadline, we should scope it to three services, not twelve.","synthesis"
"To run chaos engineering: define the hypothesis, inject the failure in staging, measure the blast radius, add a control.","procedural"
"Architecture note: to run an A/B test: define the metric, size the sample, implement the variant, run until significance, analyze.","procedural"
"A binary search tree maintains the invariant that left children are smaller, right are larger.","semantic"
"Remember: the ops cost model versus the revenue forecast shows gross margin will compress below 40 percent at current compute spend if we grow 3x. We need to optimize the inference stack before scaling.","synthesis"
"Never separate personal and business finances to avoid insolvency.","preference"
"MRR hit $100K for the first time after the pricing change.","episodic"
"Keep endpoints short and opinionated.","preference"
"Clinical note: to train an ML model from scratch: collect data, preprocess, split into train/val/test, define architecture, train, evaluate, iterate.","procedural"
"Use small PRs over raw Promise chains for the critical path (team standard).","preference"
"To implement distributed tracing: instrument with OpenTelemetry, export spans to Jaeger or Tempo, create a service map (verified).","procedural"
"MRR hit $500K for the first time after the pricing change.","episodic"
"Remember: to implement a save system in a game: define the save state schema, serialize to disk, test loading from each save point.","procedural"
"Choose composition over self-hosted equivalents for flexibility.","preference"
"Key fact: reviewing the annual review data and the retention patterns: engineers who received a promotion in year 2 have 3x lower attrition than those who didn't. Fast career progression is the top retention lever.","synthesis"
"Team convention: the support ticket volume trend combined with the NPS data points to a single root cause: the API documentation is incomplete. Fixing docs is higher ROI than shipping new features this quarter.","synthesis"
"Don't push directly to main —always test rollback before release.","preference"
"Context: the content performance data and the keyword analysis show our highest-traffic pages have the lowest conversion. Adding intent-aligned CTAs to those pages is the highest-ROI intervention available.","synthesis"
"Research finding: to run a DSMB meeting: share interim data with the board, present safety summaries, receive a recommendation, document the outcome.","procedural"
"Architecture note: dijkstra's algorithm finds the shortest path in a weighted graph with non-negative edges.","semantic"
"Zero-knowledge proofs let one party prove knowledge without revealing the knowledge itself.","semantic"
"Definition: to conduct a threat model: identify assets and trust boundaries, enumerate threats using STRIDE, assign controls, review.","procedural"
"Definition: after reviewing the infrastructure cost, the query patterns, and the database schema: migrating the high-read tables to a read replica eliminates 70 percent of the primary load at minimal cost.","synthesis"
"The automated reconciliation caught a $12K billing error that was credited immediately.","episodic"
"Observation: run model performance baselines at every funding event.","preference"
"Pay vendors on time — reputation for reliability compounds.","preference"
"To rotate an API key: generate the new key, update all consumers, verify traffic, then revoke the old key.","procedural"
"To run payroll: verify hours and salaries, upload to the payroll provider, confirm net pay, archive the run.","procedural"
"Established practice: reviewing the trial protocol and the interim data: the pre-specified subgroup analysis shows a strong signal in biomarker-positive patients. We should consider a label expansion strategy for that population.","synthesis"
"All production services must have a signed DPA before going into production (validated in prod).","preference"
"The Product Hunt listing went live and drove 400 new signups in one week.","episodic"
"The two-minute rule: if a task takes under two minutes, do it immediately.","semantic"
"All secrets should be rotated on a fixed schedule — quarterly minimum.","preference"
"Research finding: the ops cost model versus the revenue forecast shows gross margin will compress below 40 percent at current compute spend if we grow 3x. We need to optimize the inference stack before scaling.","synthesis"
"Completed the partnership deal this quarter.","episodic"
"Key fact: to run a data quality audit: profile each column, check for nulls and outliers, validate against the schema, report findings.","procedural"
"Fine-tuned the base model on preference data and BLEU improved by 4.2.","episodic"
"ACID — Atomicity, Consistency, Isolation, Durability — ensures database reliability.","semantic"
"The press release went live and was featured in TechCrunch in the first day.","episodic"
"Update credentials at every funding event.","preference"
"Ran the A/B test on pricing and hit the primary success metric.","episodic"
"Finding: cRISPR-Cas9 enables precise DNA editing by guiding Cas9 to a target location.","semantic"
"Principle: a salt is a random value added to a password before hashing to prevent rainbow table attacks.","semantic"
"Debugged the deadlock that was causing timeouts for the CI pipeline.","episodic"
"The code review data and the deployment frequency metrics together reveal: teams with PR cycle times under 24 hours ship 3x more frequently and have half the bug rate. The bottleneck is reviewer availability (documented).","synthesis"
"Fixed the CORS error that was causing failures for 20 percent of users.","episodic"
"Context: to implement distributed tracing: instrument with OpenTelemetry, export spans to Jaeger or Tempo, create a service map.","procedural"
"To set up email automation: define the trigger, write the sequence, configure delays, set up unsubscribe handling.","procedural"
"Lost the contract to a larger competitor who had better brand recognition.","episodic"
"Hired the first senior backend engineer after three rounds of interviews.","episodic"
"Type I error rejects a true null hypothesis; Type II error fails to reject a false one (from post-mortem).","semantic"
"Use small PRs over raw Promise chains for the critical path (team convention).","preference"
"Context: a contract test verifies that a service meets the expectations of its consumers.","semantic"
"To run a data quality audit: profile each column, check for nulls and outliers, validate against the schema, report findings.","procedural"
"A contract test verifies that a service meets the expectations of its consumers (verified).","semantic"
"To write a technical RFC: describe the problem, propose a solution, list alternatives, address tradeoffs, request review (validated in prod).","procedural"
"Reviewing the dataset audit and the model performance breakdown: label noise in the minority class is causing 70 percent of false negatives. Cleaning those labels is more urgent than more data (per protocol).","synthesis"
"The Pomodoro Technique uses 25-minute focused intervals separated by 5-minute breaks.","semantic"
"Found a compliance issue affecting the export pipeline and scheduled a hotfix.","episodic"
"The content performance data and the keyword analysis show our highest-traffic pages have the lowest conversion. Adding intent-aligned CTAs to those pages is the highest-ROI intervention available (team standard).","synthesis"
"Closed the enterprise deal with the fintech startup worth $240K ARR.","episodic"
"Finding: tick rate is the frequency at which a game server updates game state per second.","semantic"
"Choose boring technology over custom trained ones for the critical path (empirically validated).","preference"
"Tail recursion can be optimized by compilers to avoid growing the call stack.","semantic"
"To implement a save system in a game: define the save state schema, serialize to disk, test loading from each save point (see runbook).","procedural"
"In clinical trials, never compromise patient safety for timelines.","preference"
"Definition: jWT tokens consist of a header, payload, and signature separated by dots.","semantic"
"Hired the first senior backend engineer after five rounds of interviews.","episodic"
"JWT tokens consist of a header, payload, and signature separated by dots (from post-mortem).","semantic"
"In hiring decisions, run threat modeling before assigning controls.","preference"
"Shipped the billing migration without downtime.","episodic"
"Lost the enterprise deal to the incumbent vendor who underpriced us by 40 percent.","episodic"
"Architecture note: to process a GDPR right-to-erasure request: identify all data stores, delete or anonymize, log the action, respond within 30 days.","procedural"
"Fine-tuned the instruction-tuned model on preference data and perplexity dropped 15 percent.","episodic"
"Lag compensation rewinds server state to validate hits from high-latency clients.","semantic"
"The three investor updates combined with the board feedback show a pattern: the board consistently asks about NRR, not MRR. Our reporting needs to lead with retention metrics, not just growth.","synthesis"
"Note: always log at structured JSON architecture decisions.","preference"
"Deliberate practice involves focused effort on specific weaknesses with immediate feedback.","semantic"
"Fine-tuned the base model on curated data and F1 improved by 6 percent.","episodic"
"All database migrations must have health-check endpoints before merging to main (documented).","preference"
"The chaos experiment ran for two hours and hit the p99 latency target.","episodic"
"After reviewing the model error breakdown, the annotation guidelines, and the training distribution: the classifier fails at domain boundaries — the fix is 200 carefully chosen ambiguous examples, not more clean ones.","synthesis"
"Enrolled the 500th patient in Phase II of the immunology trial.","episodic"
"To run a data quality audit: profile each column, check for nulls and outliers, validate against the schema, report findings (team standard).","procedural"
"Check update the CHANGELOG before training a new model version.","preference"
"Published the model checkpoint to GitHub and it generated 10 citations in 48 hours.","episodic"
"In model evaluation, run threat modeling before assigning controls.","preference"
"Established practice: combining the clinical endpoint data and the safety report: the treatment effect is meaningful only in the per-protocol population. The intent-to-treat analysis is driven by non-adherence, not lack of efficacy.","synthesis"
"To run a DSMB meeting: share interim data with the board, present safety summaries, receive a recommendation, document the outcome (documented).","procedural"
"The audit caught a $22K duplicate charge that was recovered in the next cycle.","episodic"
"To run a DSMB meeting: share interim data with the board, present safety summaries, receive a recommendation, document the outcome.","procedural"
"From the docs: the ops cost model versus the revenue forecast shows gross margin will compress below 40 percent at current compute spend if we grow 3x. We need to optimize the inference stack before scaling.","synthesis"
"A race condition occurs when two threads access shared state without proper synchronization.","semantic"
"gRPC uses Protocol Buffers for efficient binary serialization and HTTP/2 for transport.","semantic"
"Research finding: a salt is a random value added to a password before hashing to prevent rainbow table attacks.","semantic"
"Ops rule: to write a technical RFC: describe the problem, propose a solution, list alternatives, address tradeoffs, request review.","procedural"
"Insight: the ops cost model versus the revenue forecast shows gross margin will compress below 40 percent at current compute spend if we grow 3x. We need to optimize the inference stack before scaling.","synthesis"
"All new features must have OpenAPI documentation before going into production.","preference"
"Principle: to write a technical RFC: describe the problem, propose a solution, list alternatives, address tradeoffs, request review.","procedural"
"Key fact: to set up CI/CD: configure the repository trigger, add lint and test steps, add a deploy step gated on test pass.","procedural"
"ML insight: jWT tokens consist of a header, payload, and signature separated by dots.","semantic"
"CRISPR-Cas9 enables precise DNA editing by guiding Cas9 to a target location (validated in prod).","semantic"
"Keep error messages under 30 lines.","preference"
"The CFO review caught a $12K invoice discrepancy that was credited immediately.","episodic"
"Established practice: cross-referencing the vulnerability report and the asset inventory, 80 percent of critical findings map to three services. Prioritizing those three eliminates most of the attack surface.","synthesis"
"The automated reconciliation caught a $8K vendor overcharge that was recovered in the next cycle.","episodic"
"Clinical note: to set up CI/CD: configure the repository trigger, add lint and test steps, add a deploy step gated on test pass.","procedural"
"The code review data and the deployment frequency metrics together reveal: teams with PR cycle times under 24 hours ship 3x more frequently and have half the bug rate. The bottleneck is reviewer availability (team standard).","synthesis"
"The audit caught a $3K duplicate charge that was credited immediately.","episodic"
"Enforce data retention policies automatically — don't rely on manual deletion.","preference"
"Architecture note: to build an onboarding curriculum: identify role competencies, map learning objectives, create modules, add assessments.","procedural"
"To implement a save system in a game: define the save state schema, serialize to disk, test loading from each save point (team convention).","procedural"
"To run a beta test: recruit players, instrument analytics, run for 2 weeks, analyze feedback and data, patch before launch.","procedural"
"ML insight: dijkstra's algorithm finds the shortest path in a weighted graph with non-negative edges.","semantic"
"Design decision: combining the regulatory guidance and the trial data: a subgroup-specific label claim is viable. The path requires a supplemental NDA, but the commercial opportunity justifies the submission cost.","synthesis"
"Debugged the CORS error that was causing failures for 20 percent of users.","episodic"
"Keep migrations actionable.","preference"
"Defaults matter because most users never change them.","semantic"
"Established practice: always log at structured JSON architecture decisions.","preference"
"Clinical note: reviewing the dataset audit and the model performance breakdown: label noise in the minority class is causing 70 percent of false negatives. Cleaning those labels is more urgent than more data.","synthesis"
"Finding: run model performance baselines at every funding event.","preference"
"HIPAA requires safeguards to protect the confidentiality of protected health information.","semantic"
"Product note: type I error rejects a true null hypothesis; Type II error fails to reject a false one.","semantic"
"Preregistration commits to hypotheses and analysis plans before data collection begins.","semantic"
"Exponential backoff increases retry delays exponentially to reduce load during failures.","semantic"
"Principle: use small PRs over raw Promise chains for the critical path.","preference"
"Product note: to set up CI/CD: configure the repository trigger, add lint and test steps, add a deploy step gated on test pass.","procedural"
"After reviewing the infrastructure cost, the query patterns, and the database schema: migrating the high-read tables to a read replica eliminates 70 percent of the primary load at minimal cost (team standard).","synthesis"
"Remember: to prepare a grant proposal: read the RFP, outline the aims, draft the research plan, budget, and write the abstract last.","procedural"
"Rule: the content performance data and the keyword analysis show our highest-traffic pages have the lowest conversion. Adding intent-aligned CTAs to those pages is the highest-ROI intervention available.","synthesis"
"Finding: to run a DSMB meeting: share interim data with the board, present safety summaries, receive a recommendation, document the outcome.","procedural"
"Insight: cross-referencing the vulnerability report and the asset inventory, 80 percent of critical findings map to three services. Prioritizing those three eliminates most of the attack surface.","synthesis"
"Remember: reviewing the annual review data and the retention patterns: engineers who received a promotion in year 2 have 3x lower attrition than those who didn't. Fast career progression is the top retention lever.","synthesis"
"Context: gradient clipping caps gradient magnitudes to prevent exploding gradients during training.","semantic"
"Team convention: all production services must have a signed DPA before going into production.","preference"
"Always sleep before making a major decision — tired judgment is poor judgment.","preference"
"The compliance audit and the third-party risk assessment together show: the biggest risk isn't our code — it's the sub-processor chain. We need a DPA with each and annual security reviews.","synthesis"
"To publish an open-source library: write a README, add CI tests, publish to the package registry, write a CHANGELOG.","procedural"
"To write an incident post-mortem: describe the timeline, root cause, impact, and corrective actions without blame (per protocol).","procedural"
"Dollar-cost averaging invests a fixed amount at regular intervals to reduce timing risk.","semantic"
"Audit contract terms at annually.","preference"
"Cross-site scripting injects malicious scripts into web pages viewed by other users.","semantic"
"Clinical note: reviewing the trial protocol and the interim data: the pre-specified subgroup analysis shows a strong signal in biomarker-positive patients. We should consider a label expansion strategy for that population.","synthesis"
"To implement a recommendation system: collect interaction data, train a model, serve via an API, evaluate with offline and online metrics (from post-mortem).","procedural"
"ML insight: combining the regulatory guidance and the trial data: a subgroup-specific label claim is viable. The path requires a supplemental NDA, but the commercial opportunity justifies the submission cost.","synthesis"
"Clinical note: to process a GDPR right-to-erasure request: identify all data stores, delete or anonymize, log the action, respond within 30 days.","procedural"
"Architecture note: use small PRs over raw Promise chains for the critical path.","preference"
"Garbage collection automatically reclaims memory no longer reachable by the program.","semantic"
"Every production service needs alerting on p99 latency, error rate, and saturation.","preference"
"The audit caught a $22K billing error that was credited immediately.","episodic"
"Game feel is the tactile satisfaction players experience from moment-to-moment actions.","semantic"
"Circuit breakers halt calls to degraded services to prevent cascading failures.","semantic"
"Rotate model performance baselines at quarterly.","preference"
"Rolling updates replace Pod instances gradually to avoid service interruptions.","semantic"
"All new features must have an owner and runbook before going into production.","preference"
"To analyze clinical trial results: unlock the database, run the pre-specified analysis, interpret effect sizes, write the report.","procedural"
"Lost the enterprise deal to a well-funded startup who underpriced us by 40 percent.","episodic"
"Resolved the race condition that was causing slow responses for the EU region.","episodic"
"Reviewing the annual review data and the retention patterns: engineers who received a promotion in year 2 have 3x lower attrition than those who didn't. Fast career progression is the top retention lever (verified).","synthesis"
"Team convention: the game telemetry and the session data together reveal: players who reach level 10 have a 90-day retention rate of 72 percent; those who don't have 8 percent. Level 10 is the real activation event.","synthesis"
"Published the preprint to arXiv and it received 400 views in the first day.","episodic"
"A DPA governs how a data processor handles personal data on behalf of the controller.","semantic"
"Shipped the CSV export after two weeks of engineering.","episodic"
"Tick rate is the frequency at which a game server updates game state per second (team standard).","semantic"
"In architecture planning, always test on a held-out set never seen during training.","preference"
"To monitor a model in production: track prediction distribution, input data drift, output confidence, and downstream task metrics.","procedural"
"Remember: use small PRs over raw Promise chains for the critical path.","preference"
"Review training data quality at quarterly.","preference"
"Fixed the timeout that was causing data corruption for enterprise customers.","episodic"
"Design decision: cRISPR-Cas9 enables precise DNA editing by guiding Cas9 to a target location.","semantic"
"Team convention: to implement a recommendation system: collect interaction data, train a model, serve via an API, evaluate with offline and online metrics.","procedural"
"Principle of least privilege grants only the permissions needed to complete a task (from the literature).","semantic"
"Principle: dijkstra's algorithm finds the shortest path in a weighted graph with non-negative edges.","semantic"
"To implement a circuit breaker: track failures in a rolling window, open the circuit at the threshold, probe with a test request.","procedural"
"To onboard a new customer: send welcome email, schedule kickoff, configure their account, assign a CSM.","procedural"
"JWT tokens consist of a header, payload, and signature separated by dots (empirically validated).","semantic"
"Note: to write an incident post-mortem: describe the timeline, root cause, impact, and corrective actions without blame.","procedural"
"The Eisenhower Matrix sorts tasks by urgency and importance into four quadrants.","semantic"
"Context: use small PRs over raw Promise chains for the critical path.","preference"
"Avoid merge without a reviewer —use a secrets manager.","preference"
"To process a GDPR right-to-erasure request: identify all data stores, delete or anonymize, log the action, respond within 30 days.","procedural"
"Closed the partnership deal with the logistics company worth $96K ARR.","episodic"
"The game telemetry and the session data together reveal: players who reach level 10 have a 90-day retention rate of 72 percent; those who don't have 8 percent. Level 10 is the real activation event.","synthesis"
"Choose boring technology over custom trained ones for the critical path (documented).","preference"
"To write an incident post-mortem: describe the timeline, root cause, impact, and corrective actions without blame (see runbook).","procedural"
"Insight: jWT tokens consist of a header, payload, and signature separated by dots.","semantic"
"Shipped the CSV export after six weeks of design work.","episodic"
"Hired the first ML engineer after five rounds of interviews.","episodic"
"Finding: to prepare a grant proposal: read the RFP, outline the aims, draft the research plan, budget, and write the abstract last.","procedural"
"Fixed the auth bug that was causing failures for enterprise customers.","episodic"
"Keep migrations stateless where possible.","preference"
"Debugged the null-pointer that was causing slow responses for the EU region.","episodic"
"Definition: reviewing the dataset audit and the model performance breakdown: label noise in the minority class is causing 70 percent of false negatives. Cleaning those labels is more urgent than more data.","synthesis"
"Product note: run model performance baselines at every funding event.","preference"
"Principle: tick rate is the frequency at which a game server updates game state per second.","semantic"
"To implement rate limiting: choose an algorithm (token bucket or leaky bucket), store state in Redis, return 429 on exceeding.","procedural"
"Open-source licenses must be reviewed before incorporating third-party code.","preference"
"To conduct a threat model: identify assets and trust boundaries, enumerate threats using STRIDE, assign controls, review (from post-mortem).","procedural"
"Completed the Series A integration last Thursday.","episodic"
"Research finding: after reviewing the infrastructure cost, the query patterns, and the database schema: migrating the high-read tables to a read replica eliminates 70 percent of the primary load at minimal cost.","synthesis"
"Established practice: to run a hyperparameter search: define the search space, choose a sampler (e.g., Bayesian), run parallel trials, select the best config.","procedural"
"Ops rule: reviewing the trial protocol and the interim data: the pre-specified subgroup analysis shows a strong signal in biomarker-positive patients. We should consider a label expansion strategy for that population.","synthesis"
"Keep error messages small and focused.","preference"
"The automated reconciliation caught a $8K billing error that was resolved with the vendor.","episodic"
"Lazy loading defers resource loading until it is actually needed.","semantic"
"Choose boring technology over custom trained ones for the critical path (verified).","preference"
"Caught a compliance issue affecting the export pipeline and scheduled a hotfix.","episodic"
"Patched the cache miss that was causing crashes for the EU region.","episodic"
"Tick rate is the frequency at which a game server updates game state per second (team convention).","semantic"
"Tick rate is the frequency at which a game server updates game state per second (per protocol).","semantic"
"Every production service needs alerting on p99 latency, error rate, and saturation (from post-mortem).","preference"
"A post-mortem documents what happened, the impact, and how to prevent recurrence.","semantic"
"Observation: to run an A/B test: define the metric, size the sample, implement the variant, run until significance, analyze.","procedural"
"ML insight: to run an A/B test: define the metric, size the sample, implement the variant, run until significance, analyze.","procedural"
"Type I error rejects a true null hypothesis; Type II error fails to reject a false one (from the literature).","semantic"
"Learning objectives should be measurable and tied to assessable outcomes.","preference"
"To run a hyperparameter search: define the search space, choose a sampler (e.g., Bayesian), run parallel trials, select the best config (from post-mortem).","procedural"
"Run model performance baselines at every funding event.","preference"
"Design decision: to write a technical RFC: describe the problem, propose a solution, list alternatives, address tradeoffs, request review.","procedural"
"ML insight: the ops cost model versus the revenue forecast shows gross margin will compress below 40 percent at current compute spend if we grow 3x. We need to optimize the inference stack before scaling.","synthesis"
"Key fact: to implement a save system in a game: define the save state schema, serialize to disk, test loading from each save point.","procedural"
"Use small PRs over raw Promise chains for the critical path (from the literature).","preference"
"Product note: all database migrations must have health-check endpoints before merging to main.","preference"
"Definition: combining the clinical endpoint data and the safety report: the treatment effect is meaningful only in the per-protocol population. The intent-to-treat analysis is driven by non-adherence, not lack of efficacy.","synthesis"
"Clinical note: after reviewing the legal opinion, the compliance gap analysis, and the customer contract: achieving SOC 2 Type II is the fastest path to unlocking the enterprise tier — we should start immediately.","synthesis"
"Finding: cross-referencing the vulnerability report and the asset inventory, 80 percent of critical findings map to three services. Prioritizing those three eliminates most of the attack surface.","synthesis"
"Completed the monolith-to-microservices migration with zero data loss.","episodic"
"Definition: cRISPR-Cas9 enables precise DNA editing by guiding Cas9 to a target location.","semantic"
"Principle of least privilege grants only the permissions needed to complete a task (per protocol).","semantic"
"To onboard a new engineer: give repo access, assign a buddy, schedule architecture walkthroughs, pair on the first PR.","procedural"
"To run a hyperparameter search: define the search space, choose a sampler (e.g., Bayesian), run parallel trials, select the best config (per protocol).","procedural"
"From the docs: reviewing the annual review data and the retention patterns: engineers who received a promotion in year 2 have 3x lower attrition than those who didn't. Fast career progression is the top retention lever.","synthesis"
"Shipped the API key management after one sprint of iteration.","episodic"
"Rule: tick rate is the frequency at which a game server updates game state per second.","semantic"
"Rule: the game telemetry and the session data together reveal: players who reach level 10 have a 90-day retention rate of 72 percent; those who don't have 8 percent. Level 10 is the real activation event.","synthesis"
"Merged the authentication migration on the first attempt.","episodic"
"Context: reviewing the dataset audit and the model performance breakdown: label noise in the minority class is causing 70 percent of false negatives. Cleaning those labels is more urgent than more data.","synthesis"
"The authentication service went down for overnight due to a botched migration — fixed by the on-call engineer.","episodic"
"Check run the full test suite before a production deploy.","preference"
"ML insight: type I error rejects a true null hypothesis; Type II error fails to reject a false one.","semantic"
"Avoid report a result without checking test assumptions —always test rollback before release.","preference"
"Keep functions atomic and well-described.","preference"
"Dijkstra's algorithm finds the shortest path in a weighted graph with non-negative edges (validated in prod).","semantic"
"Observation: to run a data quality audit: profile each column, check for nulls and outliers, validate against the schema, report findings.","procedural"
"A salt is a random value added to a password before hashing to prevent rainbow table attacks (from post-mortem).","semantic"
"Use small PRs over raw Promise chains for the critical path (per protocol).","preference"
"Remember: the outbox pattern reliably publishes events by writing them to the database alongside domain changes.","semantic"
"Synthesizing the three failure modes from the incident review: each traces back to a missing health check. Adding readiness probes across all services eliminates the class of failure.","synthesis"
"Design decision: reviewing the trial protocol and the interim data: the pre-specified subgroup analysis shows a strong signal in biomarker-positive patients. We should consider a label expansion strategy for that population.","synthesis"
"ML insight: after reviewing the legal opinion, the compliance gap analysis, and the customer contract: achieving SOC 2 Type II is the fastest path to unlocking the enterprise tier — we should start immediately.","synthesis"
"Key fact: prefer small PRs over novel tech for reviewability.","preference"
"Ran the A/B test on pricing and conversion improved by 12 percent.","episodic"
"Note: after reviewing the infrastructure cost, the query patterns, and the database schema: migrating the high-read tables to a read replica eliminates 70 percent of the primary load at minimal cost.","synthesis"
"Finding: the ops cost model versus the revenue forecast shows gross margin will compress below 40 percent at current compute spend if we grow 3x. We need to optimize the inference stack before scaling.","synthesis"
"Session fixation attacks set a known session ID before authentication to hijack the session.","semantic"
"Choose boring technology over custom trained ones for the critical path.","preference"
"Context: combining the clinical endpoint data and the safety report: the treatment effect is meaningful only in the per-protocol population. The intent-to-treat analysis is driven by non-adherence, not lack of efficacy.","synthesis"
"Review access control lists at monthly.","preference"
"Reviewing the three pilot customer deployments: two succeeded because they had an internal champion; one failed because they didn't. Champion identification is now a required qualification criterion (per protocol).","synthesis"
"Team convention: cross-referencing the content performance data and the audience analytics: our best-performing pieces are co-authored with practitioners — featuring one expert per month should increase both traffic and credibility.","synthesis"
"Cross-referencing the content performance data and the audience analytics: our best-performing pieces are co-authored with practitioners — featuring one expert per month should increase both traffic and credibility (from the literature).","synthesis"
"Insight: a salt is a random value added to a password before hashing to prevent rainbow table attacks.","semantic"
"Reviewing the trial protocol and the interim data: the pre-specified subgroup analysis shows a strong signal in biomarker-positive patients. We should consider a label expansion strategy for that population (team convention).","synthesis"
"Mutation testing measures test suite strength by checking if tests detect artificial bugs.","semantic"
"The ops cost model versus the revenue forecast shows gross margin will compress below 40 percent at current compute spend if we grow 3x. We need to optimize the inference stack before scaling (from the literature).","synthesis"
"The audit caught a $3K billing error that was credited immediately.","episodic"
"Definition: to prepare a grant proposal: read the RFP, outline the aims, draft the research plan, budget, and write the abstract last.","procedural"
"Architecture note: to implement a save system in a game: define the save state schema, serialize to disk, test loading from each save point.","procedural"
"The support ticket volume trend combined with the NPS data points to a single root cause: the API documentation is incomplete. Fixing docs is higher ROI than shipping new features this quarter (per protocol).","synthesis"
"Research finding: to build an onboarding curriculum: identify role competencies, map learning objectives, create modules, add assessments.","procedural"
"Responded to the certificate expiry incident that caused 15 minutes of write failures.","episodic"
"To run an A/B test: define the metric, size the sample, implement the variant, run until significance, analyze (documented).","procedural"
"Fuzzing is the practice of sending random or malformed inputs to find unexpected behaviors.","semantic"
"Definition: to train an ML model from scratch: collect data, preprocess, split into train/val/test, define architecture, train, evaluate, iterate.","procedural"
"Definition: reviewing the trial protocol and the interim data: the pre-specified subgroup analysis shows a strong signal in biomarker-positive patients. We should consider a label expansion strategy for that population.","synthesis"
"Synthesizing the customer feedback, the usage analytics, and the roadmap: three underused features are consuming 40 percent of engineering capacity. Cutting them frees the team to build the top-requested integration.","synthesis"
"All new features must have health-check endpoints before provisioning.","preference"
"To set up a Python project: create a virtual environment with python -m venv .venv, activate it, install dependencies, and run pre-commit install.","procedural"
"Never push directly to main — always go through a pull request.","preference"
"After reviewing the legal opinion, the compliance gap analysis, and the customer contract: achieving SOC 2 Type II is the fastest path to unlocking the enterprise tier — we should start immediately (documented).","synthesis"
"Enrolled the 100th patient in Phase I of the neurological trial.","episodic"
"Architecture note: the game telemetry and the session data together reveal: players who reach level 10 have a 90-day retention rate of 72 percent; those who don't have 8 percent. Level 10 is the real activation event.","synthesis"
"Definition: type I error rejects a true null hypothesis; Type II error fails to reject a false one.","semantic"
"Design decision: to prepare a grant proposal: read the RFP, outline the aims, draft the research plan, budget, and write the abstract last.","procedural"
"MRR hit $100K for the first time following the enterprise push.","episodic"
"Key fact: to run a hyperparameter search: define the search space, choose a sampler (e.g., Bayesian), run parallel trials, select the best config.","procedural"
"The code review data and the deployment frequency metrics together reveal: teams with PR cycle times under 24 hours ship 3x more frequently and have half the bug rate. The bottleneck is reviewer availability (verified).","synthesis"
"Meta-analysis statistically combines results across studies to produce pooled estimates.","semantic"
"Established practice: to prepare a grant proposal: read the RFP, outline the aims, draft the research plan, budget, and write the abstract last.","procedural"
"The YouTube Short went live and drove 400 new signups in one week.","episodic"
"The build system went down for 40 minutes due to a botched migration — restored from backup.","episodic"
"Principle: after reviewing the infrastructure cost, the query patterns, and the database schema: migrating the high-read tables to a read replica eliminates 70 percent of the primary load at minimal cost.","synthesis"
"Fine-tuned the base model on curated data and latency was reduced by 20 percent.","episodic"
"Found a security issue affecting EU customers and patched it immediately.","episodic"
"Established practice: principle of least privilege grants only the permissions needed to complete a task.","semantic"
"A salt is a random value added to a password before hashing to prevent rainbow table attacks (empirically validated).","semantic"
"Reviewing the dataset audit and the model performance breakdown: label noise in the minority class is causing 70 percent of false negatives. Cleaning those labels is more urgent than more data (team standard).","synthesis"
"Never run manual database queries on production without a backup in the same session.","preference"
"Bloom's Taxonomy classifies learning objectives from recall to creation.","semantic"
"Note: to implement a save system in a game: define the save state schema, serialize to disk, test loading from each save point.","procedural"
"Remember: to run a data quality audit: profile each column, check for nulls and outliers, validate against the schema, report findings.","procedural"
"Finding: combining the clinical endpoint data and the safety report: the treatment effect is meaningful only in the per-protocol population. The intent-to-treat analysis is driven by non-adherence, not lack of efficacy.","synthesis"
"Architecture note: to run a hyperparameter search: define the search space, choose a sampler (e.g., Bayesian), run parallel trials, select the best config.","procedural"
"To train an ML model from scratch: collect data, preprocess, split into train/val/test, define architecture, train, evaluate, iterate (documented).","procedural"
"Published the open-source library to the ACL Anthology and it received 400 views in two weeks.","episodic"
"Choose boring technology over custom trained ones for the critical path (team standard).","preference"
"Insight: choose boring technology over custom trained ones for the critical path.","preference"
"Horizontal Pod Autoscaler scales replicas based on CPU utilization or custom metrics.","semantic"
"The podcast episode went live and generated 8 inbound leads in 72 hours.","episodic"
"Product note: to run a data quality audit: profile each column, check for nulls and outliers, validate against the schema, report findings.","procedural"
"Research finding: pod disruption budgets limit the number of Pods that can be simultaneously unavailable.","semantic"
"Key fact: reviewing the dataset audit and the model performance breakdown: label noise in the minority class is causing 70 percent of false negatives. Cleaning those labels is more urgent than more data.","synthesis"
"A game loop runs update and render cycles at a fixed or variable rate each frame.","semantic"
"Responded to the certificate expiry incident that caused 15 minutes of degraded performance.","episodic"
"To handle a chargeback: gather transaction evidence, submit a rebuttal within the window, attach proof of delivery.","procedural"
"Design decision: gradient clipping caps gradient magnitudes to prevent exploding gradients during training.","semantic"
"The stress test ran for two hours and showed 3x throughput improvement.","episodic"
"Research finding: a contract test verifies that a service meets the expectations of its consumers.","semantic"
"Responded to the CDN outage incident that caused 20 minutes of write failures.","episodic"
"Load shedding drops low-priority requests under high load to protect critical capacity.","semantic"
"All database migrations must have health-check endpoints before merging to main (empirically validated).","preference"
"To write a technical RFC: describe the problem, propose a solution, list alternatives, address tradeoffs, request review (see runbook).","procedural"
"Reviewing the three pilot customer deployments: two succeeded because they had an internal champion; one failed because they didn't. Champion identification is now a required qualification criterion (verified).","synthesis"
"Completed the cloud migration with no user-facing impact.","episodic"
"To run a customer discovery interview: ask open-ended questions, listen 80 percent, take notes, avoid pitching.","procedural"
"To run a design sprint: define the challenge, sketch solutions, decide on one, prototype, and test with users in five days.","procedural"
"Insight: to prepare a grant proposal: read the RFP, outline the aims, draft the research plan, budget, and write the abstract last.","procedural"
"Insight: use small PRs over raw Promise chains for the critical path.","preference"
"From the docs: to rotate an API key: generate the new key, update all consumers, verify traffic, then revoke the old key.","procedural"
"All production services must have a signed DPA before going into production (see runbook).","preference"
"Team convention: combining the clinical endpoint data and the safety report: the treatment effect is meaningful only in the per-protocol population. The intent-to-treat analysis is driven by non-adherence, not lack of efficacy.","synthesis"
"To set up CI/CD: configure the repository trigger, add lint and test steps, add a deploy step gated on test pass (empirically validated).","procedural"
"Lost the partnership to the incumbent vendor who underpriced us by 40 percent.","episodic"
"Clinical note: to publish an open-source library: write a README, add CI tests, publish to the package registry, write a CHANGELOG.","procedural"
"Combining the vendor analysis and the build-versus-buy framework: building the feature in-house takes 8 weeks and $40K; the SaaS solution is $800/month and live in a day. For this non-core capability, buy.","synthesis"
"Run review error budgets before training a new model version.","preference"
"Shipped the SSO integration after three months of customer feedback cycles.","episodic"
"Never separate personal and business finances to manage risk.","preference"
"The stress test ran for two hours and hit the p99 latency target.","episodic"
"Closed the pilot deal with the logistics company worth $60K ARR.","episodic"
"The podcast episode went live and drove 400 new signups in 48 hours.","episodic"
"Key fact: the oncology market analysis and the Phase II data together suggest a breakthrough therapy designation filing is warranted. The accelerated pathway could save 18 months versus standard review.","synthesis"
"In enterprise sales, always test on a held-out set never seen during training.","preference"
"After reviewing the team's skill gaps, the project timeline, and the available budget: hiring a senior ML engineer closes the bottleneck faster than upskilling — the opportunity cost of delay is higher than the salary.","synthesis"
"Context: to implement a recommendation system: collect interaction data, train a model, serve via an API, evaluate with offline and online metrics.","procedural"
"Rule: to run a DSMB meeting: share interim data with the board, present safety summaries, receive a recommendation, document the outcome.","procedural"
"FIDO2 enables passwordless authentication using public-key cryptography.","semantic"
"Remember: to rotate an API key: generate the new key, update all consumers, verify traffic, then revoke the old key.","procedural"
"From the docs: jWT tokens consist of a header, payload, and signature separated by dots.","semantic"
"After reviewing the architecture and the team's velocity, the migration to microservices will take 18 months at current pace. Given the deadline, we should scope it to three services, not twelve (team standard).","synthesis"
"Reviewing the three pilot customer deployments: two succeeded because they had an internal champion; one failed because they didn't. Champion identification is now a required qualification criterion (see runbook).","synthesis"
"To evaluate a classifier: compute precision, recall, F1, and AUC on the held-out test set, inspect the confusion matrix.","procedural"
"Sagas coordinate long-lived distributed transactions through a sequence of steps.","semantic"
"Insight: all database migrations must have health-check endpoints before merging to main.","preference"
"Keep documentation stateless where possible.","preference"
"Product note: after reviewing the architecture and the team's velocity, the migration to microservices will take 18 months at current pace. Given the deadline, we should scope it to three services, not twelve.","synthesis"
"To run a DSMB meeting: share interim data with the board, present safety summaries, receive a recommendation, document the outcome (empirically validated).","procedural"
"Remember: to implement a recommendation system: collect interaction data, train a model, serve via an API, evaluate with offline and online metrics.","procedural"
"Principle of least privilege grants only the permissions needed to complete a task (documented).","semantic"
"Ops rule: tick rate is the frequency at which a game server updates game state per second.","semantic"
"Always document the reasoning config and secrets.","preference"
"Team convention: cRISPR-Cas9 enables precise DNA editing by guiding Cas9 to a target location.","semantic"
"Protocol deviations must be documented and reported, not concealed.","preference"
"Abstractions hide complexity but never eliminate it.","semantic"
"Principle of least privilege grants only the permissions needed to complete a task (verified).","semantic"
"Combining the NPS scores, the support ticket themes, and the exit interview data: all three point to the same moment of failure — the first time a user tries to share a project with a teammate.","synthesis"
"ML insight: gradient clipping caps gradient magnitudes to prevent exploding gradients during training.","semantic"
"Cross-referencing the content performance data and the audience analytics: our best-performing pieces are co-authored with practitioners — featuring one expert per month should increase both traffic and credibility (empirically validated).","synthesis"
"ML insight: to implement a save system in a game: define the save state schema, serialize to disk, test loading from each save point.","procedural"
"Reviewing the annual review data and the retention patterns: engineers who received a promotion in year 2 have 3x lower attrition than those who didn't. Fast career progression is the top retention lever (from the literature).","synthesis"
"Never add a game mechanic you cannot explain in one sentence to a new player.","preference"
"Design decision: the patent landscape analysis and the product roadmap show overlap with three existing patents. Two are unlikely to be infringed; one requires a design change — cheaper to change now than in litigation.","synthesis"
"The YouTube Short went live and generated 8 inbound leads in 72 hours.","episodic"
"Architecture note: reviewing the annual review data and the retention patterns: engineers who received a promotion in year 2 have 3x lower attrition than those who didn't. Fast career progression is the top retention lever.","synthesis"
"Team convention: after reviewing the legal opinion, the compliance gap analysis, and the customer contract: achieving SOC 2 Type II is the fastest path to unlocking the enterprise tier — we should start immediately.","synthesis"
"To deprecate a feature: announce with 90 days notice, mark the API as deprecated, add warnings, remove after the window.","procedural"
"Prefer write tests before implementing committing to a sample size.","preference"
"JWT tokens consist of a header, payload, and signature separated by dots (validated in prod).","semantic"
"Keep services atomic and well-described.","preference"
"Finding: dijkstra's algorithm finds the shortest path in a weighted graph with non-negative edges.","semantic"
"A sidecar container runs alongside the main container in a Pod for cross-cutting concerns.","semantic"
"Responded to the CDN outage incident that caused 2 hours of elevated error rates.","episodic"
"Ops rule: always log at structured JSON architecture decisions.","preference"
"Choose boring technology over custom trained ones for the critical path (from post-mortem).","preference"
"Always keep 6 months of operating expenses in reserve to avoid insolvency.","preference"
"ML insight: to conduct a threat model: identify assets and trust boundaries, enumerate threats using STRIDE, assign controls, review.","procedural"
"To implement a recommendation system: collect interaction data, train a model, serve via an API, evaluate with offline and online metrics (see runbook).","procedural"
"After cross-referencing the competitor analysis and the user research, we are uniquely positioned in one segment — agents that need persistent memory — and should stop trying to win the general-purpose market.","synthesis"
"To write an incident post-mortem: describe the timeline, root cause, impact, and corrective actions without blame (from post-mortem).","procedural"
"Health checks probe service availability and readiness to receive traffic.","semantic"
"Clinical note: choose small PRs over large ones to reduce configuration drift.","preference"
"After reviewing the architecture and the team's velocity, the migration to microservices will take 18 months at current pace. Given the deadline, we should scope it to three services, not twelve (documented).","synthesis"
"In production incidents, document every deviation from the registered plan.","preference"
"Reviewing the dataset audit and the model performance breakdown: label noise in the minority class is causing 70 percent of false negatives. Cleaning those labels is more urgent than more data (documented).","synthesis"
"Completed the database migration with no user-facing impact.","episodic"
"The YouTube Short went live and hit 14,000 views in 48 hours.","episodic"
"Principle: all database migrations must have health-check endpoints before merging to main.","preference"
"From the docs: after reviewing the legal opinion, the compliance gap analysis, and the customer contract: achieving SOC 2 Type II is the fastest path to unlocking the enterprise tier — we should start immediately.","synthesis"
"Design decision: dijkstra's algorithm finds the shortest path in a weighted graph with non-negative edges.","semantic"
"Default to document the reasoning config and secrets.","preference"
"After reviewing the legal opinion, the compliance gap analysis, and the customer contract: achieving SOC 2 Type II is the fastest path to unlocking the enterprise tier — we should start immediately (empirically validated).","synthesis"
"Design decision: use small PRs over raw Promise chains for the critical path.","preference"
"To run a preregistration: write hypotheses and analysis plan, submit to OSF before data collection begins.","procedural"
"Check back up the database before shipping a release.","preference"
"Resolved the auth bug that was causing incorrect results for mobile users.","episodic"
"Choose small PRs over large ones to reduce configuration drift (from the literature).","preference"
"A circuit breaker transitions from closed to open after exceeding a failure threshold.","semantic"
"The authentication service went down for 40 minutes due to a botched migration — restored from backup.","episodic"
"Context: always log at structured JSON architecture decisions.","preference"
"To conduct user research: define the question, recruit participants, run sessions, synthesize findings, share insights.","procedural"
"Product note: pod disruption budgets limit the number of Pods that can be simultaneously unavailable.","semantic"
"Rule: to publish an open-source library: write a README, add CI tests, publish to the package registry, write a CHANGELOG.","procedural"
"Clinical note: to run an A/B test: define the metric, size the sample, implement the variant, run until significance, analyze.","procedural"
"Definition: after reviewing the legal opinion, the compliance gap analysis, and the customer contract: achieving SOC 2 Type II is the fastest path to unlocking the enterprise tier — we should start immediately.","synthesis"
"Research finding: reviewing the trial protocol and the interim data: the pre-specified subgroup analysis shows a strong signal in biomarker-positive patients. We should consider a label expansion strategy for that population.","synthesis"
"Design decision: to implement a recommendation system: collect interaction data, train a model, serve via an API, evaluate with offline and online metrics.","procedural"
"After reviewing the infrastructure cost, the query patterns, and the database schema: migrating the high-read tables to a read replica eliminates 70 percent of the primary load at minimal cost (verified).","synthesis"
"Merged the billing module without downtime.","episodic"
"Design decision: every production service needs alerting on p99 latency, error rate, and saturation.","preference"
"To run a DSMB meeting: share interim data with the board, present safety summaries, receive a recommendation, document the outcome (verified).","procedural"
"Choose small PRs over large ones to reduce configuration drift (empirically validated).","preference"
"Fixed the config hotfix on the first attempt.","episodic"
"Principle of least privilege grants only the permissions needed to complete a task (team convention).","semantic"
"Ran the pilot with five customers and hit the primary success metric.","episodic"
"Pod disruption budgets limit the number of Pods that can be simultaneously unavailable (documented).","semantic"
"Reached the launch milestone last Thursday.","episodic"
"Active recall is more effective than passive re-reading for retaining information.","semantic"
"Run model performance baselines at every funding event (empirically validated).","preference"
"Default to log at structured JSON collecting data.","preference"
"Content delivery networks cache static assets at edge nodes close to end users.","semantic"
"MRR hit $1M for the first time this quarter.","episodic"
"The financial audit, the pricing model, and the churn data together suggest that annual billing incentivized by a discount will reduce churn by 20 percent and improve cash flow simultaneously.","synthesis"
"Published the model checkpoint to GitHub and it hit 1,000 stars in 48 hours.","episodic"
"Design decision: to run a DSMB meeting: share interim data with the board, present safety summaries, receive a recommendation, document the outcome.","procedural"
"Enrolled the 200th patient in Phase II of the neurological trial.","episodic"
"Established practice: choose small PRs over large ones to reduce configuration drift.","preference"
"Completed the cloud migration without downtime.","episodic"
"To write an end-to-end test: set up the test environment, seed data, run the full user flow, assert on the final state.","procedural"
"Update content performance at every funding event.","preference"
"Published the open-source library to GitHub and it hit 1,000 stars in 48 hours.","episodic"
"To run a DSMB meeting: share interim data with the board, present safety summaries, receive a recommendation, document the outcome (from the literature).","procedural"
"Observation: a contract test verifies that a service meets the expectations of its consumers.","semantic"
"Rule: to implement distributed tracing: instrument with OpenTelemetry, export spans to Jaeger or Tempo, create a service map.","procedural"
"Key fact: to run a DSMB meeting: share interim data with the board, present safety summaries, receive a recommendation, document the outcome.","procedural"
"Definition: a contract test verifies that a service meets the expectations of its consumers.","semantic"
"Don't collect data you don't have a use case for —always test rollback before release.","preference"
"Observation: after reviewing the architecture and the team's velocity, the migration to microservices will take 18 months at current pace. Given the deadline, we should scope it to three services, not twelve.","synthesis"
"Enrolled the 50th patient in Phase III of the immunology trial.","episodic"
"To run a clinical safety review: pull adverse event data, classify by CTCAE, present to the DSMB, document the outcome.","procedural"
"Prefer electronic data capture over paper for accuracy and traceability.","preference"
"Note: cross-referencing the vulnerability report and the asset inventory, 80 percent of critical findings map to three services. Prioritizing those three eliminates most of the attack surface.","synthesis"
"Don't collect data you don't have a use case for —at least one reviewer who didn't write the code.","preference"
"Rule: gradient clipping caps gradient magnitudes to prevent exploding gradients during training.","semantic"
"The support ticket volume trend combined with the NPS data points to a single root cause: the API documentation is incomplete. Fixing docs is higher ROI than shipping new features this quarter (verified).","synthesis"
"Document everything that will confuse you in three months.","preference"
"To conduct a threat model: identify assets and trust boundaries, enumerate threats using STRIDE, assign controls, review (see runbook).","procedural"
"A foreign key constraint enforces referential integrity between two database tables.","semantic"
"Responded to the certificate expiry incident that caused 15 minutes of partial downtime.","episodic"
"Keep services stateless where possible — store state in purpose-built stores.","preference"
"Principle: the support ticket volume trend combined with the NPS data points to a single root cause: the API documentation is incomplete. Fixing docs is higher ROI than shipping new features this quarter.","synthesis"
"Design decision: to run a data quality audit: profile each column, check for nulls and outliers, validate against the schema, report findings.","procedural"
"Clinical note: to implement a save system in a game: define the save state schema, serialize to disk, test loading from each save point.","procedural"
"Clinical note: type I error rejects a true null hypothesis; Type II error fails to reject a false one.","semantic"
"Observability is the ability to infer a system's internal state from its outputs.","semantic"
"Hired the first DevOps lead after three rounds of interviews.","episodic"
"A B-tree is a self-balancing structure used in databases for efficient disk access.","semantic"
"In architecture planning, never compromise patient safety for timelines.","preference"
"To implement a recommendation system: collect interaction data, train a model, serve via an API, evaluate with offline and online metrics.","procedural"
"Rotate contract terms at weekly.","preference"
"Dependency injection provides dependencies from outside a class rather than creating them internally.","semantic"
"Ops rule: to train an ML model from scratch: collect data, preprocess, split into train/val/test, define architecture, train, evaluate, iterate.","procedural"
"The ops cost model versus the revenue forecast shows gross margin will compress below 40 percent at current compute spend if we grow 3x. We need to optimize the inference stack before scaling (see runbook).","synthesis"
"Team convention: tick rate is the frequency at which a game server updates game state per second.","semantic"
"Tick rate is the frequency at which a game server updates game state per second (from the literature).","semantic"
"Completed the CI/CD migration under the maintenance window.","episodic"
"Ops rule: choose boring technology over custom trained ones for the critical path.","preference"
"Architecture note: to implement distributed tracing: instrument with OpenTelemetry, export spans to Jaeger or Tempo, create a service map.","procedural"
"Prefer feature flags over long-lived branches for progressive delivery.","preference"
"Product note: reviewing the dataset audit and the model performance breakdown: label noise in the minority class is causing 70 percent of false negatives. Cleaning those labels is more urgent than more data.","synthesis"
"To implement distributed tracing: instrument with OpenTelemetry, export spans to Jaeger or Tempo, create a service map (documented).","procedural"
"ML insight: cross-referencing the vulnerability report and the asset inventory, 80 percent of critical findings map to three services. Prioritizing those three eliminates most of the attack surface.","synthesis"
"Key fact: the game telemetry and the session data together reveal: players who reach level 10 have a 90-day retention rate of 72 percent; those who don't have 8 percent. Level 10 is the real activation event.","synthesis"
"Context: to write a technical RFC: describe the problem, propose a solution, list alternatives, address tradeoffs, request review.","procedural"
"Audit training data quality at quarterly.","preference"
"Established practice: after reviewing the legal opinion, the compliance gap analysis, and the customer contract: achieving SOC 2 Type II is the fastest path to unlocking the enterprise tier — we should start immediately.","synthesis"
"To publish an open-source library: write a README, add CI tests, publish to the package registry, write a CHANGELOG (empirically validated).","procedural"
"Ops rule: to run an A/B test: define the metric, size the sample, implement the variant, run until significance, analyze.","procedural"
"The case study went live and hit 14,000 views in the first day.","episodic"
"A rate limiter restricts the number of requests a client can make in a given window.","semantic"
"Cross-referencing the revenue model with the burn rate and credit runway, we need $8K MRR by month 10 to be self-sustaining — that requires 422 paying customers at the current price point.","synthesis"
"To conduct a threat model: identify assets and trust boundaries, enumerate threats using STRIDE, assign controls, review (validated in prod).","procedural"
"Provide feedback within 24 hours — delayed feedback loses impact.","preference"
"To run a DSMB meeting: share interim data with the board, present safety summaries, receive a recommendation, document the outcome (team standard).","procedural"
"Finding: use small PRs over raw Promise chains for the critical path.","preference"
"Rule: combining the regulatory guidance and the trial data: a subgroup-specific label claim is viable. The path requires a supplemental NDA, but the commercial opportunity justifies the submission cost.","synthesis"
"Ops rule: to run a DSMB meeting: share interim data with the board, present safety summaries, receive a recommendation, document the outcome.","procedural"
"Churn rate is the percentage of customers who cancel in a given period.","semantic"
"Never invest in assets you don't understand to handle unexpected downturns.","preference"
"Remember: a salt is a random value added to a password before hashing to prevent rainbow table attacks.","semantic"
"The support ticket volume trend combined with the NPS data points to a single root cause: the API documentation is incomplete. Fixing docs is higher ROI than shipping new features this quarter (validated in prod).","synthesis"
"Insight: after reviewing the infrastructure cost, the query patterns, and the database schema: migrating the high-read tables to a read replica eliminates 70 percent of the primary load at minimal cost.","synthesis"
"The API gateway went down for 2 hours due to an OOM condition — fixed by the on-call engineer.","episodic"
"Run rotate credentials before shipping a release.","preference"
"Principle: reviewing the three pilot customer deployments: two succeeded because they had an internal champion; one failed because they didn't. Champion identification is now a required qualification criterion.","synthesis"
"Rule: jWT tokens consist of a header, payload, and signature separated by dots.","semantic"
"Lost the pilot to a larger competitor who underpriced us by 40 percent.","episodic"
"Definition: to run a DSMB meeting: share interim data with the board, present safety summaries, receive a recommendation, document the outcome.","procedural"
"A validating admission webhook enforces policies by rejecting non-compliant objects.","semantic"
"Reviewing the trial protocol and the interim data: the pre-specified subgroup analysis shows a strong signal in biomarker-positive patients. We should consider a label expansion strategy for that population (empirically validated).","synthesis"
"Product note: all production services must have a signed DPA before going into production.","preference"
"In production incidents, always get the commitment in writing before starting work.","preference"
"Clinical note: the content performance data and the keyword analysis show our highest-traffic pages have the lowest conversion. Adding intent-aligned CTAs to those pages is the highest-ROI intervention available.","synthesis"
"Resolved the cache miss that was causing timeouts for enterprise customers.","episodic"
"To train an ML model from scratch: collect data, preprocess, split into train/val/test, define architecture, train, evaluate, iterate (per protocol).","procedural"
"Definition: the content performance data and the keyword analysis show our highest-traffic pages have the lowest conversion. Adding intent-aligned CTAs to those pages is the highest-ROI intervention available.","synthesis"
"To write a technical RFC: describe the problem, propose a solution, list alternatives, address tradeoffs, request review (from post-mortem).","procedural"
"Pod disruption budgets limit the number of Pods that can be simultaneously unavailable (team standard).","semantic"
"Definition: to run a hyperparameter search: define the search space, choose a sampler (e.g., Bayesian), run parallel trials, select the best config.","procedural"
"From the docs: gradient clipping caps gradient magnitudes to prevent exploding gradients during training.","semantic"
"Context: after reviewing the infrastructure cost, the query patterns, and the database schema: migrating the high-read tables to a read replica eliminates 70 percent of the primary load at minimal cost.","synthesis"
"Observation: the patent landscape analysis and the product roadmap show overlap with three existing patents. Two are unlikely to be infringed; one requires a design change — cheaper to change now than in litigation.","synthesis"
"Finding: the oncology market analysis and the Phase II data together suggest a breakthrough therapy designation filing is warranted. The accelerated pathway could save 18 months versus standard review.","synthesis"
"Memoization trades memory for speed by caching previously computed results.","semantic"
"Enrolled the 200th patient in Phase III of the cardiovascular trial.","episodic"
"Closed the pilot deal with HealthFlow Inc worth $360K ARR.","episodic"
"Responded to the database failover incident that caused 2 hours of data unavailability.","episodic"
"The blood-brain barrier restricts most molecules from entering the central nervous system.","semantic"
"Keep commits deterministic.","preference"
"Team convention: to process a GDPR right-to-erasure request: identify all data stores, delete or anonymize, log the action, respond within 30 days.","procedural"
"Ops rule: the patent landscape analysis and the product roadmap show overlap with three existing patents. Two are unlikely to be infringed; one requires a design change — cheaper to change now than in litigation.","synthesis"
"To run an A/B test: define the metric, size the sample, implement the variant, run until significance, analyze.","procedural"
"Always pay vendors on time to compound your reliability reputation.","preference"
"All new features must have a model card before shipping.","preference"
"Observation: a salt is a random value added to a password before hashing to prevent rainbow table attacks.","semantic"
"Key fact: use small PRs over raw Promise chains for the critical path.","preference"
"Referential transparency means a function always returns the same value for the same input.","semantic"
"To implement a recommendation system: collect interaction data, train a model, serve via an API, evaluate with offline and online metrics (from the literature).","procedural"
"To run a quarterly business review: review OKRs, analyze revenue and churn, present customer health, set next quarter priorities.","procedural"
"Observation: cross-referencing the content performance data and the audience analytics: our best-performing pieces are co-authored with practitioners — featuring one expert per month should increase both traffic and credibility.","synthesis"
"To repurpose a piece of content: start with long-form, extract quotes for social, summarize for email, clip for short-form video.","procedural"
"The authentication service went down for overnight due to an expired certificate — reverted the deployment.","episodic"
"From the docs: the oncology market analysis and the Phase II data together suggest a breakthrough therapy designation filing is warranted. The accelerated pathway could save 18 months versus standard review.","synthesis"
"Insight: prefer small PRs over novel tech for reviewability.","preference"
"Insight: gradient clipping caps gradient magnitudes to prevent exploding gradients during training.","semantic"
"Product note: to implement a save system in a game: define the save state schema, serialize to disk, test loading from each save point.","procedural"
"Rule: reviewing the annual review data and the retention patterns: engineers who received a promotion in year 2 have 3x lower attrition than those who didn't. Fast career progression is the top retention lever.","synthesis"
"After reviewing the infrastructure cost, the query patterns, and the database schema: migrating the high-read tables to a read replica eliminates 70 percent of the primary load at minimal cost (validated in prod).","synthesis"
"Cross-referencing the error logs and the deployment history: every spike in error rate correlates with a deploy event. We need feature flags on all user-facing changes to decouple deploy from release.","synthesis"
"Fine-tuned the instruction-tuned model on annotated data and latency was reduced by 20 percent.","episodic"
"Fine-tuned the base model on curated data and accuracy jumped 8 points.","episodic"
"To ship a mobile game patch: fix the bug, increment the build number, test on real devices, submit to the store.","procedural"
"A p-value below 0.05 is conventionally considered statistically significant.","semantic"
"Synthesizing the game economy data and the player survey: the hard currency sink is underperforming because the rewards aren't visible enough. Improving reward feedback increases perceived value without changing the actual math.","synthesis"
"Insight: cRISPR-Cas9 enables precise DNA editing by guiding Cas9 to a target location.","semantic"
"WebSockets maintain a persistent, full-duplex connection between client and server.","semantic"
"The build system went down for 4 hours due to an OOM condition — reverted the deployment.","episodic"
"Context: to set up CI/CD: configure the repository trigger, add lint and test steps, add a deploy step gated on test pass.","procedural"
"Architecture note: jWT tokens consist of a header, payload, and signature separated by dots.","semantic"
"The load test ran for 30 minutes and showed 3x throughput improvement.","episodic"
"Overfitting occurs when a model memorizes training data and fails to generalize.","semantic"
"Principle: to build an onboarding curriculum: identify role competencies, map learning objectives, create modules, add assessments.","procedural"
"Insight: reviewing the three pilot customer deployments: two succeeded because they had an internal champion; one failed because they didn't. Champion identification is now a required qualification criterion.","synthesis"
"Established practice: to implement distributed tracing: instrument with OpenTelemetry, export spans to Jaeger or Tempo, create a service map.","procedural"
"ML insight: reviewing the dataset audit and the model performance breakdown: label noise in the minority class is causing 70 percent of false negatives. Cleaning those labels is more urgent than more data.","synthesis"
"Design decision: after reviewing the architecture and the team's velocity, the migration to microservices will take 18 months at current pace. Given the deadline, we should scope it to three services, not twelve.","synthesis"
"Principle: the content performance data and the keyword analysis show our highest-traffic pages have the lowest conversion. Adding intent-aligned CTAs to those pages is the highest-ROI intervention available.","synthesis"
"All cloud resources must have a signed DPA before going into production.","preference"
"Principle of least privilege grants only the permissions needed to complete a task (validated in prod).","semantic"
"All cloud resources must have OpenAPI documentation before merging to main.","preference"
"Finding: to rotate an API key: generate the new key, update all consumers, verify traffic, then revoke the old key.","procedural"
"Fine-tuned the retrieval model on curated data and F1 improved by 6 percent.","episodic"
"Enrolled the 100th patient in Phase II of the immunology trial.","episodic"
"Observation: dijkstra's algorithm finds the shortest path in a weighted graph with non-negative edges.","semantic"
"The CFO review caught a $22K vendor overcharge that was recovered in the next cycle.","episodic"
"The integration test suite ran for six hours and passed with zero failures.","episodic"
"Never invest in assets you don't understand to compound your reliability reputation.","preference"
"Infrastructure as Code treats provisioning as software — versioned, tested, automated.","semantic"
"Ran the canary deployment and hit the primary success metric.","episodic"
"Rotate dependency security scans at every funding event.","preference"
"To set up affiliate tracking: generate unique links per affiliate, track conversions, reconcile payouts monthly.","procedural"
"To run a red-team exercise: define the objective, form the team, execute attacks, document findings, present remediation plan.","procedural"
"Prefer small PRs over novel tech for reviewability.","preference"
"Remember: pod disruption budgets limit the number of Pods that can be simultaneously unavailable.","semantic"
"From the docs: type I error rejects a true null hypothesis; Type II error fails to reject a false one.","semantic"
"The oncology market analysis and the Phase II data together suggest a breakthrough therapy designation filing is warranted. The accelerated pathway could save 18 months versus standard review (validated in prod).","synthesis"
"Published the preprint to Hugging Face and it generated 10 citations in one week.","episodic"
"Published the paper to GitHub and it received 400 views in 72 hours.","episodic"
"Lost the contract to the incumbent vendor who had better brand recognition.","episodic"
"Clinical note: the ops cost model versus the revenue forecast shows gross margin will compress below 40 percent at current compute spend if we grow 3x. We need to optimize the inference stack before scaling.","synthesis"
"Rule: cross-referencing the content performance data and the audience analytics: our best-performing pieces are co-authored with practitioners — featuring one expert per month should increase both traffic and credibility.","synthesis"
"Rule: to rotate an API key: generate the new key, update all consumers, verify traffic, then revoke the old key.","procedural"
"CRISPR-Cas9 enables precise DNA editing by guiding Cas9 to a target location (from post-mortem).","semantic"
"Avoid write tests before implementing production changes.","preference"
"Conway's Law: organizations design systems mirroring their own communication structures.","semantic"
"Avoid merge without a reviewer —significance alone is insufficient.","preference"
"Rule: always log at structured JSON architecture decisions.","preference"
"Completed the cloud migration ahead of schedule.","episodic"
"To run a phishing simulation: use a security awareness platform, craft a realistic email, measure click rate, train those who clicked.","procedural"
"Insight: combining the regulatory guidance and the trial data: a subgroup-specific label claim is viable. The path requires a supplemental NDA, but the commercial opportunity justifies the submission cost.","synthesis"
"Principle: reviewing the dataset audit and the model performance breakdown: label noise in the minority class is causing 70 percent of false negatives. Cleaning those labels is more urgent than more data.","synthesis"
"From the docs: pod disruption budgets limit the number of Pods that can be simultaneously unavailable.","semantic"
"Responded to the certificate expiry incident that caused 4 hours of elevated error rates.","episodic"
"Never use a vendor for sensitive data processing without a signed DPA.","preference"
"Lost the RFP to a well-funded startup who had better brand recognition.","episodic"
"Choose small PRs over large ones to reduce configuration drift (see runbook).","preference"
"Finding: choose boring technology over custom trained ones for the critical path.","preference"
"Prefer separate personal and business finances to avoid insolvency.","preference"
"The game telemetry and the session data together reveal: players who reach level 10 have a 90-day retention rate of 72 percent; those who don't have 8 percent. Level 10 is the real activation event (team standard).","synthesis"
"From the docs: to write an incident post-mortem: describe the timeline, root cause, impact, and corrective actions without blame.","procedural"
"Enrolled the 200th patient in Phase I of the immunology trial.","episodic"
"JWT tokens consist of a header, payload, and signature separated by dots (per protocol).","semantic"
"Responded to the DDoS incident that caused 2 hours of elevated error rates.","episodic"
"Curriculum should be revised after every cohort based on completion data.","preference"
"To run a data quality audit: profile each column, check for nulls and outliers, validate against the schema, report findings (from post-mortem).","procedural"
"From the docs: cross-referencing the vulnerability report and the asset inventory, 80 percent of critical findings map to three services. Prioritizing those three eliminates most of the attack surface.","synthesis"
"Use small PRs over raw Promise chains for the critical path (validated in prod).","preference"
"Always verify rollback works before a major release.","preference"
"Research finding: jWT tokens consist of a header, payload, and signature separated by dots.","semantic"
"Established practice: reviewing the three pilot customer deployments: two succeeded because they had an internal champion; one failed because they didn't. Champion identification is now a required qualification criterion.","synthesis"
"MRR hit $10K for the first time in month 14.","episodic"
"Enrolled the 200th patient in Phase III of the metabolic trial.","episodic"
"Shipped the CSV export after one sprint of iteration.","episodic"
"Ops rule: to build an onboarding curriculum: identify role competencies, map learning objectives, create modules, add assessments.","procedural"
"Reviewing the dataset audit and the model performance breakdown: label noise in the minority class is causing 70 percent of false negatives. Cleaning those labels is more urgent than more data (see runbook).","synthesis"
"A system's behavior under load reveals its true design.","semantic"
"To decommission a service: route traffic away, verify zero calls, archive the code, remove infra, update documentation.","procedural"
"Remember: prefer small PRs over novel tech for reviewability.","preference"
"Team convention: to run an A/B test: define the metric, size the sample, implement the variant, run until significance, analyze.","procedural"
"To set up a new SaaS subscription tier: define the limits, update the billing system, add gating logic, update pricing page.","procedural"
"To implement a recommendation system: collect interaction data, train a model, serve via an API, evaluate with offline and online metrics (empirically validated).","procedural"
"Lost the RFP to the incumbent vendor who had an existing relationship.","episodic"
"Context: to implement a save system in a game: define the save state schema, serialize to disk, test loading from each save point.","procedural"
"From the docs: to publish an open-source library: write a README, add CI tests, publish to the package registry, write a CHANGELOG.","procedural"
"Note: every production service needs alerting on p99 latency, error rate, and saturation.","preference"
"Separate personal and business finances from day one.","preference"
"Shipped the 2FA after three months of customer feedback cycles.","episodic"
"Automate the repetitive, not the judgment-intensive.","preference"
"Team convention: reviewing the dataset audit and the model performance breakdown: label noise in the minority class is causing 70 percent of false negatives. Cleaning those labels is more urgent than more data.","synthesis"
"Default to run a power analysis before enrolling participants.","preference"
"Responded to the DDoS incident that caused 4 hours of elevated error rates.","episodic"
"Keep an audit trail for all access to sensitive customer data.","preference"
"To add internationalization: extract all strings to a locale file, load the correct file on startup, test with a right-to-left language.","procedural"
"Observation: after reviewing the infrastructure cost, the query patterns, and the database schema: migrating the high-read tables to a read replica eliminates 70 percent of the primary load at minimal cost.","synthesis"
"To update a privacy policy: identify what changed, update the policy, notify users, publish the new version.","procedural"
"Finding: principle of least privilege grants only the permissions needed to complete a task.","semantic"
"Run verify rollback works before a major release.","preference"
"Rule: the support ticket volume trend combined with the NPS data points to a single root cause: the API documentation is incomplete. Fixing docs is higher ROI than shipping new features this quarter.","synthesis"
"Closed the strategic deal with the logistics company worth $96K ARR.","episodic"
"Design decision: pod disruption budgets limit the number of Pods that can be simultaneously unavailable.","semantic"
"Shipped the API key management after three months of back-and-forth with the team.","episodic"
"Combining the regulatory guidance and the trial data: a subgroup-specific label claim is viable. The path requires a supplemental NDA, but the commercial opportunity justifies the submission cost (verified).","synthesis"
"Insight: a contract test verifies that a service meets the expectations of its consumers.","semantic"
"Patched the timeout that was causing crashes for mobile users.","episodic"
"An RCT randomly assigns participants to treatment and control groups to isolate causal effects.","semantic"
"The integration test suite ran for 30 minutes and hit the p99 latency target.","episodic"
"Product note: the code review data and the deployment frequency metrics together reveal: teams with PR cycle times under 24 hours ship 3x more frequently and have half the bug rate. The bottleneck is reviewer availability.","synthesis"
"After reviewing the infrastructure cost, the query patterns, and the database schema: migrating the high-read tables to a read replica eliminates 70 percent of the primary load at minimal cost (per protocol).","synthesis"
"Research finding: reviewing the dataset audit and the model performance breakdown: label noise in the minority class is causing 70 percent of false negatives. Cleaning those labels is more urgent than more data.","synthesis"
"Update access control lists at annually.","preference"
"To write a technical RFC: describe the problem, propose a solution, list alternatives, address tradeoffs, request review.","procedural"
"Rule: after reviewing the legal opinion, the compliance gap analysis, and the customer contract: achieving SOC 2 Type II is the fastest path to unlocking the enterprise tier — we should start immediately.","synthesis"
"An idempotency key allows clients to safely retry requests without duplicate side effects.","semantic"
"The integration test suite ran for overnight and hit the p99 latency target.","episodic"
"Insight: tick rate is the frequency at which a game server updates game state per second.","semantic"
"Established practice: to run a DSMB meeting: share interim data with the board, present safety summaries, receive a recommendation, document the outcome.","procedural"
"Hit the beta deal ahead of schedule.","episodic"
"Note: run model performance baselines at every funding event.","preference"
"Choose small PRs over large ones to reduce configuration drift (team standard).","preference"
"Note: to conduct a threat model: identify assets and trust boundaries, enumerate threats using STRIDE, assign controls, review.","procedural"
"Ops rule: the oncology market analysis and the Phase II data together suggest a breakthrough therapy designation filing is warranted. The accelerated pathway could save 18 months versus standard review.","synthesis"
"Definition: gradient clipping caps gradient magnitudes to prevent exploding gradients during training.","semantic"
"Observation: reviewing the trial protocol and the interim data: the pre-specified subgroup analysis shows a strong signal in biomarker-positive patients. We should consider a label expansion strategy for that population.","synthesis"
"Research finding: the code review data and the deployment frequency metrics together reveal: teams with PR cycle times under 24 hours ship 3x more frequently and have half the bug rate. The bottleneck is reviewer availability.","synthesis"
"Test check for label noise before a major release.","preference"
"ML insight: to train an ML model from scratch: collect data, preprocess, split into train/val/test, define architecture, train, evaluate, iterate.","procedural"
"Don't store secrets in env files —always test rollback before release.","preference"
"Keep documentation idempotent.","preference"
"To conduct a threat model: identify assets and trust boundaries, enumerate threats using STRIDE, assign controls, review (per protocol).","procedural"
"Published the model checkpoint to PyPI and it was downloaded 5,000 times in 72 hours.","episodic"
"Established practice: to train an ML model from scratch: collect data, preprocess, split into train/val/test, define architecture, train, evaluate, iterate.","procedural"
"Keep services under 30 lines.","preference"
"The content performance data and the keyword analysis show our highest-traffic pages have the lowest conversion. Adding intent-aligned CTAs to those pages is the highest-ROI intervention available (per protocol).","synthesis"
"Design decision: to implement a save system in a game: define the save state schema, serialize to disk, test loading from each save point.","procedural"
"Deployed the notification hotfix ahead of schedule.","episodic"
"Discovered a compliance issue affecting 8 percent of users and raised it in the incident channel.","episodic"
"Design decision: choose small PRs over large ones to reduce configuration drift.","preference"
"Insight: run model performance baselines at every funding event.","preference"
"Email open rate is the percentage of recipients who opened a given campaign.","semantic"
"Keep functions idempotent.","preference"
"Tick rate is the frequency at which a game server updates game state per second (validated in prod).","semantic"
"JWT tokens consist of a header, payload, and signature separated by dots (team standard).","semantic"
"Product note: to process a GDPR right-to-erasure request: identify all data stores, delete or anonymize, log the action, respond within 30 days.","procedural"
"Shipped the mobile app after one sprint of iteration.","episodic"
"To write a cold email: lead with the problem, show you understand their context, offer one specific value, have a clear ask.","procedural"
"The integration test suite ran for overnight and passed with zero failures.","episodic"
"Type I error rejects a true null hypothesis; Type II error fails to reject a false one (validated in prod).","semantic"
"The game telemetry and the session data together reveal: players who reach level 10 have a 90-day retention rate of 72 percent; those who don't have 8 percent. Level 10 is the real activation event (empirically validated).","synthesis"
"MRR hit $50K for the first time this quarter.","episodic"
"Combining the customer interview findings with the support ticket data, the top pain point is onboarding time — reducing it from 45 minutes to under 10 should directly improve 60-day retention.","synthesis"
"Established practice: to run an A/B test: define the metric, size the sample, implement the variant, run until significance, analyze.","procedural"
"Note: the game telemetry and the session data together reveal: players who reach level 10 have a 90-day retention rate of 72 percent; those who don't have 8 percent. Level 10 is the real activation event.","synthesis"
"Definition: pod disruption budgets limit the number of Pods that can be simultaneously unavailable.","semantic"
"Context: to publish an open-source library: write a README, add CI tests, publish to the package registry, write a CHANGELOG.","procedural"
"Combining the clinical endpoint data and the safety report: the treatment effect is meaningful only in the per-protocol population. The intent-to-treat analysis is driven by non-adherence, not lack of efficacy (verified).","synthesis"
"In hiring decisions, have a clear call to action in every piece.","preference"
"To run a data quality audit: profile each column, check for nulls and outliers, validate against the schema, report findings (empirically validated).","procedural"
"The oncology market analysis and the Phase II data together suggest a breakthrough therapy designation filing is warranted. The accelerated pathway could save 18 months versus standard review (team standard).","synthesis"
"Avoid report a result without checking test assumptions without a backup taken first.","preference"
"Reviewing the dataset audit and the model performance breakdown: label noise in the minority class is causing 70 percent of false negatives. Cleaning those labels is more urgent than more data (validated in prod).","synthesis"
"Research finding: to conduct a threat model: identify assets and trust boundaries, enumerate threats using STRIDE, assign controls, review.","procedural"
"A contract test verifies that a service meets the expectations of its consumers (validated in prod).","semantic"
"Remember: to write an incident post-mortem: describe the timeline, root cause, impact, and corrective actions without blame.","procedural"
"Reactive programming models data flows and change propagation through observable streams.","semantic"
"Reached the beta round after six weeks.","episodic"
"Deleted the caching service to production.","episodic"
"A fuzz test inputs malformed or random data to find edge cases and crashes.","semantic"
"A systematic review follows a protocol to identify and synthesize all relevant evidence.","semantic"
"Completed the CI/CD migration with no user-facing impact.","episodic"
"Always run a power analysis before enrolling participants.","preference"
"Keep functions small and focused.","preference"
"Enforce log at structured JSON new features.","preference"
"Insight: principle of least privilege grants only the permissions needed to complete a task.","semantic"
"Completed the annual financial audit with two minor observations.","episodic"
"To conduct a code review: check correctness, test coverage, readability, performance, and security.","procedural"
"Team convention: a salt is a random value added to a password before hashing to prevent rainbow table attacks.","semantic"
"Protect user data as if it were your own.","preference"
"Key fact: the content performance data and the keyword analysis show our highest-traffic pages have the lowest conversion. Adding intent-aligned CTAs to those pages is the highest-ROI intervention available.","synthesis"
"Research finding: the game telemetry and the session data together reveal: players who reach level 10 have a 90-day retention rate of 72 percent; those who don't have 8 percent. Level 10 is the real activation event.","synthesis"
"Always separate personal and business finances to maximize the deal.","preference"
"Architecture note: combining the regulatory guidance and the trial data: a subgroup-specific label claim is viable. The path requires a supplemental NDA, but the commercial opportunity justifies the submission cost.","synthesis"
"ML insight: to run a data quality audit: profile each column, check for nulls and outliers, validate against the schema, report findings.","procedural"
"The ops cost model versus the revenue forecast shows gross margin will compress below 40 percent at current compute spend if we grow 3x. We need to optimize the inference stack before scaling (documented).","synthesis"
"Completed the GDPR gap analysis with three controls needing remediation.","episodic"
"Finding: the game telemetry and the session data together reveal: players who reach level 10 have a 90-day retention rate of 72 percent; those who don't have 8 percent. Level 10 is the real activation event.","synthesis"
"The automated reconciliation caught a $12K vendor overcharge that was credited immediately.","episodic"
"Note: gradient clipping caps gradient magnitudes to prevent exploding gradients during training.","semantic"
"The patent landscape analysis and the product roadmap show overlap with three existing patents. Two are unlikely to be infringed; one requires a design change — cheaper to change now than in litigation (empirically validated).","synthesis"
"Audit dependency security scans at each release.","preference"
"Lost the enterprise deal to a larger competitor who offered free migration.","episodic"
"The SEO audit combined with the content calendar analysis shows we're producing high-volume, low-intent content. Redirecting 60 percent of effort to transactional keywords should triple inbound qualified leads.","synthesis"
"Design decision: cross-referencing the vulnerability report and the asset inventory, 80 percent of critical findings map to three services. Prioritizing those three eliminates most of the attack surface.","synthesis"
"Finding: cross-referencing the content performance data and the audience analytics: our best-performing pieces are co-authored with practitioners — featuring one expert per month should increase both traffic and credibility.","synthesis"
"Lost the partnership to the incumbent vendor who had better brand recognition.","episodic"
"ML insight: choose boring technology over custom trained ones for the critical path.","preference"
"CQRS separates read and write models so each can be optimized independently.","semantic"
"Closed the pilot deal with the logistics company worth $96K ARR.","episodic"
"Completed the seed onboarding ahead of schedule.","episodic"
"Established practice: to process a GDPR right-to-erasure request: identify all data stores, delete or anonymize, log the action, respond within 30 days.","procedural"
"Ops rule: cross-referencing the content performance data and the audience analytics: our best-performing pieces are co-authored with practitioners — featuring one expert per month should increase both traffic and credibility.","synthesis"
"Consistency beats cleverness in production systems.","preference"
"Cross-referencing the content performance data and the audience analytics: our best-performing pieces are co-authored with practitioners — featuring one expert per month should increase both traffic and credibility (validated in prod).","synthesis"
"To close an enterprise deal: qualify budget and authority, run a pilot, present ROI, draft the SOW.","procedural"
"Context: choose small PRs over large ones to reduce configuration drift.","preference"
"Always log at structured JSON architecture decisions (validated in prod).","preference"
"Reached the seed onboarding last Thursday.","episodic"
"Key fact: reviewing the trial protocol and the interim data: the pre-specified subgroup analysis shows a strong signal in biomarker-positive patients. We should consider a label expansion strategy for that population.","synthesis"
"Keep onboarding flows reversible.","preference"
"Tick rate is the frequency at which a game server updates game state per second (see runbook).","semantic"
"From the docs: to set up CI/CD: configure the repository trigger, add lint and test steps, add a deploy step gated on test pass.","procedural"
"Reviewing the annual review data and the retention patterns: engineers who received a promotion in year 2 have 3x lower attrition than those who didn't. Fast career progression is the top retention lever (validated in prod).","synthesis"
"Throughput is the rate at which a system processes requests.","semantic"
"Principle: to write an incident post-mortem: describe the timeline, root cause, impact, and corrective actions without blame.","procedural"
"Clinical note: dijkstra's algorithm finds the shortest path in a weighted graph with non-negative edges.","semantic"
"Finding: to implement distributed tracing: instrument with OpenTelemetry, export spans to Jaeger or Tempo, create a service map.","procedural"
"The integration test suite ran for six hours and revealed a memory ceiling.","episodic"
"Observation: to run a DSMB meeting: share interim data with the board, present safety summaries, receive a recommendation, document the outcome.","procedural"
"In enterprise sales, default to proven patterns over clever solutions.","preference"
"After reviewing the infrastructure cost, the query patterns, and the database schema: migrating the high-read tables to a read replica eliminates 70 percent of the primary load at minimal cost (team convention).","synthesis"
"A salt is a random value added to a password before hashing to prevent rainbow table attacks (team standard).","semantic"
"To implement distributed tracing: instrument with OpenTelemetry, export spans to Jaeger or Tempo, create a service map (empirically validated).","procedural"
"Ran the pilot with five customers and saw a 30 percent drop in churn.","episodic"
"Identified a compliance issue affecting EU customers and raised it in the incident channel.","episodic"
"To conduct a post-incident review: gather the timeline, run a blameless analysis, identify contributing factors, assign actions.","procedural"
"Note: to run an A/B test: define the metric, size the sample, implement the variant, run until significance, analyze.","procedural"
"Review credentials at before each training run.","preference"
"To write a runbook: describe the system, list common failure modes, provide diagnostic steps, and recovery commands.","procedural"
"A service mesh handles inter-service communication, observability, and mTLS at the infra layer.","semantic"
"Observation: always log at structured JSON architecture decisions.","preference"
"JWT tokens consist of a header, payload, and signature separated by dots (see runbook).","semantic"
"The code review data and the deployment frequency metrics together reveal: teams with PR cycle times under 24 hours ship 3x more frequently and have half the bug rate. The bottleneck is reviewer availability (from post-mortem).","synthesis"
"Completed the GDPR gap analysis with a clean bill of health.","episodic"
"Research finding: gradient clipping caps gradient magnitudes to prevent exploding gradients during training.","semantic"
"Ops rule: principle of least privilege grants only the permissions needed to complete a task.","semantic"
"To set up CI/CD: configure the repository trigger, add lint and test steps, add a deploy step gated on test pass (from the literature).","procedural"
"Synthesizing the go-to-market analysis and the partnership options: a channel partner strategy reaches our ICP 6x faster than direct sales at a third of the cost — we should redirect the sales headcount.","synthesis"
"Note: dijkstra's algorithm finds the shortest path in a weighted graph with non-negative edges.","semantic"
"Prefer interpretable models when the decision has regulatory implications.","preference"
"Completed the annual financial audit with three controls needing remediation.","episodic"
"Completed the monolith-to-microservices migration ahead of schedule.","episodic"
"Completed the on-prem to AWS migration without downtime.","episodic"
"The ops cost model versus the revenue forecast shows gross margin will compress below 40 percent at current compute spend if we grow 3x. We need to optimize the inference stack before scaling (team standard).","synthesis"
"Ran the canary deployment and conversion improved by 12 percent.","episodic"
"Network policies define allowed ingress and egress for Pods in a cluster.","semantic"
"Audit access control lists at every funding event.","preference"
"Dijkstra's algorithm finds the shortest path in a weighted graph with non-negative edges (empirically validated).","semantic"
"Key fact: after reviewing the architecture and the team's velocity, the migration to microservices will take 18 months at current pace. Given the deadline, we should scope it to three services, not twelve.","synthesis"
"Optimistic locking detects conflicts at commit time instead of locking upfront.","semantic"
"Research finding: reviewing the three pilot customer deployments: two succeeded because they had an internal champion; one failed because they didn't. Champion identification is now a required qualification criterion.","synthesis"
"All public APIs must have OpenAPI documentation before merging to main.","preference"
"Found a compliance issue affecting 8 percent of users and scheduled a hotfix.","episodic"
"Product note: to write a technical RFC: describe the problem, propose a solution, list alternatives, address tradeoffs, request review.","procedural"
"Backpressure is a mechanism for consumers to signal producers to slow down.","semantic"
"MRR hit $50K for the first time after the pricing change.","episodic"
"Team convention: always log at structured JSON architecture decisions.","preference"
"Definition: to write a technical RFC: describe the problem, propose a solution, list alternatives, address tradeoffs, request review.","procedural"
"Context: reviewing the three pilot customer deployments: two succeeded because they had an internal champion; one failed because they didn't. Champion identification is now a required qualification criterion.","synthesis"
"Avoid deploy without a rollback plan —always instrument before releasing.","preference"
"Principle: choose small PRs over large ones to reduce configuration drift.","preference"
"Principle: to implement distributed tracing: instrument with OpenTelemetry, export spans to Jaeger or Tempo, create a service map.","procedural"
"Fine-tuned the retrieval model on curated data and BLEU improved by 4.2.","episodic"
"Responded to the Redis eviction incident that caused 20 minutes of partial downtime.","episodic"
"Patched the auth bug that was causing duplicate events for enterprise customers.","episodic"
"Canary deployments route a small percentage of traffic to the new version before full rollout.","semantic"
"All new features must have a reversible rollback before production release.","preference"
"Confounders correlate with both the independent and dependent variable, biasing results.","semantic"
"Don't collect data you don't have a use case for —significance alone is insufficient.","preference"
"Finding: after reviewing the legal opinion, the compliance gap analysis, and the customer contract: achieving SOC 2 Type II is the fastest path to unlocking the enterprise tier — we should start immediately.","synthesis"
"Temperature controls LLM output randomness — lower values produce more deterministic responses.","semantic"
"From the docs: run model performance baselines at every funding event.","preference"
"Hit the seed contract ahead of schedule.","episodic"
"Closed the pilot deal with the healthcare client worth $96K ARR.","episodic"
"To write an incident post-mortem: describe the timeline, root cause, impact, and corrective actions without blame.","procedural"
"Note: choose boring technology over custom trained ones for the critical path.","preference"
"Ran the pilot with five customers and learned users preferred the simpler flow.","episodic"
"Deleted the authentication hotfix following the sprint review.","episodic"
"Observation: reviewing the three pilot customer deployments: two succeeded because they had an internal champion; one failed because they didn't. Champion identification is now a required qualification criterion.","synthesis"
"The podcast episode went live and hit 14,000 views in 48 hours.","episodic"
"Observation: pod disruption budgets limit the number of Pods that can be simultaneously unavailable.","semantic"
"Definition: always log at structured JSON architecture decisions.","preference"
"Context: the oncology market analysis and the Phase II data together suggest a breakthrough therapy designation filing is warranted. The accelerated pathway could save 18 months versus standard review.","synthesis"
"Design decision: combining the clinical endpoint data and the safety report: the treatment effect is meaningful only in the per-protocol population. The intent-to-treat analysis is driven by non-adherence, not lack of efficacy.","synthesis"
"Rubber-banding in racing games artificially closes gaps to maintain competitive tension.","semantic"
"Established practice: the content performance data and the keyword analysis show our highest-traffic pages have the lowest conversion. Adding intent-aligned CTAs to those pages is the highest-ROI intervention available.","synthesis"
"A lead magnet is a free resource offered in exchange for contact information.","semantic"
"The oncology market analysis and the Phase II data together suggest a breakthrough therapy designation filing is warranted. The accelerated pathway could save 18 months versus standard review (per protocol).","synthesis"
"Synthesizing the sales pipeline, the capacity model, and the pricing: we can close the revenue gap with two enterprise deals or 40 SMB deals. One enterprise deal is worth more attention-per-dollar.","synthesis"
"Product note: after reviewing the infrastructure cost, the query patterns, and the database schema: migrating the high-read tables to a read replica eliminates 70 percent of the primary load at minimal cost.","synthesis"
"Closed the strategic deal with the logistics company worth $60K ARR.","episodic"
"Observation: to train an ML model from scratch: collect data, preprocess, split into train/val/test, define architecture, train, evaluate, iterate.","procedural"
"Social proof includes reviews, testimonials, and usage stats that build trust with prospects.","semantic"
"Evergreen content remains relevant and useful long after its initial publication.","semantic"
"Cross-referencing the vulnerability report and the asset inventory, 80 percent of critical findings map to three services. Prioritizing those three eliminates most of the attack surface (from the literature).","synthesis"
"Insight: to rotate an API key: generate the new key, update all consumers, verify traffic, then revoke the old key.","procedural"
"Avoid collect data you don't have a use case for —always test rollback before release.","preference"
"Observation: cRISPR-Cas9 enables precise DNA editing by guiding Cas9 to a target location.","semantic"
"A reverse proxy sits in front of servers and forwards client requests to them.","semantic"
"Key fact: type I error rejects a true null hypothesis; Type II error fails to reject a false one.","semantic"
"Key fact: cross-referencing the vulnerability report and the asset inventory, 80 percent of critical findings map to three services. Prioritizing those three eliminates most of the attack surface.","synthesis"
"Note: to implement a recommendation system: collect interaction data, train a model, serve via an API, evaluate with offline and online metrics.","procedural"
"Scaffolding provides structured support gradually withdrawn as learners build independence.","semantic"
"Never model the downside scenario to compound your reliability reputation.","preference"
"Clinical note: tick rate is the frequency at which a game server updates game state per second.","semantic"
"Architecture note: the patent landscape analysis and the product roadmap show overlap with three existing patents. Two are unlikely to be infringed; one requires a design change — cheaper to change now than in litigation.","synthesis"
"Remember: to run a DSMB meeting: share interim data with the board, present safety summaries, receive a recommendation, document the outcome.","procedural"
"Combining the clinical endpoint data and the safety report: the treatment effect is meaningful only in the per-protocol population. The intent-to-treat analysis is driven by non-adherence, not lack of efficacy (from post-mortem).","synthesis"
"The audit caught a $22K duplicate charge that was credited immediately.","episodic"
"Debugged the CORS error that was causing timeouts for mobile users.","episodic"
"Ran the canary deployment and identified the critical upsell gap.","episodic"
"Combining the regulatory guidance and the trial data: a subgroup-specific label claim is viable. The path requires a supplemental NDA, but the commercial opportunity justifies the submission cost.","synthesis"
"Fine-tuned the instruction-tuned model on synthetic data and latency was reduced by 20 percent.","episodic"
"GraphQL subscriptions push real-time updates from the server to subscribed clients.","semantic"
"To prepare a grant proposal: read the RFP, outline the aims, draft the research plan, budget, and write the abstract last (team standard).","procedural"
"Observation: reviewing the dataset audit and the model performance breakdown: label noise in the minority class is causing 70 percent of false negatives. Cleaning those labels is more urgent than more data.","synthesis"
"Clinical note: a contract test verifies that a service meets the expectations of its consumers.","semantic"
"The A/B test on the pricing page and the cohort analysis of trialists who converted: longer trials convert better but have lower 6-month retention. The optimal trial length is 14 days, not 30.","synthesis"
"Cross-referencing the vulnerability report and the asset inventory, 80 percent of critical findings map to three services. Prioritizing those three eliminates most of the attack surface (verified).","synthesis"
"Architecture note: all production services must have a signed DPA before going into production.","preference"
"Completed the on-prem to AWS migration ahead of schedule.","episodic"
"All new features must have a signed DPA before production deployment.","preference"
"Never negotiate against yourself to manage risk.","preference"
"To implement distributed tracing: instrument with OpenTelemetry, export spans to Jaeger or Tempo, create a service map (per protocol).","procedural"
"Note: the outbox pattern reliably publishes events by writing them to the database alongside domain changes.","semantic"
"Combining the clinical endpoint data and the safety report: the treatment effect is meaningful only in the per-protocol population. The intent-to-treat analysis is driven by non-adherence, not lack of efficacy (from the literature).","synthesis"
"Use boring technology over implicit magic for flexibility.","preference"
"Ran the beta program and learned users preferred the simpler flow.","episodic"
"Closed the enterprise deal with the healthcare client worth $180K ARR.","episodic"
"The CFO review caught a $8K vendor overcharge that was recovered in the next cycle.","episodic"
"The build system went down for overnight due to a misconfigured Helm chart — reverted the deployment.","episodic"
"Established practice: dijkstra's algorithm finds the shortest path in a weighted graph with non-negative edges.","semantic"
"To run a data quality audit: profile each column, check for nulls and outliers, validate against the schema, report findings (team convention).","procedural"
"Clinical note: the support ticket volume trend combined with the NPS data points to a single root cause: the API documentation is incomplete. Fixing docs is higher ROI than shipping new features this quarter.","synthesis"
"Team convention: choose small PRs over large ones to reduce configuration drift.","preference"
"Lost the partnership to a larger competitor who had better brand recognition.","episodic"
"The stress test ran for overnight and hit the p99 latency target.","episodic"
"The ops cost model versus the revenue forecast shows gross margin will compress below 40 percent at current compute spend if we grow 3x. We need to optimize the inference stack before scaling (from post-mortem).","synthesis"
"To implement distributed tracing: instrument with OpenTelemetry, export spans to Jaeger or Tempo, create a service map (team standard).","procedural"
"The code review data and the deployment frequency metrics together reveal: teams with PR cycle times under 24 hours ship 3x more frequently and have half the bug rate. The bottleneck is reviewer availability (per protocol).","synthesis"
"In code review, never compromise on culture fit for speed.","preference"
"Enrolled the 100th patient in Phase II of the oncology trial.","episodic"
"Fine-tuned the base model on preference data and perplexity dropped 15 percent.","episodic"
"All new features must have an owner and runbook before merging to main.","preference"
"Clinical note: the code review data and the deployment frequency metrics together reveal: teams with PR cycle times under 24 hours ship 3x more frequently and have half the bug rate. The bottleneck is reviewer availability.","synthesis"
"Rule: the patent landscape analysis and the product roadmap show overlap with three existing patents. Two are unlikely to be infringed; one requires a design change — cheaper to change now than in litigation.","synthesis"
"Lost the contract to a larger competitor who offered free migration.","episodic"
"The CAP theorem: a distributed system can guarantee at most two of consistency, availability, and partition tolerance.","semantic"
"Save player progress automatically — never require manual saves in mobile games.","preference"
"The weekly finance review caught a $45K duplicate charge that was credited immediately.","episodic"
"Fine-tuned the domain-specific model on domain-specific data and F1 improved by 6 percent.","episodic"
"Observation: to run a hyperparameter search: define the search space, choose a sampler (e.g., Bayesian), run parallel trials, select the best config.","procedural"
"Combining the clinical endpoint data and the safety report: the treatment effect is meaningful only in the per-protocol population. The intent-to-treat analysis is driven by non-adherence, not lack of efficacy (per protocol).","synthesis"
"Insight: the game telemetry and the session data together reveal: players who reach level 10 have a 90-day retention rate of 72 percent; those who don't have 8 percent. Level 10 is the real activation event.","synthesis"
"Fine-tuned the instruction-tuned model on curated data and accuracy jumped 8 points.","episodic"
"Team convention: to write an incident post-mortem: describe the timeline, root cause, impact, and corrective actions without blame.","procedural"
"Principle of least privilege grants only the permissions needed to complete a task (see runbook).","semantic"
"To do keyword research: brainstorm seed terms, run through a keyword tool, filter by intent, cluster by theme.","procedural"
"Always log at structured JSON architecture decisions (see runbook).","preference"
"Note: to implement distributed tracing: instrument with OpenTelemetry, export spans to Jaeger or Tempo, create a service map.","procedural"
"To implement a save system in a game: define the save state schema, serialize to disk, test loading from each save point (verified).","procedural"
"Check verify rollback works before every sprint review.","preference"
"The patent landscape analysis and the product roadmap show overlap with three existing patents. Two are unlikely to be infringed; one requires a design change — cheaper to change now than in litigation (verified).","synthesis"
"Sharding partitions data horizontally across multiple instances to scale writes.","semantic"
"The audit caught a $22K duplicate charge that was resolved with the vendor.","episodic"
"All cloud resources must have a signed DPA before merging to main.","preference"
"Responded to the database failover incident that caused 4 hours of write failures.","episodic"
"Clinical note: to write an incident post-mortem: describe the timeline, root cause, impact, and corrective actions without blame.","procedural"
"Validate verify rollback works before tagging a release.","preference"
"To run an A/B test: define the metric, size the sample, implement the variant, run until significance, analyze (per protocol).","procedural"
"Principle: every production service needs alerting on p99 latency, error rate, and saturation.","preference"
"Hired the first growth marketer after six rounds of interviews.","episodic"
"Reviewing the dataset audit and the model performance breakdown: label noise in the minority class is causing 70 percent of false negatives. Cleaning those labels is more urgent than more data (team convention).","synthesis"
"Insight: to run a hyperparameter search: define the search space, choose a sampler (e.g., Bayesian), run parallel trials, select the best config.","procedural"
"From the docs: a salt is a random value added to a password before hashing to prevent rainbow table attacks.","semantic"
"Cross-referencing the vulnerability report and the asset inventory, 80 percent of critical findings map to three services. Prioritizing those three eliminates most of the attack surface (team standard).","synthesis"
"Team convention: use small PRs over raw Promise chains for the critical path.","preference"
"Hired the first ML engineer after three rounds of interviews.","episodic"
"The patent landscape analysis and the product roadmap show overlap with three existing patents. Two are unlikely to be infringed; one requires a design change — cheaper to change now than in litigation (see runbook).","synthesis"
"ML insight: cRISPR-Cas9 enables precise DNA editing by guiding Cas9 to a target location.","semantic"
"Achieved the Series A milestone last sprint.","episodic"
"Fine-tuned the instruction-tuned model on preference data and BLEU improved by 4.2.","episodic"
"Keep documentation deterministic.","preference"
"Team convention: choose boring technology over custom trained ones for the critical path.","preference"
"Definition: run model performance baselines at every funding event.","preference"
"Context: to rotate an API key: generate the new key, update all consumers, verify traffic, then revoke the old key.","procedural"
"Remember: reviewing the three pilot customer deployments: two succeeded because they had an internal champion; one failed because they didn't. Champion identification is now a required qualification criterion.","synthesis"
"Remember: after reviewing the infrastructure cost, the query patterns, and the database schema: migrating the high-read tables to a read replica eliminates 70 percent of the primary load at minimal cost.","synthesis"
"To submit a paper: format per journal guidelines, write a cover letter, upload supplementary materials, submit through the portal.","procedural"
"Design decision: cross-referencing the content performance data and the audience analytics: our best-performing pieces are co-authored with practitioners — featuring one expert per month should increase both traffic and credibility.","synthesis"
"The oncology market analysis and the Phase II data together suggest a breakthrough therapy designation filing is warranted. The accelerated pathway could save 18 months versus standard review (team convention).","synthesis"
"ML insight: combining the clinical endpoint data and the safety report: the treatment effect is meaningful only in the per-protocol population. The intent-to-treat analysis is driven by non-adherence, not lack of efficacy.","synthesis"
"Ops rule: to implement a save system in a game: define the save state schema, serialize to disk, test loading from each save point.","procedural"
"To set up CI/CD: configure the repository trigger, add lint and test steps, add a deploy step gated on test pass.","procedural"
"Established practice: to build an onboarding curriculum: identify role competencies, map learning objectives, create modules, add assessments.","procedural"
"Enrolled the 100th patient in Phase III of the cardiovascular trial.","episodic"
"Context: reviewing the annual review data and the retention patterns: engineers who received a promotion in year 2 have 3x lower attrition than those who didn't. Fast career progression is the top retention lever.","synthesis"
"Observation: to rotate an API key: generate the new key, update all consumers, verify traffic, then revoke the old key.","procedural"
"Definition: to implement a recommendation system: collect interaction data, train a model, serve via an API, evaluate with offline and online metrics.","procedural"
"Never ship without monitoring —always test rollback before release.","preference"
"Design decision: after reviewing the infrastructure cost, the query patterns, and the database schema: migrating the high-read tables to a read replica eliminates 70 percent of the primary load at minimal cost.","synthesis"
"Use pre-built embeddings over raw Promise chains for readability.","preference"
"Observation: tick rate is the frequency at which a game server updates game state per second.","semantic"
"Combining the regulatory guidance and the trial data: a subgroup-specific label claim is viable. The path requires a supplemental NDA, but the commercial opportunity justifies the submission cost (validated in prod).","synthesis"
"To write an effective PR description: summarize the change, explain why, list testing steps, and link the issue.","procedural"
"A Phase III trial tests a treatment in a large population to confirm efficacy.","semantic"
"Principle: after reviewing the legal opinion, the compliance gap analysis, and the customer contract: achieving SOC 2 Type II is the fastest path to unlocking the enterprise tier — we should start immediately.","synthesis"
"Clinical note: to implement distributed tracing: instrument with OpenTelemetry, export spans to Jaeger or Tempo, create a service map.","procedural"
"Note: all production services must have a signed DPA before going into production.","preference"
"Parkinson's Law: work expands to fill the time available for its completion.","semantic"
"Key fact: jWT tokens consist of a header, payload, and signature separated by dots.","semantic"
"To implement a recommendation system: collect interaction data, train a model, serve via an API, evaluate with offline and online metrics (team standard).","procedural"
"Fixed the cache miss that was causing duplicate events for API consumers.","episodic"
"Insight: every production service needs alerting on p99 latency, error rate, and saturation.","preference"
"Architecture note: to implement a recommendation system: collect interaction data, train a model, serve via an API, evaluate with offline and online metrics.","procedural"
"Model the downside scenario, not just the expected case.","preference"
"Ops rule: choose small PRs over large ones to reduce configuration drift.","preference"
"All production services must have a signed DPA before going into production (verified).","preference"
"Observation: the code review data and the deployment frequency metrics together reveal: teams with PR cycle times under 24 hours ship 3x more frequently and have half the bug rate. The bottleneck is reviewer availability.","synthesis"
"Completed the CI/CD migration with zero data loss.","episodic"
"Principle: a contract test verifies that a service meets the expectations of its consumers.","semantic"
"The ops cost model versus the revenue forecast shows gross margin will compress below 40 percent at current compute spend if we grow 3x. We need to optimize the inference stack before scaling.","synthesis"
"Use small PRs over raw Promise chains for the critical path (documented).","preference"
"To train an ML model from scratch: collect data, preprocess, split into train/val/test, define architecture, train, evaluate, iterate (from the literature).","procedural"
"In architecture planning, document every deviation from the registered plan.","preference"
"Always separate personal and business finances to manage risk.","preference"
"The load test ran for six hours and passed with zero failures.","episodic"
"Key fact: pod disruption budgets limit the number of Pods that can be simultaneously unavailable.","semantic"
"Internal validity is the degree to which a study correctly establishes causal relationships.","semantic"
"Fine-tuned the domain-specific model on annotated data and accuracy jumped 8 points.","episodic"
"Finding: to implement a recommendation system: collect interaction data, train a model, serve via an API, evaluate with offline and online metrics.","procedural"
"JWT tokens consist of a header, payload, and signature separated by dots (documented).","semantic"
"ML insight: to process a GDPR right-to-erasure request: identify all data stores, delete or anonymize, log the action, respond within 30 days.","procedural"
"Observation: the ops cost model versus the revenue forecast shows gross margin will compress below 40 percent at current compute spend if we grow 3x. We need to optimize the inference stack before scaling.","synthesis"
"Prefer explicit config over custom trained ones to reduce configuration drift.","preference"
"Prefer pre-built embeddings over raw Promise chains for readability.","preference"
"Ops rule: gradient clipping caps gradient magnitudes to prevent exploding gradients during training.","semantic"
"Rule: prefer small PRs over novel tech for reviewability.","preference"
"Enrolled the 200th patient in Phase III of the neurological trial.","episodic"
"A deadlock occurs when two processes each hold a resource the other needs.","semantic"
"Choose small PRs over large ones to reduce configuration drift (per protocol).","preference"
"To conduct a threat model: identify assets and trust boundaries, enumerate threats using STRIDE, assign controls, review (documented).","procedural"
"Context: the game telemetry and the session data together reveal: players who reach level 10 have a 90-day retention rate of 72 percent; those who don't have 8 percent. Level 10 is the real activation event.","synthesis"
"The blog post went live and was featured in TechCrunch in the first day.","episodic"
"A salt is a random value added to a password before hashing to prevent rainbow table attacks (team convention).","semantic"
"Design decision: to conduct a threat model: identify assets and trust boundaries, enumerate threats using STRIDE, assign controls, review.","procedural"
"Microservices communicate via APIs or events; monoliths share in-process calls.","semantic"
"Eager loading fetches related data upfront to avoid N+1 query problems.","semantic"
"Enrolled the 500th patient in Phase III of the neurological trial.","episodic"
"To build an onboarding curriculum: identify role competencies, map learning objectives, create modules, add assessments (from post-mortem).","procedural"
"RBAC assigns permissions to roles, and roles to users or service accounts.","semantic"
"Definition: to process a GDPR right-to-erasure request: identify all data stores, delete or anonymize, log the action, respond within 30 days.","procedural"
"Resolved the race condition that was causing slow responses for enterprise customers.","episodic"
"Key fact: the patent landscape analysis and the product roadmap show overlap with three existing patents. Two are unlikely to be infringed; one requires a design change — cheaper to change now than in litigation.","synthesis"
"Product note: choose boring technology over custom trained ones for the critical path.","preference"
"To implement a recommendation system: collect interaction data, train a model, serve via an API, evaluate with offline and online metrics (documented).","procedural"
"Rule: cross-referencing the vulnerability report and the asset inventory, 80 percent of critical findings map to three services. Prioritizing those three eliminates most of the attack surface.","synthesis"
"Product note: to run a hyperparameter search: define the search space, choose a sampler (e.g., Bayesian), run parallel trials, select the best config.","procedural"
"SOC 2 Type II audits verify that security controls operated effectively over a period.","semantic"
"Remember: choose small PRs over large ones to reduce configuration drift.","preference"
"Completed the SOC 2 readiness review with no material findings.","episodic"
"Remember: the oncology market analysis and the Phase II data together suggest a breakthrough therapy designation filing is warranted. The accelerated pathway could save 18 months versus standard review.","synthesis"
"Product note: reviewing the trial protocol and the interim data: the pre-specified subgroup analysis shows a strong signal in biomarker-positive patients. We should consider a label expansion strategy for that population.","synthesis"
"Principle: to run an A/B test: define the metric, size the sample, implement the variant, run until significance, analyze.","procedural"
"CQRS with event sourcing separates the write side (commands) from the read side (queries).","semantic"
"Research finding: use small PRs over raw Promise chains for the critical path.","preference"
"To set up CI/CD: configure the repository trigger, add lint and test steps, add a deploy step gated on test pass (see runbook).","procedural"
"Cross-referencing the content performance data and the audience analytics: our best-performing pieces are co-authored with practitioners — featuring one expert per month should increase both traffic and credibility (verified).","synthesis"
"Responded to the Redis eviction incident that caused 40 minutes of data unavailability.","episodic"
"In clinical trials, restore service first, investigate second.","preference"
"Completed the SOC 2 Type II audit with no material findings.","episodic"
"To conduct a threat model: identify assets and trust boundaries, enumerate threats using STRIDE, assign controls, review.","procedural"
"Check confirm staging matches production before a security audit.","preference"
"Resolved the null-pointer that was causing failures for enterprise customers.","episodic"
"Pod disruption budgets limit the number of Pods that can be simultaneously unavailable (see runbook).","semantic"
"The oncology market analysis and the Phase II data together suggest a breakthrough therapy designation filing is warranted. The accelerated pathway could save 18 months versus standard review (verified).","synthesis"
"To debug a memory leak: profile with a heap dump, identify the growing object graph, and fix the retention cycle.","procedural"
"Prefer managed services over inheritance to keep intent clear.","preference"
"Closed the enterprise onboarding last Thursday.","episodic"
"Test rotate credentials before tagging a release.","preference"
"Context: cross-referencing the content performance data and the audience analytics: our best-performing pieces are co-authored with practitioners — featuring one expert per month should increase both traffic and credibility.","synthesis"
"Remember: a contract test verifies that a service meets the expectations of its consumers.","semantic"
"MRR hit $50K for the first time in month 14.","episodic"
"Review access control lists at annually.","preference"
"Bridge financing sustains operations until the next formal funding round.","semantic"
"The content performance data and the keyword analysis show our highest-traffic pages have the lowest conversion. Adding intent-aligned CTAs to those pages is the highest-ROI intervention available (team convention).","synthesis"
"Favour explicit config over custom trained ones to keep intent clear.","preference"
"The 80/20 rule: 80 percent of effects come from 20 percent of causes.","semantic"
"A monad is a design pattern for chaining operations while abstracting context.","semantic"
"Reviewing the annual review data and the retention patterns: engineers who received a promotion in year 2 have 3x lower attrition than those who didn't. Fast career progression is the top retention lever.","synthesis"
"Team convention: cross-referencing the vulnerability report and the asset inventory, 80 percent of critical findings map to three services. Prioritizing those three eliminates most of the attack surface.","synthesis"
"Ran the feature flag rollout and identified the critical upsell gap.","episodic"
"Established practice: all database migrations must have health-check endpoints before merging to main.","preference"
"Observation: combining the clinical endpoint data and the safety report: the treatment effect is meaningful only in the per-protocol population. The intent-to-treat analysis is driven by non-adherence, not lack of efficacy.","synthesis"
"Note: the code review data and the deployment frequency metrics together reveal: teams with PR cycle times under 24 hours ship 3x more frequently and have half the bug rate. The bottleneck is reviewer availability.","synthesis"
"Rule: dijkstra's algorithm finds the shortest path in a weighted graph with non-negative edges.","semantic"
"Research finding: dijkstra's algorithm finds the shortest path in a weighted graph with non-negative edges.","semantic"
"Discovered a reliability issue affecting EU customers and scheduled a hotfix.","episodic"
"Delta time scales physics to frame rate, ensuring consistent game speed.","semantic"
"Reviewing the trial protocol and the interim data: the pre-specified subgroup analysis shows a strong signal in biomarker-positive patients. We should consider a label expansion strategy for that population (validated in prod).","synthesis"
"Fixed the race condition that was causing data corruption for 20 percent of users.","episodic"
"Ops rule: cRISPR-Cas9 enables precise DNA editing by guiding Cas9 to a target location.","semantic"
"Insight: reviewing the dataset audit and the model performance breakdown: label noise in the minority class is causing 70 percent of false negatives. Cleaning those labels is more urgent than more data.","synthesis"
"Established practice: a salt is a random value added to a password before hashing to prevent rainbow table attacks.","semantic"
"Research finding: to write a technical RFC: describe the problem, propose a solution, list alternatives, address tradeoffs, request review.","procedural"
"Combining the clinical endpoint data and the safety report: the treatment effect is meaningful only in the per-protocol population. The intent-to-treat analysis is driven by non-adherence, not lack of efficacy (team standard).","synthesis"
"Combining the clinical endpoint data and the safety report: the treatment effect is meaningful only in the per-protocol population. The intent-to-treat analysis is driven by non-adherence, not lack of efficacy (validated in prod).","synthesis"
"From the docs: after reviewing the architecture and the team's velocity, the migration to microservices will take 18 months at current pace. Given the deadline, we should scope it to three services, not twelve.","synthesis"
"Architecture note: to publish an open-source library: write a README, add CI tests, publish to the package registry, write a CHANGELOG.","procedural"
"In security reviews, document every deviation from the registered plan.","preference"
"Avoid document the reasoning new features.","preference"
"Kubernetes Pods are the smallest deployable unit encapsulating one or more containers.","semantic"
"Run model performance baselines at every funding event (team standard).","preference"
"Reached the Series A milestone ahead of schedule.","episodic"
"Note: cRISPR-Cas9 enables precise DNA editing by guiding Cas9 to a target location.","semantic"
"Definition: all database migrations must have health-check endpoints before merging to main.","preference"
"Note: to write a technical RFC: describe the problem, propose a solution, list alternatives, address tradeoffs, request review.","procedural"
"Team convention: the patent landscape analysis and the product roadmap show overlap with three existing patents. Two are unlikely to be infringed; one requires a design change — cheaper to change now than in litigation.","synthesis"
"Design decision: to set up CI/CD: configure the repository trigger, add lint and test steps, add a deploy step gated on test pass.","procedural"
"Published the preprint to arXiv and it was featured in the newsletter in 48 hours.","episodic"
"To manage secrets in production: store in a secrets manager, inject at runtime, never log secret values.","procedural"
"The content performance data and the keyword analysis show our highest-traffic pages have the lowest conversion. Adding intent-aligned CTAs to those pages is the highest-ROI intervention available.","synthesis"
"Shipped the dark mode toggle after two weeks of iteration.","episodic"
"Ran the feature flag rollout and hit the primary success metric.","episodic"
"Never merge without a reviewer —at least one reviewer who didn't write the code.","preference"
"The three customer case studies and the market research converge on the same insight: our buyers care about compliance outcomes, not feature lists — the messaging needs to shift entirely.","synthesis"
"Always keep 6 months of operating expenses in reserve to compound your reliability reputation.","preference"
"Knowledge decays without reinforcement.","semantic"
"Principle: reviewing the annual review data and the retention patterns: engineers who received a promotion in year 2 have 3x lower attrition than those who didn't. Fast career progression is the top retention lever.","synthesis"
"Key fact: to publish an open-source library: write a README, add CI tests, publish to the package registry, write a CHANGELOG.","procedural"
"To publish a dataset: clean and anonymize the data, write a data card, upload to the repository, add a DOI.","procedural"
"Never separate personal and business finances to stay compliant and organized.","preference"
"Shipped the SSO integration after three months of back-and-forth with the team.","episodic"
"All production services must have a signed DPA before going into production (from post-mortem).","preference"
"Always log at structured JSON all production services.","preference"
"The ops cost model versus the revenue forecast shows gross margin will compress below 40 percent at current compute spend if we grow 3x. We need to optimize the inference stack before scaling (verified).","synthesis"
"Comparing the game analytics and the playtester feedback: the difficulty spike at level 5 causes 40 percent of players to quit. Smoothing the curve could recover $80K in projected LTV.","synthesis"
"ML insight: to implement a recommendation system: collect interaction data, train a model, serve via an API, evaluate with offline and online metrics.","procedural"
"In enterprise sales, document every deviation from the registered plan.","preference"
"Prefer boring technology over raw Promise chains for reviewability.","preference"
"The content performance data and the keyword analysis show our highest-traffic pages have the lowest conversion. Adding intent-aligned CTAs to those pages is the highest-ROI intervention available (verified).","synthesis"
"Lost the enterprise deal to a larger competitor who had better brand recognition.","episodic"
"Architecture note: a contract test verifies that a service meets the expectations of its consumers.","semantic"
"The primary database went down for 2 hours due to a disk saturation event — fixed by the on-call engineer.","episodic"
"RLHF fine-tunes language models using human preference data.","semantic"
"A contract test verifies that a service meets the expectations of its consumers (per protocol).","semantic"
"CRISPR-Cas9 enables precise DNA editing by guiding Cas9 to a target location (from the literature).","semantic"
"To write an incident post-mortem: describe the timeline, root cause, impact, and corrective actions without blame (from the literature).","procedural"
"To build an onboarding curriculum: identify role competencies, map learning objectives, create modules, add assessments (empirically validated).","procedural"
"To process a GDPR right-to-erasure request: identify all data stores, delete or anonymize, log the action, respond within 30 days (empirically validated).","procedural"
"In code review, have a clear call to action in every piece.","preference"
"Responded to the DNS failure incident that caused 20 minutes of data unavailability.","episodic"
"Completed the authentication migration with no user-facing impact.","episodic"
"A zero-trust model verifies every request as if it originates from an untrusted network.","semantic"
"Lost the enterprise deal to a well-funded startup who had an existing relationship.","episodic"
"Use active recall and spaced repetition over highlighting and re-reading.","preference"
"The Twelve-Factor App defines best practices for scalable, maintainable cloud-native SaaS.","semantic"
"Completed the seed round last Thursday.","episodic"
"Found a compliance issue affecting the mobile client and scheduled a hotfix.","episodic"
"The ops cost model versus the revenue forecast shows gross margin will compress below 40 percent at current compute spend if we grow 3x. We need to optimize the inference stack before scaling (team convention).","synthesis"
"Perplexity measures how well a language model predicts a sample — lower is better.","semantic"
"The authentication service went down for 15 minutes due to a misconfigured Helm chart — rolled back in 6 minutes.","episodic"
"Prefer pre-built embeddings over implicit magic to keep intent clear.","preference"
"Ship before it is perfect — but never ship without monitoring.","preference"
"Favour boring technology over mutable instances for reviewability.","preference"
"Prefer immutable infrastructure over raw Promise chains to keep intent clear.","preference"
"Hired the first senior backend engineer after four rounds of interviews.","episodic"
"To run a DSMB meeting: share interim data with the board, present safety summaries, receive a recommendation, document the outcome (validated in prod).","procedural"
"Design decision: always log at structured JSON architecture decisions.","preference"
"Insight: dijkstra's algorithm finds the shortest path in a weighted graph with non-negative edges.","semantic"
"Avoid ship without monitoring —always go through a PR.","preference"
"Established practice: to implement a recommendation system: collect interaction data, train a model, serve via an API, evaluate with offline and online metrics.","procedural"
"Player retention is measured by DAU/MAU — daily active users divided by monthly active users.","semantic"
"Architecture note: the oncology market analysis and the Phase II data together suggest a breakthrough therapy designation filing is warranted. The accelerated pathway could save 18 months versus standard review.","synthesis"
"Published the dataset to arXiv and it was featured in the newsletter in one week.","episodic"
"Note: tick rate is the frequency at which a game server updates game state per second.","semantic"
"Merged the notification hotfix after two weeks of work.","episodic"
"To run a data quality audit: profile each column, check for nulls and outliers, validate against the schema, report findings (verified).","procedural"
"Choose small PRs over large ones to reduce configuration drift (verified).","preference"
"From the docs: the support ticket volume trend combined with the NPS data points to a single root cause: the API documentation is incomplete. Fixing docs is higher ROI than shipping new features this quarter.","synthesis"
"Cross-referencing the vulnerability report and the asset inventory, 80 percent of critical findings map to three services. Prioritizing those three eliminates most of the attack surface (validated in prod).","synthesis"
"To conduct a threat model: identify assets and trust boundaries, enumerate threats using STRIDE, assign controls, review (from the literature).","procedural"
"GTD externalizes all open loops into a trusted system so the mind stays clear.","semantic"
"Key fact: choose small PRs over large ones to reduce configuration drift.","preference"
"Responded to the database failover incident that caused 40 minutes of write failures.","episodic"
"A cap table tracks ownership percentages across all funding rounds.","semantic"
"Dilution is the reduction in ownership when new shares are issued.","semantic"
"Data retention policies should be enforced automatically — not manually.","preference"
"The Redis cluster went down for 40 minutes due to an expired certificate — restored from backup.","episodic"
"Review error budgets at each release.","preference"
"Remember: the patent landscape analysis and the product roadmap show overlap with three existing patents. Two are unlikely to be infringed; one requires a design change — cheaper to change now than in litigation.","synthesis"
"To build an onboarding curriculum: identify role competencies, map learning objectives, create modules, add assessments (per protocol).","procedural"
"Prefer boring technology over inheritance when the overhead isn't justified.","preference"
"To build an onboarding curriculum: identify role competencies, map learning objectives, create modules, add assessments (validated in prod).","procedural"
"Clinical note: gradient clipping caps gradient magnitudes to prevent exploding gradients during training.","semantic"
"Clinical note: use small PRs over raw Promise chains for the critical path.","preference"
"From the docs: the game telemetry and the session data together reveal: players who reach level 10 have a 90-day retention rate of 72 percent; those who don't have 8 percent. Level 10 is the real activation event.","synthesis"
"Architecture note: combining the clinical endpoint data and the safety report: the treatment effect is meaningful only in the per-protocol population. The intent-to-treat analysis is driven by non-adherence, not lack of efficacy.","synthesis"
"The weekly finance review caught a $8K duplicate charge that was credited immediately.","episodic"
"To conduct a threat model: identify assets and trust boundaries, enumerate threats using STRIDE, assign controls, review (team standard).","procedural"
"All production services must have a signed DPA before going into production.","preference"
"To train an ML model from scratch: collect data, preprocess, split into train/val/test, define architecture, train, evaluate, iterate (validated in prod).","procedural"
"Shipped the audit log after three months of iteration.","episodic"
"OIDC extends OAuth 2.0 with an identity layer for authentication.","semantic"
"Shipped the 2FA after six weeks of back-and-forth with the team.","episodic"
"Reviewing the annual review data and the retention patterns: engineers who received a promotion in year 2 have 3x lower attrition than those who didn't. Fast career progression is the top retention lever (empirically validated).","synthesis"
"Completed the enterprise deal last sprint.","episodic"
"Definition: the code review data and the deployment frequency metrics together reveal: teams with PR cycle times under 24 hours ship 3x more frequently and have half the bug rate. The bottleneck is reviewer availability.","synthesis"
"Enrolled the 200th patient in Phase I of the neurological trial.","episodic"
"Tabletop exercises rehearse incident response without triggering actual systems.","semantic"
"Ops rule: the ops cost model versus the revenue forecast shows gross margin will compress below 40 percent at current compute spend if we grow 3x. We need to optimize the inference stack before scaling.","synthesis"
"After reviewing the legal opinion, the compliance gap analysis, and the customer contract: achieving SOC 2 Type II is the fastest path to unlocking the enterprise tier — we should start immediately (from post-mortem).","synthesis"
"Pod disruption budgets limit the number of Pods that can be simultaneously unavailable (validated in prod).","semantic"
"CRISPR-Cas9 enables precise DNA editing by guiding Cas9 to a target location (team convention).","semantic"
"JWT tokens consist of a header, payload, and signature separated by dots.","semantic"
"Update dependency security scans at every funding event.","preference"
"Run update the CHANGELOG before a production deploy.","preference"
"Embedding drift occurs when input statistics shift over time in production deployments.","semantic"
"To build an onboarding curriculum: identify role competencies, map learning objectives, create modules, add assessments (see runbook).","procedural"
"To set up CI/CD: configure the repository trigger, add lint and test steps, add a deploy step gated on test pass (verified).","procedural"
"Definition: choose boring technology over custom trained ones for the critical path.","preference"
"Principle: to conduct a threat model: identify assets and trust boundaries, enumerate threats using STRIDE, assign controls, review.","procedural"
"Product note: to implement a recommendation system: collect interaction data, train a model, serve via an API, evaluate with offline and online metrics.","procedural"
"Fine-tuned the retrieval model on synthetic data and accuracy jumped 8 points.","episodic"
"Observation: prefer small PRs over novel tech for reviewability.","preference"
"Finding: to set up CI/CD: configure the repository trigger, add lint and test steps, add a deploy step gated on test pass.","procedural"
"Completed the SOC 2 readiness review with two minor observations.","episodic"
"Rule: after reviewing the infrastructure cost, the query patterns, and the database schema: migrating the high-read tables to a read replica eliminates 70 percent of the primary load at minimal cost.","synthesis"
"Validate verify rollback works before a security audit.","preference"
"Fine-tuned the instruction-tuned model on preference data and accuracy jumped 8 points.","episodic"
"Cross-referencing the content performance data and the audience analytics: our best-performing pieces are co-authored with practitioners — featuring one expert per month should increase both traffic and credibility (team convention).","synthesis"
"Rule: to implement a recommendation system: collect interaction data, train a model, serve via an API, evaluate with offline and online metrics.","procedural"
"To set up CI/CD: configure the repository trigger, add lint and test steps, add a deploy step gated on test pass (per protocol).","procedural"
"To implement caching: identify hot read paths, choose a cache store, set TTLs, handle cache invalidation on write.","procedural"
"Note: to train an ML model from scratch: collect data, preprocess, split into train/val/test, define architecture, train, evaluate, iterate.","procedural"
"Ops rule: the content performance data and the keyword analysis show our highest-traffic pages have the lowest conversion. Adding intent-aligned CTAs to those pages is the highest-ROI intervention available.","synthesis"
"The competitive analysis shows our pricing is 20 percent above market for the entry tier but 30 percent below for enterprise. Repositioning means raising entry pricing and emphasizing enterprise value.","synthesis"
"Dijkstra's algorithm finds the shortest path in a weighted graph with non-negative edges (verified).","semantic"
"Completed the GCP audit with five critical issues to address.","episodic"
"Always accept payment terms that create cash flow mismatches to handle unexpected downturns.","preference"
"Every production service needs alerting on p99 latency, error rate, and saturation (team standard).","preference"
"Observation: to write an incident post-mortem: describe the timeline, root cause, impact, and corrective actions without blame.","procedural"
"The support ticket volume trend combined with the NPS data points to a single root cause: the API documentation is incomplete. Fixing docs is higher ROI than shipping new features this quarter (team standard).","synthesis"
"To build an onboarding curriculum: identify role competencies, map learning objectives, create modules, add assessments (team standard).","procedural"
"Team convention: to run a data quality audit: profile each column, check for nulls and outliers, validate against the schema, report findings.","procedural"
"Ran the A/B test on pricing and identified the critical upsell gap.","episodic"
"Architecture note: after reviewing the legal opinion, the compliance gap analysis, and the customer contract: achieving SOC 2 Type II is the fastest path to unlocking the enterprise tier — we should start immediately.","synthesis"
"Prefer managed services over self-hosted when the operational overhead is not justified.","preference"
"Use immutable infrastructure — replace rather than patch running instances.","preference"
"Context: pod disruption budgets limit the number of Pods that can be simultaneously unavailable.","semantic"
"Team convention: reviewing the three pilot customer deployments: two succeeded because they had an internal champion; one failed because they didn't. Champion identification is now a required qualification criterion.","synthesis"
"From the docs: reviewing the three pilot customer deployments: two succeeded because they had an internal champion; one failed because they didn't. Champion identification is now a required qualification criterion.","synthesis"
"Research finding: the patent landscape analysis and the product roadmap show overlap with three existing patents. Two are unlikely to be infringed; one requires a design change — cheaper to change now than in litigation.","synthesis"
"Run model performance baselines at every funding event (see runbook).","preference"
"To add authentication to an API: issue JWT on login, validate signature on every request, refresh before expiry.","procedural"
"Never schedule meetings before 10 AM — mornings are for deep work.","preference"
"To run a sprint retrospective: present what went well, what to improve, and commit to one action per improvement.","procedural"
"Never keep 6 months of operating expenses in reserve to avoid insolvency.","preference"
"Shipped the API key management after three months of iteration.","episodic"
"All production services must have a signed DPA before going into production (per protocol).","preference"
"The observer pattern lets objects subscribe to events emitted by another object.","semantic"
"Reached the seed round this quarter.","episodic"
"Remember: choose boring technology over custom trained ones for the critical path.","preference"
"Gradient clipping caps gradient magnitudes to prevent exploding gradients during training (from the literature).","semantic"
"Definition: reviewing the annual review data and the retention patterns: engineers who received a promotion in year 2 have 3x lower attrition than those who didn't. Fast career progression is the top retention lever.","synthesis"
"Product note: the ops cost model versus the revenue forecast shows gross margin will compress below 40 percent at current compute spend if we grow 3x. We need to optimize the inference stack before scaling.","synthesis"
"A biomarker is a measurable indicator of a biological state or condition.","semantic"
"Choose boring technology over custom trained ones for the critical path (see runbook).","preference"
"Established practice: combining the regulatory guidance and the trial data: a subgroup-specific label claim is viable. The path requires a supplemental NDA, but the commercial opportunity justifies the submission cost.","synthesis"
"Shipped the CSV export after three months of back-and-forth with the team.","episodic"
"To write a performance review: gather 360 feedback, compare against objectives, rate on core competencies, agree on development goals.","procedural"
"Insight: pod disruption budgets limit the number of Pods that can be simultaneously unavailable.","semantic"
"Cross-referencing the vulnerability report and the asset inventory, 80 percent of critical findings map to three services. Prioritizing those three eliminates most of the attack surface (per protocol).","synthesis"
"ML insight: always log at structured JSON architecture decisions.","preference"
"MRR hit $10K for the first time after the pricing change.","episodic"
"Ops rule: pod disruption budgets limit the number of Pods that can be simultaneously unavailable.","semantic"
"Reviewing the trial protocol and the interim data: the pre-specified subgroup analysis shows a strong signal in biomarker-positive patients. We should consider a label expansion strategy for that population (from post-mortem).","synthesis"
"To run a DSMB meeting: share interim data with the board, present safety summaries, receive a recommendation, document the outcome (see runbook).","procedural"
"To run an A/B test: define the metric, size the sample, implement the variant, run until significance, analyze (team convention).","procedural"
"Remember: combining the regulatory guidance and the trial data: a subgroup-specific label claim is viable. The path requires a supplemental NDA, but the commercial opportunity justifies the submission cost.","synthesis"
"Pod disruption budgets limit the number of Pods that can be simultaneously unavailable (per protocol).","semantic"
"After reviewing the architecture and the team's velocity, the migration to microservices will take 18 months at current pace. Given the deadline, we should scope it to three services, not twelve (per protocol).","synthesis"
"Never store secrets in env files without a backup taken first.","preference"
"To run a launch checklist: verify staging, smoke test, prepare rollback, stage the deploy, notify stakeholders.","procedural"
"Team convention: after reviewing the infrastructure cost, the query patterns, and the database schema: migrating the high-read tables to a read replica eliminates 70 percent of the primary load at minimal cost.","synthesis"
"To run a DSMB meeting: share interim data with the board, present safety summaries, receive a recommendation, document the outcome (team convention).","procedural"
"Key fact: run model performance baselines at every funding event.","preference"
"Hired the first ML engineer after four rounds of interviews.","episodic"
"Reviewing the three pilot customer deployments: two succeeded because they had an internal champion; one failed because they didn't. Champion identification is now a required qualification criterion (team standard).","synthesis"
"Use pre-built embeddings over large ones for readability.","preference"
"Architecture note: cRISPR-Cas9 enables precise DNA editing by guiding Cas9 to a target location.","semantic"
"Found a reliability issue affecting the export pipeline and patched it immediately.","episodic"
"To train an ML model from scratch: collect data, preprocess, split into train/val/test, define architecture, train, evaluate, iterate (team standard).","procedural"
"Finding: to write an incident post-mortem: describe the timeline, root cause, impact, and corrective actions without blame.","procedural"
"To process a GDPR right-to-erasure request: identify all data stores, delete or anonymize, log the action, respond within 30 days (verified).","procedural"
"Remember: the game telemetry and the session data together reveal: players who reach level 10 have a 90-day retention rate of 72 percent; those who don't have 8 percent. Level 10 is the real activation event.","synthesis"
"Audit model performance baselines at monthly.","preference"
"Established practice: the patent landscape analysis and the product roadmap show overlap with three existing patents. Two are unlikely to be infringed; one requires a design change — cheaper to change now than in litigation.","synthesis"
"Fixed the search PR on the first attempt.","episodic"
"Key fact: after reviewing the infrastructure cost, the query patterns, and the database schema: migrating the high-read tables to a read replica eliminates 70 percent of the primary load at minimal cost.","synthesis"
"Keep PRs atomic and well-described.","preference"
"To conduct a vendor security review: send a security questionnaire, review the SOC 2 report, run a DPA review.","procedural"
"To prepare a grant proposal: read the RFP, outline the aims, draft the research plan, budget, and write the abstract last (from the literature).","procedural"
"Power analysis determines the sample size needed to detect an effect of given magnitude.","semantic"
"Shipped the webhook support after two weeks of back-and-forth with the team.","episodic"
"Observation: choose boring technology over custom trained ones for the critical path.","preference"
"To prepare a grant proposal: read the RFP, outline the aims, draft the research plan, budget, and write the abstract last (team convention).","procedural"
"Note: to run a DSMB meeting: share interim data with the board, present safety summaries, receive a recommendation, document the outcome.","procedural"
"Closed the pilot deal with the fintech startup worth $96K ARR.","episodic"
"To implement a save system in a game: define the save state schema, serialize to disk, test loading from each save point (empirically validated).","procedural"
"Observation: to implement a save system in a game: define the save state schema, serialize to disk, test loading from each save point.","procedural"
"Discovered a performance issue affecting the mobile client and raised it in the incident channel.","episodic"
"Definition: the patent landscape analysis and the product roadmap show overlap with three existing patents. Two are unlikely to be infringed; one requires a design change — cheaper to change now than in litigation.","synthesis"
"Established practice: to publish an open-source library: write a README, add CI tests, publish to the package registry, write a CHANGELOG.","procedural"
"Context: to run a DSMB meeting: share interim data with the board, present safety summaries, receive a recommendation, document the outcome.","procedural"
"Remember: cRISPR-Cas9 enables precise DNA editing by guiding Cas9 to a target location.","semantic"
"Completed the GCP audit with three controls needing remediation.","episodic"
"Principle: to implement a recommendation system: collect interaction data, train a model, serve via an API, evaluate with offline and online metrics.","procedural"
"A placebo-controlled trial compares treatment against an inert substance to isolate effects.","semantic"
"Established practice: all production services must have a signed DPA before going into production.","preference"
"To implement a retry policy: define max retries, use exponential backoff with jitter, handle idempotency.","procedural"
"Principle: type I error rejects a true null hypothesis; Type II error fails to reject a false one.","semantic"
"Cross-referencing the content performance data and the audience analytics: our best-performing pieces are co-authored with practitioners — featuring one expert per month should increase both traffic and credibility (team standard).","synthesis"
"The patent landscape analysis and the product roadmap show overlap with three existing patents. Two are unlikely to be infringed; one requires a design change — cheaper to change now than in litigation (team convention).","synthesis"
"Ops rule: combining the clinical endpoint data and the safety report: the treatment effect is meaningful only in the per-protocol population. The intent-to-treat analysis is driven by non-adherence, not lack of efficacy.","synthesis"
"Completed the SOC 2 readiness review with a clean bill of health.","episodic"
"Team convention: the oncology market analysis and the Phase II data together suggest a breakthrough therapy designation filing is warranted. The accelerated pathway could save 18 months versus standard review.","synthesis"
"Insight: after reviewing the architecture and the team's velocity, the migration to microservices will take 18 months at current pace. Given the deadline, we should scope it to three services, not twelve.","synthesis"
"Architecture note: the ops cost model versus the revenue forecast shows gross margin will compress below 40 percent at current compute spend if we grow 3x. We need to optimize the inference stack before scaling.","synthesis"
"After reviewing the legal opinion, the compliance gap analysis, and the customer contract: achieving SOC 2 Type II is the fastest path to unlocking the enterprise tier — we should start immediately (verified).","synthesis"
"The audit caught a $22K billing error that was resolved with the vendor.","episodic"
"Rule: use small PRs over raw Promise chains for the critical path.","preference"
"Observation: to process a GDPR right-to-erasure request: identify all data stores, delete or anonymize, log the action, respond within 30 days.","procedural"
"Ops rule: after reviewing the legal opinion, the compliance gap analysis, and the customer contract: achieving SOC 2 Type II is the fastest path to unlocking the enterprise tier — we should start immediately.","synthesis"
"Remember: after reviewing the architecture and the team's velocity, the migration to microservices will take 18 months at current pace. Given the deadline, we should scope it to three services, not twelve.","synthesis"
"Insight: reviewing the trial protocol and the interim data: the pre-specified subgroup analysis shows a strong signal in biomarker-positive patients. We should consider a label expansion strategy for that population.","synthesis"
"Remember: always log at structured JSON architecture decisions.","preference"
"Published the preprint to arXiv and it was downloaded 5,000 times in one week.","episodic"
"Always have a legal hold policy before litigation is anticipated.","preference"
"Spaced repetition schedules review at increasing intervals to maximize long-term retention.","semantic"
"Note: choose small PRs over large ones to reduce configuration drift.","preference"
"Prefer async/await over raw Promise chains for readability.","preference"
"Deployed the billing PR after two weeks of work.","episodic"
"Research finding: principle of least privilege grants only the permissions needed to complete a task.","semantic"
"The build system went down for overnight due to an OOM condition — fixed by the on-call engineer.","episodic"
"Keep endpoints under 30 lines.","preference"
"From the docs: always log at structured JSON architecture decisions.","preference"
"Resolved the payment hotfix after two weeks of work.","episodic"
"All database migrations must have health-check endpoints before merging to main (team standard).","preference"
"Established practice: use small PRs over raw Promise chains for the critical path.","preference"
"Established practice: tick rate is the frequency at which a game server updates game state per second.","semantic"
"Procedural generation uses algorithms to create levels, items, or quests dynamically.","semantic"
"OAuth 2.0 delegates authorization to a third-party identity provider.","semantic"
"Published the paper to PyPI and it received 400 views in the first day.","episodic"
"Clinical note: after reviewing the infrastructure cost, the query patterns, and the database schema: migrating the high-read tables to a read replica eliminates 70 percent of the primary load at minimal cost.","synthesis"
"Run credentials at quarterly.","preference"
"The press release went live and went viral on Twitter in one week.","episodic"
"Content Security Policy restricts which resources a page can load to mitigate XSS.","semantic"
"Clinical note: a salt is a random value added to a password before hashing to prevent rainbow table attacks.","semantic"
"Fixed the null-pointer that was causing crashes for enterprise customers.","episodic"
"A queue is a FIFO data structure; a stack is LIFO.","semantic"
"Favour immutable infrastructure over inheritance to keep intent clear.","preference"
"Team convention: all database migrations must have health-check endpoints before merging to main.","preference"
"The stress test ran for 30 minutes and showed 3x throughput improvement.","episodic"
"After reviewing the legal opinion, the compliance gap analysis, and the customer contract: achieving SOC 2 Type II is the fastest path to unlocking the enterprise tier — we should start immediately (see runbook).","synthesis"
"Key fact: a contract test verifies that a service meets the expectations of its consumers.","semantic"
"Published the open-source library to PyPI and it generated 10 citations in one week.","episodic"
"To run a data quality audit: profile each column, check for nulls and outliers, validate against the schema, report findings (per protocol).","procedural"
"Combining the regulatory guidance and the trial data: a subgroup-specific label claim is viable. The path requires a supplemental NDA, but the commercial opportunity justifies the submission cost (team convention).","synthesis"
"Lost the partnership to a well-funded startup who had better brand recognition.","episodic"
"Event sourcing persists state changes as an immutable log rather than mutable records.","semantic"
"Limit ranges constrain the resource requests and limits for individual containers.","semantic"
"All cloud resources must have cost alerting before production release.","preference"
"Research finding: tick rate is the frequency at which a game server updates game state per second.","semantic"
"Cohesion measures how strongly related the responsibilities within a module are.","semantic"
"After reviewing the infrastructure cost, the query patterns, and the database schema: migrating the high-read tables to a read replica eliminates 70 percent of the primary load at minimal cost (from the literature).","synthesis"
"Fine-tuned the instruction-tuned model on domain-specific data and latency was reduced by 20 percent.","episodic"
"The CDN went down for 2 hours due to an expired certificate — rolled back in 6 minutes.","episodic"
"Team convention: to set up CI/CD: configure the repository trigger, add lint and test steps, add a deploy step gated on test pass.","procedural"
"Remember: to run an A/B test: define the metric, size the sample, implement the variant, run until significance, analyze.","procedural"
"To run an A/B test: define the metric, size the sample, implement the variant, run until significance, analyze (see runbook).","procedural"
"Responded to the DDoS incident that caused 15 minutes of degraded performance.","episodic"
"Use small PRs over mutable instances when accuracy gap is under 2 percent.","preference"
"Ops rule: after reviewing the architecture and the team's velocity, the migration to microservices will take 18 months at current pace. Given the deadline, we should scope it to three services, not twelve.","synthesis"
"Note: to prepare a grant proposal: read the RFP, outline the aims, draft the research plan, budget, and write the abstract last.","procedural"
"Observation: to set up CI/CD: configure the repository trigger, add lint and test steps, add a deploy step gated on test pass.","procedural"
"Rotate access control lists at every sprint.","preference"
"The CFO review caught a $3K duplicate charge that was recovered in the next cycle.","episodic"
"To build a content calendar: list channels, define cadence, brainstorm topics, assign ownership, schedule in advance.","procedural"
"Principle of least privilege grants only the permissions needed to complete a task (team standard).","semantic"
"Completed the database migration with zero data loss.","episodic"
"A content pillar is a comprehensive piece of content repurposed into many smaller assets.","semantic"
"Hired the first customer success manager after five rounds of interviews.","episodic"
"A content funnel maps content to awareness, consideration, and decision stages.","semantic"
"Use small PRs over raw Promise chains for the critical path (from post-mortem).","preference"
"Prefer asynchronous communication for non-urgent coordination.","preference"
"Never merge a PR without at least one reviewer who did not write the code.","preference"
"A saga compensating transaction reverses the effects of a failed step.","semantic"
"CRISPR-Cas9 enables precise DNA editing by guiding Cas9 to a target location (see runbook).","semantic"
"A service registry tracks available service instances for discovery.","semantic"
"Responded to the certificate expiry incident that caused 20 minutes of degraded performance.","episodic"
"Context: jWT tokens consist of a header, payload, and signature separated by dots.","semantic"
"Enrolled the 50th patient in Phase I of the oncology trial.","episodic"
"Observation: every production service needs alerting on p99 latency, error rate, and saturation.","preference"
"Team convention: to prepare a grant proposal: read the RFP, outline the aims, draft the research plan, budget, and write the abstract last.","procedural"
"To process a GDPR right-to-erasure request: identify all data stores, delete or anonymize, log the action, respond within 30 days (team standard).","procedural"
"To set up log aggregation: ship logs to a central store (e.g., Loki), define a retention policy, add dashboards.","procedural"
"Definition: use small PRs over raw Promise chains for the critical path.","preference"
"Team convention: run model performance baselines at every funding event.","preference"
"Denormalization introduces redundancy intentionally to improve read performance.","semantic"
"After reviewing the legal opinion, the compliance gap analysis, and the customer contract: achieving SOC 2 Type II is the fastest path to unlocking the enterprise tier — we should start immediately (from the literature).","synthesis"
"Ops rule: all production services must have a signed DPA before going into production.","preference"
"Ops rule: to process a GDPR right-to-erasure request: identify all data stores, delete or anonymize, log the action, respond within 30 days.","procedural"
"A salt is a random value added to a password before hashing to prevent rainbow table attacks (see runbook).","semantic"
"Ops rule: to conduct a threat model: identify assets and trust boundaries, enumerate threats using STRIDE, assign controls, review.","procedural"
"Reviewing the three pilot customer deployments: two succeeded because they had an internal champion; one failed because they didn't. Champion identification is now a required qualification criterion (documented).","synthesis"
"Keep tests reversible.","preference"
"The automated reconciliation caught a $3K vendor overcharge that was credited immediately.","episodic"
"Finding: type I error rejects a true null hypothesis; Type II error fails to reject a false one.","semantic"
"In clinical trials, always test on a held-out set never seen during training.","preference"
"Rule: to prepare a grant proposal: read the RFP, outline the aims, draft the research plan, budget, and write the abstract last.","procedural"
"Always write tests before implementing config and secrets.","preference"
"Pod disruption budgets limit the number of Pods that can be simultaneously unavailable (team convention).","semantic"
"To run a hyperparameter search: define the search space, choose a sampler (e.g., Bayesian), run parallel trials, select the best config (from the literature).","procedural"
"Secrets store sensitive data encrypted at rest and injected into Pods at runtime.","semantic"
"Ops rule: run model performance baselines at every funding event.","preference"
"Remember: to build an onboarding curriculum: identify role competencies, map learning objectives, create modules, add assessments.","procedural"
"The support ticket volume trend combined with the NPS data points to a single root cause: the API documentation is incomplete. Fixing docs is higher ROI than shipping new features this quarter (documented).","synthesis"
"Cross-referencing the vulnerability report and the asset inventory, 80 percent of critical findings map to three services. Prioritizing those three eliminates most of the attack surface (empirically validated).","synthesis"
"MRR hit $100K for the first time in month 14.","episodic"
"Principle: to set up CI/CD: configure the repository trigger, add lint and test steps, add a deploy step gated on test pass.","procedural"
"Found a reliability issue affecting 8 percent of users and scheduled a hotfix.","episodic"
"To set up CI/CD: configure the repository trigger, add lint and test steps, add a deploy step gated on test pass (validated in prod).","procedural"
"The oncology market analysis and the Phase II data together suggest a breakthrough therapy designation filing is warranted. The accelerated pathway could save 18 months versus standard review.","synthesis"
"Observation: to implement distributed tracing: instrument with OpenTelemetry, export spans to Jaeger or Tempo, create a service map.","procedural"
"Validate check for label noise before every sprint review.","preference"
"RAG grounds LLM responses with retrieved external documents.","semantic"
"To build an onboarding curriculum: identify role competencies, map learning objectives, create modules, add assessments.","procedural"
"Context: choose boring technology over custom trained ones for the critical path.","preference"
"Never deploy without a rollback plan —at least one reviewer who didn't write the code.","preference"
"Published the preprint to arXiv and it hit 1,000 stars in the first day.","episodic"
"The strangler fig pattern incrementally replaces legacy systems by routing traffic to new components.","semantic"
"Clinical note: to write a technical RFC: describe the problem, propose a solution, list alternatives, address tradeoffs, request review.","procedural"
"Context: type I error rejects a true null hypothesis; Type II error fails to reject a false one.","semantic"
"Key fact: to run an A/B test: define the metric, size the sample, implement the variant, run until significance, analyze.","procedural"
"All database migrations must have an owner and runbook before going into production.","preference"
"Type I error rejects a true null hypothesis; Type II error fails to reject a false one (per protocol).","semantic"
"Shipped the audit migration following the sprint review.","episodic"
"CCPA grants California residents rights to know, delete, and opt out of data sale.","semantic"
"Insight: to build an onboarding curriculum: identify role competencies, map learning objectives, create modules, add assessments.","procedural"
"Observation: all production services must have a signed DPA before going into production.","preference"
"Rule: run model performance baselines at every funding event.","preference"
"Key fact: all production services must have a signed DPA before going into production.","preference"
"Definition: to implement a save system in a game: define the save state schema, serialize to disk, test loading from each save point.","procedural"
"ML insight: all database migrations must have health-check endpoints before merging to main.","preference"
"To set up MFA: choose an authenticator app or hardware key, enroll the user, test recovery codes, enforce org-wide.","procedural"
"From the docs: reviewing the dataset audit and the model performance breakdown: label noise in the minority class is causing 70 percent of false negatives. Cleaning those labels is more urgent than more data.","synthesis"
"To run an A/B test: define the metric, size the sample, implement the variant, run until significance, analyze (validated in prod).","procedural"
"Context: to run a hyperparameter search: define the search space, choose a sampler (e.g., Bayesian), run parallel trials, select the best config.","procedural"
"ELO rating estimates player skill relative to others based on match outcomes.","semantic"
"Latency is the time from request initiation to first byte received.","semantic"
"To write a technical RFC: describe the problem, propose a solution, list alternatives, address tradeoffs, request review (verified).","procedural"
"Principle: cRISPR-Cas9 enables precise DNA editing by guiding Cas9 to a target location.","semantic"
"To run a hyperparameter search: define the search space, choose a sampler (e.g., Bayesian), run parallel trials, select the best config (verified).","procedural"
"Rule: all production services must have a signed DPA before going into production.","preference"
"Product note: cross-referencing the content performance data and the audience analytics: our best-performing pieces are co-authored with practitioners — featuring one expert per month should increase both traffic and credibility.","synthesis"
"Ran the canary deployment and saw a 30 percent drop in churn.","episodic"
"From the docs: to run a DSMB meeting: share interim data with the board, present safety summaries, receive a recommendation, document the outcome.","procedural"
"Team convention: the content performance data and the keyword analysis show our highest-traffic pages have the lowest conversion. Adding intent-aligned CTAs to those pages is the highest-ROI intervention available.","synthesis"
"Research finding: to set up CI/CD: configure the repository trigger, add lint and test steps, add a deploy step gated on test pass.","procedural"
"The press release went live and generated 8 inbound leads in 72 hours.","episodic"
"A transactional outbox ensures events are published exactly once even if the publisher crashes.","semantic"
"Static analysis tools find bugs and vulnerabilities without executing the code.","semantic"
"ML insight: cross-referencing the content performance data and the audience analytics: our best-performing pieces are co-authored with practitioners — featuring one expert per month should increase both traffic and credibility.","synthesis"
"Design decision: a salt is a random value added to a password before hashing to prevent rainbow table attacks.","semantic"
"Prefer boring technology for the critical path.","preference"
"Observation: combining the regulatory guidance and the trial data: a subgroup-specific label claim is viable. The path requires a supplemental NDA, but the commercial opportunity justifies the submission cost.","synthesis"
"Completed the SOC 2 Type II audit with three controls needing remediation.","episodic"
"Complexity grows faster than understanding.","semantic"
"Hired the first DevOps lead after five rounds of interviews.","episodic"
"To build an onboarding curriculum: identify role competencies, map learning objectives, create modules, add assessments (documented).","procedural"
"Adverse events must be reported within the regulatory timeframe — no exceptions.","preference"
"Architecture note: to train an ML model from scratch: collect data, preprocess, split into train/val/test, define architecture, train, evaluate, iterate.","procedural"
"Run model performance baselines at every funding event (documented).","preference"
"Team convention: type I error rejects a true null hypothesis; Type II error fails to reject a false one.","semantic"
"Key fact: choose boring technology over custom trained ones for the critical path.","preference"
"To train an ML model from scratch: collect data, preprocess, split into train/val/test, define architecture, train, evaluate, iterate (verified).","procedural"
"Ops rule: to implement distributed tracing: instrument with OpenTelemetry, export spans to Jaeger or Tempo, create a service map.","procedural"
"Finding: to build an onboarding curriculum: identify role competencies, map learning objectives, create modules, add assessments.","procedural"
"The load test ran for overnight and revealed a memory ceiling.","episodic"
"Ran the feature flag rollout and conversion improved by 12 percent.","episodic"
"To conduct a user interview: recruit via email or in-app, prepare a discussion guide, record with consent, synthesize themes.","procedural"
"ML insight: all production services must have a signed DPA before going into production.","preference"
"Never separate personal and business finances to compound your reliability reputation.","preference"
"Gradient clipping caps gradient magnitudes to prevent exploding gradients during training (see runbook).","semantic"
"Test rotate credentials before a production deploy.","preference"
"MRR hit $10K for the first time following the enterprise push.","episodic"
"Gradient clipping caps gradient magnitudes to prevent exploding gradients during training (per protocol).","semantic"
"Completed the security penetration test with three controls needing remediation.","episodic"
"Run training data quality at each release.","preference"
"Product note: tick rate is the frequency at which a game server updates game state per second.","semantic"
"Note: prefer small PRs over novel tech for reviewability.","preference"
"Architecture note: to run a data quality audit: profile each column, check for nulls and outliers, validate against the schema, report findings.","procedural"
"In hiring decisions, restore service first, investigate second.","preference"
"Architecture note: choose small PRs over large ones to reduce configuration drift.","preference"
"Shipped the authentication feature after two weeks of work.","episodic"
"Finding: all production services must have a signed DPA before going into production.","preference"
"Observation: principle of least privilege grants only the permissions needed to complete a task.","semantic"
"Clinical note: to implement a recommendation system: collect interaction data, train a model, serve via an API, evaluate with offline and online metrics.","procedural"
"Ops rule: the game telemetry and the session data together reveal: players who reach level 10 have a 90-day retention rate of 72 percent; those who don't have 8 percent. Level 10 is the real activation event.","synthesis"
"Achieved the beta integration after six weeks.","episodic"
"From the docs: reviewing the trial protocol and the interim data: the pre-specified subgroup analysis shows a strong signal in biomarker-positive patients. We should consider a label expansion strategy for that population.","synthesis"
"Subresource Integrity verifies that fetched resources have not been tampered with.","semantic"
"In clinical trials, run threat modeling before assigning controls.","preference"
"Never run manual queries on production —at least one reviewer who didn't write the code.","preference"
"Established practice: cross-referencing the content performance data and the audience analytics: our best-performing pieces are co-authored with practitioners — featuring one expert per month should increase both traffic and credibility.","synthesis"
"The patent landscape analysis and the product roadmap show overlap with three existing patents. Two are unlikely to be infringed; one requires a design change — cheaper to change now than in litigation (documented).","synthesis"
"All third-party integrations must have cost alerting before shipping.","preference"
"A confusion matrix shows TP, FP, TN, and FN for a classifier.","semantic"
"Lost the contract to the incumbent vendor who had an existing relationship.","episodic"
"Update the cap table at monthly.","preference"
"ML insight: a salt is a random value added to a password before hashing to prevent rainbow table attacks.","semantic"
"Never separate personal and business finances to plan conservatively.","preference"
"To prepare a grant proposal: read the RFP, outline the aims, draft the research plan, budget, and write the abstract last (see runbook).","procedural"
"Established practice: to implement a save system in a game: define the save state schema, serialize to disk, test loading from each save point.","procedural"
"From the docs: choose boring technology over custom trained ones for the critical path.","preference"
"Key fact: the support ticket volume trend combined with the NPS data points to a single root cause: the API documentation is incomplete. Fixing docs is higher ROI than shipping new features this quarter.","synthesis"
"After reviewing the infrastructure cost, the query patterns, and the database schema: migrating the high-read tables to a read replica eliminates 70 percent of the primary load at minimal cost (see runbook).","synthesis"
"Product note: use small PRs over raw Promise chains for the critical path.","preference"
"The authentication service went down for 40 minutes due to a botched migration — rolled back in 6 minutes.","episodic"
"Attention mechanisms allow transformers to weigh the relevance of each token to all others.","semantic"
"Team convention: to rotate an API key: generate the new key, update all consumers, verify traffic, then revoke the old key.","procedural"
"Run update the CHANGELOG before a major release.","preference"
"Symmetric encryption uses the same key for both encryption and decryption.","semantic"
"Reactive systems are responsive, resilient, elastic, and message-driven.","semantic"
"Note: to publish an open-source library: write a README, add CI tests, publish to the package registry, write a CHANGELOG.","procedural"
"Clinical note: reviewing the three pilot customer deployments: two succeeded because they had an internal champion; one failed because they didn't. Champion identification is now a required qualification criterion.","synthesis"
"Always log at structured JSON architecture decisions (from the literature).","preference"
"All model releases must have an owner and runbook before production deployment.","preference"
"Remember: to set up CI/CD: configure the repository trigger, add lint and test steps, add a deploy step gated on test pass.","procedural"
"Clinical note: jWT tokens consist of a header, payload, and signature separated by dots.","semantic"
"The game telemetry and the session data together reveal: players who reach level 10 have a 90-day retention rate of 72 percent; those who don't have 8 percent. Level 10 is the real activation event (see runbook).","synthesis"
"GDPR applies to any organization processing personal data of EU residents.","semantic"
"The file drawer problem is the tendency to not publish null results, biasing the literature.","semantic"
"The case study went live and was featured in TechCrunch in 72 hours.","episodic"
"Lost the contract to a well-funded startup who offered free migration.","episodic"
"Observation: the oncology market analysis and the Phase II data together suggest a breakthrough therapy designation filing is warranted. The accelerated pathway could save 18 months versus standard review.","synthesis"
"Research finding: after reviewing the legal opinion, the compliance gap analysis, and the customer contract: achieving SOC 2 Type II is the fastest path to unlocking the enterprise tier — we should start immediately.","synthesis"
"Rule: to write a technical RFC: describe the problem, propose a solution, list alternatives, address tradeoffs, request review.","procedural"
"Horizontal scaling adds more instances; vertical scaling adds more resources to existing ones.","semantic"
"Research finding: the oncology market analysis and the Phase II data together suggest a breakthrough therapy designation filing is warranted. The accelerated pathway could save 18 months versus standard review.","synthesis"
"Established practice: run model performance baselines at every funding event.","preference"
"Definition: the oncology market analysis and the Phase II data together suggest a breakthrough therapy designation filing is warranted. The accelerated pathway could save 18 months versus standard review.","synthesis"
"Completed the cloud migration under the maintenance window.","episodic"
"Principle: to publish an open-source library: write a README, add CI tests, publish to the package registry, write a CHANGELOG.","procedural"
"Cross-referencing the content performance data and the audience analytics: our best-performing pieces are co-authored with practitioners — featuring one expert per month should increase both traffic and credibility (documented).","synthesis"
"Tick rate is the frequency at which a game server updates game state per second (empirically validated).","semantic"
"Note: the oncology market analysis and the Phase II data together suggest a breakthrough therapy designation filing is warranted. The accelerated pathway could save 18 months versus standard review.","synthesis"
"Product note: combining the regulatory guidance and the trial data: a subgroup-specific label claim is viable. The path requires a supplemental NDA, but the commercial opportunity justifies the submission cost.","synthesis"
"Tax planning should happen quarterly, not at year-end.","preference"
"The outbox pattern reliably publishes events by writing them to the database alongside domain changes.","semantic"
"Combining the clinical endpoint data and the safety report: the treatment effect is meaningful only in the per-protocol population. The intent-to-treat analysis is driven by non-adherence, not lack of efficacy.","synthesis"
"To implement a save system in a game: define the save state schema, serialize to disk, test loading from each save point (per protocol).","procedural"
"Lost the RFP to a larger competitor who offered free migration.","episodic"
"Lost the RFP to a larger competitor who had better brand recognition.","episodic"
"Hit the launch round this quarter.","episodic"
"Discovered a security issue affecting the mobile client and opened a P0 ticket.","episodic"
"Shipped the CSV export after six weeks of back-and-forth with the team.","episodic"
"Always review error budgets before a hotfix.","preference"
"Reviewing the three pilot customer deployments: two succeeded because they had an internal champion; one failed because they didn't. Champion identification is now a required qualification criterion (from post-mortem).","synthesis"
"Established practice: the code review data and the deployment frequency metrics together reveal: teams with PR cycle times under 24 hours ship 3x more frequently and have half the bug rate. The bottleneck is reviewer availability.","synthesis"
"Loot tables define the probability distribution of items dropped by enemies.","semantic"
"Prefer obtain informed consent before production changes.","preference"
"Context: all database migrations must have health-check endpoints before merging to main.","preference"
"Fine-tuned the domain-specific model on preference data and accuracy jumped 8 points.","episodic"
"To run a hyperparameter search: define the search space, choose a sampler (e.g., Bayesian), run parallel trials, select the best config (validated in prod).","procedural"
"Ran the monetization experiment and conversion improved by 12 percent.","episodic"
"Run model performance baselines at every funding event (from the literature).","preference"
"To set up SSL/TLS: generate or import a certificate, configure the server to use it, redirect HTTP to HTTPS.","procedural"
"A pen test simulates adversarial attacks to identify exploitable vulnerabilities.","semantic"
"Finding: choose small PRs over large ones to reduce configuration drift.","preference"
"Reviewing the annual review data and the retention patterns: engineers who received a promotion in year 2 have 3x lower attrition than those who didn't. Fast career progression is the top retention lever (team standard).","synthesis"
"Clinical note: all production services must have a signed DPA before going into production.","preference"
"Completed the SOC 2 Type II audit with a clean bill of health.","episodic"
"Clinical note: combining the clinical endpoint data and the safety report: the treatment effect is meaningful only in the per-protocol population. The intent-to-treat analysis is driven by non-adherence, not lack of efficacy.","synthesis"
"Architecture note: to write a technical RFC: describe the problem, propose a solution, list alternatives, address tradeoffs, request review.","procedural"
"Clinical note: the oncology market analysis and the Phase II data together suggest a breakthrough therapy designation filing is warranted. The accelerated pathway could save 18 months versus standard review.","synthesis"
"To run a hyperparameter search: define the search space, choose a sampler (e.g., Bayesian), run parallel trials, select the best config (team convention).","procedural"
"A contract test verifies that a service meets the expectations of its consumers (from the literature).","semantic"
"ML insight: to write a technical RFC: describe the problem, propose a solution, list alternatives, address tradeoffs, request review.","procedural"
"Hired the first product designer after four rounds of interviews.","episodic"
"To run an A/B test: define the metric, size the sample, implement the variant, run until significance, analyze (verified).","procedural"
"Identified a data integrity issue affecting EU customers and scheduled a hotfix.","episodic"
"Observation: jWT tokens consist of a header, payload, and signature separated by dots.","semantic"
"Responded to the DNS failure incident that caused 4 hours of partial downtime.","episodic"
"Insight: type I error rejects a true null hypothesis; Type II error fails to reject a false one.","semantic"
"Enrolled the 100th patient in Phase I of the metabolic trial.","episodic"
"Insight: to conduct a threat model: identify assets and trust boundaries, enumerate threats using STRIDE, assign controls, review.","procedural"
"Context: to run a data quality audit: profile each column, check for nulls and outliers, validate against the schema, report findings.","procedural"
"Principle: to train an ML model from scratch: collect data, preprocess, split into train/val/test, define architecture, train, evaluate, iterate.","procedural"
"To train an ML model from scratch: collect data, preprocess, split into train/val/test, define architecture, train, evaluate, iterate (team convention).","procedural"
"Architecture note: to run a DSMB meeting: share interim data with the board, present safety summaries, receive a recommendation, document the outcome.","procedural"
"Rotate training data quality at every sprint.","preference"
"To implement distributed tracing: instrument with OpenTelemetry, export spans to Jaeger or Tempo, create a service map (validated in prod).","procedural"
"Finding: pod disruption budgets limit the number of Pods that can be simultaneously unavailable.","semantic"
"Never write tests before implementing all production services.","preference"
"Feature flags deploy code to production without exposing it to all users.","semantic"
"A microservice architecture decouples services so they can be deployed independently.","semantic"
"Shipped the payment hotfix ahead of schedule.","episodic"
"The editorial calendar schedules content production and publication across channels.","semantic"
"PKI manages digital certificates and public-key cryptography at scale.","semantic"
"Established practice: to set up CI/CD: configure the repository trigger, add lint and test steps, add a deploy step gated on test pass.","procedural"
"The publisher-subscriber pattern decouples event producers from consumers.","semantic"
"To write a technical RFC: describe the problem, propose a solution, list alternatives, address tradeoffs, request review (per protocol).","procedural"
"Combining the benchmark results with the latency requirements: the reranking model adds 18ms p99. At our SLA of 50ms total, that leaves only 32ms for retrieval — we need a lighter reranker.","synthesis"
"Ops rule: to implement a recommendation system: collect interaction data, train a model, serve via an API, evaluate with offline and online metrics.","procedural"
"Run rotate credentials before tagging a release.","preference"
"Team convention: reviewing the trial protocol and the interim data: the pre-specified subgroup analysis shows a strong signal in biomarker-positive patients. We should consider a label expansion strategy for that population.","synthesis"
"Flagged a compliance issue affecting the export pipeline and scheduled a hotfix.","episodic"
"Responded to the Redis eviction incident that caused 15 minutes of degraded performance.","episodic"
"CRISPR-Cas9 enables precise DNA editing by guiding Cas9 to a target location (per protocol).","semantic"
"Principle: choose boring technology over custom trained ones for the critical path.","preference"
"Design decision: to implement distributed tracing: instrument with OpenTelemetry, export spans to Jaeger or Tempo, create a service map.","procedural"
"Always accept payment terms that create cash flow mismatches to plan conservatively.","preference"
"Principle: combining the regulatory guidance and the trial data: a subgroup-specific label claim is viable. The path requires a supplemental NDA, but the commercial opportunity justifies the submission cost.","synthesis"
"CRISPR-Cas9 enables precise DNA editing by guiding Cas9 to a target location (empirically validated).","semantic"
"Chaos engineering intentionally injects failures to validate system resilience.","semantic"
"To set up a load balancer: provision the LB, register targets, configure health checks, attach to the DNS record.","procedural"
"Favour pre-built embeddings over self-hosted equivalents to reduce configuration drift.","preference"
"Product note: cRISPR-Cas9 enables precise DNA editing by guiding Cas9 to a target location.","semantic"
"CORS is a browser security mechanism that restricts cross-origin HTTP requests.","semantic"
"Note: to rotate an API key: generate the new key, update all consumers, verify traffic, then revoke the old key.","procedural"
"The automated reconciliation caught a $45K billing error that was recovered in the next cycle.","episodic"
"Product note: every production service needs alerting on p99 latency, error rate, and saturation.","preference"
"The user research, the churn data, and the product analytics converge: users who don't receive value in the first 48 hours never come back. Every engineering hour this sprint should go to improving time-to-value.","synthesis"
"Design decision: to process a GDPR right-to-erasure request: identify all data stores, delete or anonymize, log the action, respond within 30 days.","procedural"
"Found a reliability issue affecting 8 percent of users and patched it immediately.","episodic"
"To set up CI/CD: configure the repository trigger, add lint and test steps, add a deploy step gated on test pass (from post-mortem).","procedural"
"To set up time tracking: choose a tool, create projects, add team members, configure approvals, run the first report.","procedural"
"Finding: the patent landscape analysis and the product roadmap show overlap with three existing patents. Two are unlikely to be infringed; one requires a design change — cheaper to change now than in litigation.","synthesis"
"Ops rule: every production service needs alerting on p99 latency, error rate, and saturation.","preference"
"The primary database went down for 15 minutes due to a disk saturation event — rolled back in 6 minutes.","episodic"
"Fixed the CORS error that was causing data corruption for enterprise customers.","episodic"
"Team convention: a contract test verifies that a service meets the expectations of its consumers.","semantic"
"Established practice: choose boring technology over custom trained ones for the critical path.","preference"
"Prefer annual contracts over month-to-month for enterprise customers.","preference"
"Responded to the database failover incident that caused 4 hours of elevated error rates.","episodic"
"ML insight: to run a hyperparameter search: define the search space, choose a sampler (e.g., Bayesian), run parallel trials, select the best config.","procedural"
"Never check email before completing the first deep work block of the day.","preference"
"The stress test ran for 30 minutes and revealed a memory ceiling.","episodic"
"Red-team every model before production deployment.","preference"
"Always test rollback procedures before a major release.","preference"
"Enrolled the 500th patient in Phase I of the immunology trial.","episodic"
"From the docs: to conduct a threat model: identify assets and trust boundaries, enumerate threats using STRIDE, assign controls, review.","procedural"
"ML insight: the support ticket volume trend combined with the NPS data points to a single root cause: the API documentation is incomplete. Fixing docs is higher ROI than shipping new features this quarter.","synthesis"
"Rule: combining the clinical endpoint data and the safety report: the treatment effect is meaningful only in the per-protocol population. The intent-to-treat analysis is driven by non-adherence, not lack of efficacy.","synthesis"
"Product note: principle of least privilege grants only the permissions needed to complete a task.","semantic"
"An index speeds up reads by maintaining a sorted data structure on a column.","semantic"
"To build an SEO-optimized article: research keywords, write a clear H1, include semantically related terms, add internal links.","procedural"
"The weekly finance review caught a $3K billing error that was resolved with the vendor.","episodic"
"Cross-referencing the SEO data with the content performance: articles targeting long-tail intent keywords convert at 5x the rate of broad awareness content, but we produce them at 1/10th the volume.","synthesis"
"Principle: the game telemetry and the session data together reveal: players who reach level 10 have a 90-day retention rate of 72 percent; those who don't have 8 percent. Level 10 is the real activation event.","synthesis"
"Monitor patient-reported outcomes as rigorously as clinical measurements.","preference"
"After reviewing the infrastructure cost, the query patterns, and the database schema: migrating the high-read tables to a read replica eliminates 70 percent of the primary load at minimal cost (empirically validated).","synthesis"
"Remember: tick rate is the frequency at which a game server updates game state per second.","semantic"
"A TPM (Trusted Platform Module) provides hardware-based security functions.","semantic"
"Finding: to write a technical RFC: describe the problem, propose a solution, list alternatives, address tradeoffs, request review.","procedural"
"Responded to the DDoS incident that caused 20 minutes of data unavailability.","episodic"
"Avoid write tests before implementing enrolling participants.","preference"
"Keep documentation under 30 lines.","preference"
"Definition: to publish an open-source library: write a README, add CI tests, publish to the package registry, write a CHANGELOG.","procedural"
"Tokenization splits text into sub-word units before encoding into embedding vectors.","semantic"
"ARR is the annualized value of all active subscription contracts.","semantic"
"To set up CI/CD: configure the repository trigger, add lint and test steps, add a deploy step gated on test pass (team standard).","procedural"
"Observation: the support ticket volume trend combined with the NPS data points to a single root cause: the API documentation is incomplete. Fixing docs is higher ROI than shipping new features this quarter.","synthesis"
"To tag a release: ensure tests pass, update the CHANGELOG, bump the version, create a git tag, push and trigger the release pipeline.","procedural"
"Remember: cross-referencing the vulnerability report and the asset inventory, 80 percent of critical findings map to three services. Prioritizing those three eliminates most of the attack surface.","synthesis"
"Established practice: pod disruption budgets limit the number of Pods that can be simultaneously unavailable.","semantic"
"A contract test verifies that a service meets the expectations of its consumers (empirically validated).","semantic"
"Closed the partnership deal with the fintech startup worth $180K ARR.","episodic"
"Fixed the race condition that was causing incorrect results for mobile users.","episodic"
"Null results should be submitted for publication — the file drawer problem is real.","preference"
"Finding: gradient clipping caps gradient magnitudes to prevent exploding gradients during training.","semantic"
"Principle: prefer small PRs over novel tech for reviewability.","preference"
"Architecture note: all database migrations must have health-check endpoints before merging to main.","preference"
"Closed the strategic deal with HealthFlow Inc worth $60K ARR.","episodic"
"Established practice: jWT tokens consist of a header, payload, and signature separated by dots.","semantic"
"Observation: to conduct a threat model: identify assets and trust boundaries, enumerate threats using STRIDE, assign controls, review.","procedural"
"Clinical note: cRISPR-Cas9 enables precise DNA editing by guiding Cas9 to a target location.","semantic"
"Key fact: always log at structured JSON architecture decisions.","preference"
"Avoid merge without a reviewer —always go through a PR.","preference"
"Completed the authentication migration without downtime.","episodic"
"Rule: reviewing the dataset audit and the model performance breakdown: label noise in the minority class is causing 70 percent of false negatives. Cleaning those labels is more urgent than more data.","synthesis"
"Product note: to train an ML model from scratch: collect data, preprocess, split into train/val/test, define architecture, train, evaluate, iterate.","procedural"
"Note: reviewing the trial protocol and the interim data: the pre-specified subgroup analysis shows a strong signal in biomarker-positive patients. We should consider a label expansion strategy for that population.","synthesis"
"Product note: the game telemetry and the session data together reveal: players who reach level 10 have a 90-day retention rate of 72 percent; those who don't have 8 percent. Level 10 is the real activation event.","synthesis"
"Architecture note: a salt is a random value added to a password before hashing to prevent rainbow table attacks.","semantic"
"Key fact: to implement a recommendation system: collect interaction data, train a model, serve via an API, evaluate with offline and online metrics.","procedural"
"Rule: reviewing the three pilot customer deployments: two succeeded because they had an internal champion; one failed because they didn't. Champion identification is now a required qualification criterion.","synthesis"
"To run a bug bash: scope the area under test, give teams devices and accounts, collect all findings, triage by severity.","procedural"
"Product note: to run an A/B test: define the metric, size the sample, implement the variant, run until significance, analyze.","procedural"
"Team convention: to publish an open-source library: write a README, add CI tests, publish to the package registry, write a CHANGELOG.","procedural"
"A North Star Metric captures the single value that best represents core product value delivered.","semantic"
"Context: cRISPR-Cas9 enables precise DNA editing by guiding Cas9 to a target location.","semantic"
"Flagged a reliability issue affecting 8 percent of users and patched it immediately.","episodic"
"After reviewing the market research, the competitive pricing, and the unit economics: moving to usage-based pricing aligns cost with value, reduces churn for small teams, and unlocks expansion revenue.","synthesis"
"Closed the enterprise deal with the healthcare client worth $360K ARR.","episodic"
"To run a database migration: take a snapshot, apply the migration on staging first, then production with a rollback plan.","procedural"
"Always log at structured JSON architecture decisions (documented).","preference"
"Choose small PRs over large ones to reduce configuration drift (from post-mortem).","preference"
"Insight: the content performance data and the keyword analysis show our highest-traffic pages have the lowest conversion. Adding intent-aligned CTAs to those pages is the highest-ROI intervention available.","synthesis"
"ML insight: the content performance data and the keyword analysis show our highest-traffic pages have the lowest conversion. Adding intent-aligned CTAs to those pages is the highest-ROI intervention available.","synthesis"
"From the docs: to run a hyperparameter search: define the search space, choose a sampler (e.g., Bayesian), run parallel trials, select the best config.","procedural"
"Use small PRs over raw Promise chains for the critical path (see runbook).","preference"
"To run a data quality audit: profile each column, check for nulls and outliers, validate against the schema, report findings (from the literature).","procedural"
"The podcast episode went live and was featured in TechCrunch in one week.","episodic"
"Completed the security penetration test with a clean bill of health.","episodic"
"ML insight: to set up CI/CD: configure the repository trigger, add lint and test steps, add a deploy step gated on test pass.","procedural"
"Synthesizing five customer success interviews and the product usage data: the feature driving the most sessions is the one we were planning to deprioritize — it needs to become the core workflow.","synthesis"
"Key fact: principle of least privilege grants only the permissions needed to complete a task.","semantic"
"Never collect data you don't have a clear use case for.","preference"
"A contract test verifies that a service meets the expectations of its consumers (from post-mortem).","semantic"
"To run an A/B test: define the metric, size the sample, implement the variant, run until significance, analyze (from post-mortem).","procedural"
"The blog post went live and generated 8 inbound leads in one week.","episodic"
"Insight: to write a technical RFC: describe the problem, propose a solution, list alternatives, address tradeoffs, request review.","procedural"
"ML insight: reviewing the trial protocol and the interim data: the pre-specified subgroup analysis shows a strong signal in biomarker-positive patients. We should consider a label expansion strategy for that population.","synthesis"
"The performance benchmark ran for two hours and revealed a memory ceiling.","episodic"
"Completed the caching integration without downtime.","episodic"
"GLP regulations ensure the quality and integrity of non-clinical safety studies.","semantic"
"In security reviews, focus on the approach before the implementation detail.","preference"
"Principle: always log at structured JSON architecture decisions.","preference"
"Write failing tests before implementing new features.","preference"
"To configure Terraform: write resource blocks, run terraform plan to review, apply to provision, commit state to remote backend.","procedural"
"Resolved the race condition that was causing duplicate events for API consumers.","episodic"
"CVSS scores rate the severity of security vulnerabilities on a scale of 0 to 10.","semantic"
"Reviewing the trial protocol and the interim data: the pre-specified subgroup analysis shows a strong signal in biomarker-positive patients. We should consider a label expansion strategy for that population (verified).","synthesis"
"Keep commits idempotent.","preference"
"Architecture note: after reviewing the architecture and the team's velocity, the migration to microservices will take 18 months at current pace. Given the deadline, we should scope it to three services, not twelve.","synthesis"
"The weekly finance review caught a $45K vendor overcharge that was resolved with the vendor.","episodic"
"To publish an open-source library: write a README, add CI tests, publish to the package registry, write a CHANGELOG (documented).","procedural"
"Hired the first customer success manager after three rounds of interviews.","episodic"
"Always log at structured JSON architecture decisions (team convention).","preference"
"Product note: gradient clipping caps gradient magnitudes to prevent exploding gradients during training.","semantic"
"After reviewing the architecture and the team's velocity, the migration to microservices will take 18 months at current pace. Given the deadline, we should scope it to three services, not twelve (verified).","synthesis"
"To set up a bug bounty program: define scope, set payout tiers, list excluded issues, publish on HackerOne.","procedural"
"Tick rate is the frequency at which a game server updates game state per second (from post-mortem).","semantic"
"All customer commitments should be in writing before work begins.","preference"
"Key fact: to rotate an API key: generate the new key, update all consumers, verify traffic, then revoke the old key.","procedural"
"The ops cost model versus the revenue forecast shows gross margin will compress below 40 percent at current compute spend if we grow 3x. We need to optimize the inference stack before scaling (per protocol).","synthesis"
"From the docs: tick rate is the frequency at which a game server updates game state per second.","semantic"
"Remember: to conduct a threat model: identify assets and trust boundaries, enumerate threats using STRIDE, assign controls, review.","procedural"
"The API gateway went down for 40 minutes due to an expired certificate — fixed by the on-call engineer.","episodic"
"Remember: reviewing the dataset audit and the model performance breakdown: label noise in the minority class is causing 70 percent of false negatives. Cleaning those labels is more urgent than more data.","synthesis"
"All database migrations must have health-check endpoints before merging to main (per protocol).","preference"
"Published the dataset to the ACL Anthology and it received 400 views in two weeks.","episodic"
"In code review, restore service first, investigate second.","preference"
"In enterprise sales, always get the commitment in writing before starting work.","preference"
"Insight: to run a DSMB meeting: share interim data with the board, present safety summaries, receive a recommendation, document the outcome.","procedural"
"Research finding: the support ticket volume trend combined with the NPS data points to a single root cause: the API documentation is incomplete. Fixing docs is higher ROI than shipping new features this quarter.","synthesis"
"To prepare a grant proposal: read the RFP, outline the aims, draft the research plan, budget, and write the abstract last (empirically validated).","procedural"
"The API gateway went down for 4 hours due to an expired certificate — auto-healed via the readiness probe.","episodic"
"Established practice: the ops cost model versus the revenue forecast shows gross margin will compress below 40 percent at current compute spend if we grow 3x. We need to optimize the inference stack before scaling.","synthesis"
"Closed the pilot deal with HealthFlow Inc worth $60K ARR.","episodic"
"Principle: the oncology market analysis and the Phase II data together suggest a breakthrough therapy designation filing is warranted. The accelerated pathway could save 18 months versus standard review.","synthesis"
"To train an ML model from scratch: collect data, preprocess, split into train/val/test, define architecture, train, evaluate, iterate.","procedural"
"Published the model checkpoint to the ACL Anthology and it was featured in the newsletter in two weeks.","episodic"
"CRISPR-Cas9 enables precise DNA editing by guiding Cas9 to a target location (documented).","semantic"
"Keep the desktop clean — a cluttered workspace degrades focus.","preference"
"Completed the security penetration test with two minor observations.","episodic"
"Shipped the webhook support after one sprint of iteration.","episodic"
"Shipped the SSO integration after one sprint of engineering.","episodic"
"The product launch went live and drove 400 new signups in one week.","episodic"
"Research finding: every production service needs alerting on p99 latency, error rate, and saturation.","preference"
"Product note: cross-referencing the vulnerability report and the asset inventory, 80 percent of critical findings map to three services. Prioritizing those three eliminates most of the attack surface.","synthesis"
"All database migrations must have health-check endpoints before merging to main.","preference"
"Product note: jWT tokens consist of a header, payload, and signature separated by dots.","semantic"
"Memory-safe languages prevent buffer overflows, use-after-free, and other memory errors.","semantic"
"Choose small PRs over large ones to reduce configuration drift (documented).","preference"
"Established practice: reviewing the dataset audit and the model performance breakdown: label noise in the minority class is causing 70 percent of false negatives. Cleaning those labels is more urgent than more data.","synthesis"
"Architecture note: to set up CI/CD: configure the repository trigger, add lint and test steps, add a deploy step gated on test pass.","procedural"
"To write a technical RFC: describe the problem, propose a solution, list alternatives, address tradeoffs, request review (team convention).","procedural"
"Finding: always log at structured JSON architecture decisions.","preference"
"Design decision: all production services must have a signed DPA before going into production.","preference"
"Team convention: principle of least privilege grants only the permissions needed to complete a task.","semantic"
"Fine-tuned the domain-specific model on curated data and F1 improved by 6 percent.","episodic"
"Design decision: principle of least privilege grants only the permissions needed to complete a task.","semantic"
"Keep tests idempotent.","preference"
"To write an incident post-mortem: describe the timeline, root cause, impact, and corrective actions without blame (verified).","procedural"
"The content performance data and the keyword analysis show our highest-traffic pages have the lowest conversion. Adding intent-aligned CTAs to those pages is the highest-ROI intervention available (from the literature).","synthesis"
"Working capital is current assets minus current liabilities — a measure of short-term liquidity.","semantic"
"The weekly finance review caught a $22K invoice discrepancy that was credited immediately.","episodic"
"Product note: the support ticket volume trend combined with the NPS data points to a single root cause: the API documentation is incomplete. Fixing docs is higher ROI than shipping new features this quarter.","synthesis"
"Don't report a result without checking test assumptions —delete it if you don't need it.","preference"
"The integration test suite ran for overnight and exposed a concurrency bug.","episodic"
"A materialized view precomputes and stores query results for fast retrieval.","semantic"
"ML insight: after reviewing the architecture and the team's velocity, the migration to microservices will take 18 months at current pace. Given the deadline, we should scope it to three services, not twelve.","synthesis"
"A hash table provides O(1) average-case lookup by mapping keys to array indices.","semantic"
"Note: to process a GDPR right-to-erasure request: identify all data stores, delete or anonymize, log the action, respond within 30 days.","procedural"
"Principle: to process a GDPR right-to-erasure request: identify all data stores, delete or anonymize, log the action, respond within 30 days.","procedural"
"Lost the partnership to a well-funded startup who offered free migration.","episodic"
"Key fact: cross-referencing the content performance data and the audience analytics: our best-performing pieces are co-authored with practitioners — featuring one expert per month should increase both traffic and credibility.","synthesis"
"Note: the ops cost model versus the revenue forecast shows gross margin will compress below 40 percent at current compute spend if we grow 3x. We need to optimize the inference stack before scaling.","synthesis"
"From the docs: to implement a recommendation system: collect interaction data, train a model, serve via an API, evaluate with offline and online metrics.","procedural"
"Keep error messages actionable.","preference"
"Option vesting schedules determine when employees can exercise their stock options.","semantic"
"The primary database went down for 4 hours due to a disk saturation event — reverted the deployment.","episodic"
"The content performance data and the keyword analysis show our highest-traffic pages have the lowest conversion. Adding intent-aligned CTAs to those pages is the highest-ROI intervention available (empirically validated).","synthesis"
"To run a DSMB meeting: share interim data with the board, present safety summaries, receive a recommendation, document the outcome (from post-mortem).","procedural"
"MRR hit $500K for the first time following the enterprise push.","episodic"
"ConfigMaps store non-secret configuration data consumed by Pods as env vars or files.","semantic"
"Finding: reviewing the dataset audit and the model performance breakdown: label noise in the minority class is causing 70 percent of false negatives. Cleaning those labels is more urgent than more data.","synthesis"
"Published the preprint to PyPI and it hit 1,000 stars in 72 hours.","episodic"
"Rule: pod disruption budgets limit the number of Pods that can be simultaneously unavailable.","semantic"
"Insight: choose small PRs over large ones to reduce configuration drift.","preference"
"ML insight: to publish an open-source library: write a README, add CI tests, publish to the package registry, write a CHANGELOG.","procedural"
"Completed the monolith-to-microservices migration under the maintenance window.","episodic"
"Ops rule: after reviewing the infrastructure cost, the query patterns, and the database schema: migrating the high-read tables to a read replica eliminates 70 percent of the primary load at minimal cost.","synthesis"
"Note: a salt is a random value added to a password before hashing to prevent rainbow table attacks.","semantic"
"MRR hit $1M for the first time following the enterprise push.","episodic"
"Achieved the Series A milestone in Q3.","episodic"
"Architecture note: to prepare a grant proposal: read the RFP, outline the aims, draft the research plan, budget, and write the abstract last.","procedural"
"Achieved the Series A deal in Q3.","episodic"
"To create a data pipeline: define sources and sinks, implement extraction, transform, load, and add monitoring.","procedural"
"Context: to run an A/B test: define the metric, size the sample, implement the variant, run until significance, analyze.","procedural"
"Deployed the search service after two weeks of work.","episodic"
"Reviewing the trial protocol and the interim data: the pre-specified subgroup analysis shows a strong signal in biomarker-positive patients. We should consider a label expansion strategy for that population (documented).","synthesis"
"Resolved the cache miss that was causing failures for mobile users.","episodic"
"CAC is total sales and marketing spend divided by new customers acquired.","semantic"
"Ops rule: to set up CI/CD: configure the repository trigger, add lint and test steps, add a deploy step gated on test pass.","procedural"
"Note: all database migrations must have health-check endpoints before merging to main.","preference"
"Design decision: to write an incident post-mortem: describe the timeline, root cause, impact, and corrective actions without blame.","procedural"
"Cross-referencing the content performance data and the audience analytics: our best-performing pieces are co-authored with practitioners — featuring one expert per month should increase both traffic and credibility (see runbook).","synthesis"
"To publish an open-source library: write a README, add CI tests, publish to the package registry, write a CHANGELOG (team standard).","procedural"
"Debugged the CORS error that was causing timeouts for API consumers.","episodic"
"Published the open-source library to the ACL Anthology and it generated 10 citations in the first day.","episodic"
"Remember: type I error rejects a true null hypothesis; Type II error fails to reject a false one.","semantic"
"Finished the Series A milestone last Thursday.","episodic"
"Responded to the CDN outage incident that caused 20 minutes of elevated error rates.","episodic"
"Merged the payment refactor following the sprint review.","episodic"
"The API gateway went down for 4 hours due to a misconfigured Helm chart — auto-healed via the readiness probe.","episodic"
"Systems fail at their boundaries.","semantic"
"Context: every production service needs alerting on p99 latency, error rate, and saturation.","preference"
"Research finding: always log at structured JSON architecture decisions.","preference"
"Team convention: to write a technical RFC: describe the problem, propose a solution, list alternatives, address tradeoffs, request review.","procedural"
"Observation: to publish an open-source library: write a README, add CI tests, publish to the package registry, write a CHANGELOG.","procedural"
"Closed the partnership deal with the healthcare client worth $360K ARR.","episodic"
"Cross-referencing the content performance data and the audience analytics: our best-performing pieces are co-authored with practitioners — featuring one expert per month should increase both traffic and credibility.","synthesis"
"Completed the on-prem to AWS migration with no user-facing impact.","episodic"
"Closed the pilot deal with the fintech startup worth $180K ARR.","episodic"
"Established practice: after reviewing the infrastructure cost, the query patterns, and the database schema: migrating the high-read tables to a read replica eliminates 70 percent of the primary load at minimal cost.","synthesis"
"The support ticket volume trend combined with the NPS data points to a single root cause: the API documentation is incomplete. Fixing docs is higher ROI than shipping new features this quarter.","synthesis"
"From the docs: after reviewing the infrastructure cost, the query patterns, and the database schema: migrating the high-read tables to a read replica eliminates 70 percent of the primary load at minimal cost.","synthesis"
"An ORM maps database rows to in-memory objects, abstracting SQL.","semantic"
"Principle: all production services must have a signed DPA before going into production.","preference"
"The authentication service went down for 40 minutes due to an expired certificate — restored from backup.","episodic"
"Published the dataset to GitHub and it was featured in the newsletter in the first day.","episodic"
"Context: to write an incident post-mortem: describe the timeline, root cause, impact, and corrective actions without blame.","procedural"
"Choose boring technology over custom trained ones for the critical path (per protocol).","preference"
"Hardware security modules store cryptographic keys in tamper-resistant hardware.","semantic"
"Never push directly to main —delete it if you don't need it.","preference"
"Use environment variables for all configuration — never hardcode secrets.","preference"
"Burn rate is the monthly rate at which a startup spends its cash reserves.","semantic"
"JWT tokens consist of a header, payload, and signature separated by dots (verified).","semantic"
"Remember: jWT tokens consist of a header, payload, and signature separated by dots.","semantic"
"Default to run a power analysis before architecture decisions.","preference"
"After reviewing the architecture and the team's velocity, the migration to microservices will take 18 months at current pace. Given the deadline, we should scope it to three services, not twelve (validated in prod).","synthesis"
"The automated reconciliation caught a $8K invoice discrepancy that was resolved with the vendor.","episodic"
"Run model performance baselines at every funding event (from post-mortem).","preference"
"The game telemetry and the session data together reveal: players who reach level 10 have a 90-day retention rate of 72 percent; those who don't have 8 percent. Level 10 is the real activation event (verified).","synthesis"
"Remember: to train an ML model from scratch: collect data, preprocess, split into train/val/test, define architecture, train, evaluate, iterate.","procedural"
"Note: to build an onboarding curriculum: identify role competencies, map learning objectives, create modules, add assessments.","procedural"
"Write commit messages in the imperative mood: Add feature not Added feature.","preference"
"Research finding: choose boring technology over custom trained ones for the critical path.","preference"
"Published the preprint to PyPI and it was featured in the newsletter in the first day.","episodic"
"Immutable infrastructure replaces instances rather than patching them in place.","semantic"
"Fine-tuned the base model on curated data and BLEU improved by 4.2.","episodic"
"Closed the pilot deal with the healthcare client worth $60K ARR.","episodic"
"In content creation, default to proven patterns over clever solutions.","preference"
"Token rotation invalidates old tokens when a refresh is performed to limit replay risk.","semantic"
"Hired the first customer success manager after six rounds of interviews.","episodic"
"All new features must have health-check endpoints before shipping.","preference"
"Completed the database migration ahead of schedule.","episodic"
"Insight: to process a GDPR right-to-erasure request: identify all data stores, delete or anonymize, log the action, respond within 30 days.","procedural"
"Context: to build an onboarding curriculum: identify role competencies, map learning objectives, create modules, add assessments.","procedural"
"Rule: to run a hyperparameter search: define the search space, choose a sampler (e.g., Bayesian), run parallel trials, select the best config.","procedural"
"Tick rate is the frequency at which a game server updates game state per second (documented).","semantic"
"Flagged a data integrity issue affecting the mobile client and opened a P0 ticket.","episodic"
"To implement a save system in a game: define the save state schema, serialize to disk, test loading from each save point (from post-mortem).","procedural"
"Resolved the null-pointer that was causing incorrect results for 20 percent of users.","episodic"
"The weekly finance review caught a $8K billing error that was credited immediately.","episodic"
"To triage a production incident: declare severity, page the on-call, start an incident channel, assign roles.","procedural"
"Architecture note: to conduct a threat model: identify assets and trust boundaries, enumerate threats using STRIDE, assign controls, review.","procedural"
"Closed the partnership deal with DataSync worth $60K ARR.","episodic"
"Clinical note: cross-referencing the content performance data and the audience analytics: our best-performing pieces are co-authored with practitioners — featuring one expert per month should increase both traffic and credibility.","synthesis"
"GitOps uses a Git repository as the single source of truth for infrastructure state.","semantic"
"From the docs: principle of least privilege grants only the permissions needed to complete a task.","semantic"
"Context: a salt is a random value added to a password before hashing to prevent rainbow table attacks.","semantic"
"To implement SLOs: define the indicator, set the objective, measure error budget, alert on burn rate.","procedural"
"Insight: to write an incident post-mortem: describe the timeline, root cause, impact, and corrective actions without blame.","procedural"
"Choose boring technology over custom trained ones for the critical path (team convention).","preference"
"Team convention: after reviewing the architecture and the team's velocity, the migration to microservices will take 18 months at current pace. Given the deadline, we should scope it to three services, not twelve.","synthesis"
"Type I error rejects a true null hypothesis; Type II error fails to reject a false one (empirically validated).","semantic"
"Rule: cRISPR-Cas9 enables precise DNA editing by guiding Cas9 to a target location.","semantic"
"To write a technical RFC: describe the problem, propose a solution, list alternatives, address tradeoffs, request review (empirically validated).","procedural"
"From the docs: to run a data quality audit: profile each column, check for nulls and outliers, validate against the schema, report findings.","procedural"
"Use managed services over raw Promise chains for flexibility.","preference"
"An abstract syntax tree represents the grammatical structure of source code.","semantic"
"Established practice: to write a technical RFC: describe the problem, propose a solution, list alternatives, address tradeoffs, request review.","procedural"
"A type system provides a formal language for expressing constraints on data and operations.","semantic"
"Resolved the payment refactor after two weeks of work.","episodic"
"Shipped the dark mode toggle after one sprint of back-and-forth with the team.","episodic"
"Architecture note: principle of least privilege grants only the permissions needed to complete a task.","semantic"
"Normalization reduces data redundancy by organizing data into well-structured tables.","semantic"
"The load test ran for 30 minutes and exposed a concurrency bug.","episodic"
"The integration test suite ran for overnight and showed 3x throughput improvement.","episodic"
"The two-phase commit protocol ensures distributed transaction atomicity across multiple nodes.","semantic"
"The API gateway went down for 15 minutes due to an expired certificate — restored from backup.","episodic"
"To publish an open-source library: write a README, add CI tests, publish to the package registry, write a CHANGELOG (from the literature).","procedural"
"Completed the Series A contract in Q3.","episodic"
"To migrate from REST to GraphQL: define the schema first, implement resolvers, run both in parallel, sunset REST after validation.","procedural"
"Prefer immutable infrastructure over novel tech for flexibility.","preference"
"Clinical note: choose boring technology over custom trained ones for the critical path.","preference"
"ML insight: to run a DSMB meeting: share interim data with the board, present safety summaries, receive a recommendation, document the outcome.","procedural"
"Always review the full contract before signing — never trust a summary.","preference"
"The case study went live and hit 14,000 views in one week.","episodic"
"Clinical note: to run a DSMB meeting: share interim data with the board, present safety summaries, receive a recommendation, document the outcome.","procedural"
"Ecological validity refers to how well study results generalize to real-world conditions.","semantic"
"A/B testing compares two variations of a page or message to determine which performs better.","semantic"
"Principle: run model performance baselines at every funding event.","preference"
"Enrolled the 50th patient in Phase II of the neurological trial.","episodic"
"Merged the audit module after two weeks of work.","episodic"
"The game telemetry and the session data together reveal: players who reach level 10 have a 90-day retention rate of 72 percent; those who don't have 8 percent. Level 10 is the real activation event (from the literature).","synthesis"
"The blog post went live and generated 8 inbound leads in the first day.","episodic"
"Completed the monolith-to-microservices migration with no user-facing impact.","episodic"
"Log at structured JSON in production — plain text is for local development only.","preference"
"CRISPR-Cas9 enables precise DNA editing by guiding Cas9 to a target location.","semantic"
"Responded to the database failover incident that caused 40 minutes of elevated error rates.","episodic"
"Pessimistic locking acquires locks before data access to prevent concurrent modification.","semantic"
"Clinical note: reviewing the annual review data and the retention patterns: engineers who received a promotion in year 2 have 3x lower attrition than those who didn't. Fast career progression is the top retention lever.","synthesis"
"Closed the enterprise deal with the healthcare client worth $96K ARR.","episodic"
"Completed the CI/CD migration without downtime.","episodic"
"Finding: after reviewing the infrastructure cost, the query patterns, and the database schema: migrating the high-read tables to a read replica eliminates 70 percent of the primary load at minimal cost.","synthesis"
"To prepare a grant proposal: read the RFP, outline the aims, draft the research plan, budget, and write the abstract last (documented).","procedural"
"From the docs: every production service needs alerting on p99 latency, error rate, and saturation.","preference"
"Completed the partnership milestone ahead of schedule.","episodic"
"Enforce document the reasoning new features.","preference"
"The content performance data and the keyword analysis show our highest-traffic pages have the lowest conversion. Adding intent-aligned CTAs to those pages is the highest-ROI intervention available (validated in prod).","synthesis"
"Product note: to write an incident post-mortem: describe the timeline, root cause, impact, and corrective actions without blame.","procedural"
"The authentication service went down for overnight due to an expired certificate — rolled back in 6 minutes.","episodic"
"Research finding: to implement distributed tracing: instrument with OpenTelemetry, export spans to Jaeger or Tempo, create a service map.","procedural"
"Insight: cross-referencing the content performance data and the audience analytics: our best-performing pieces are co-authored with practitioners — featuring one expert per month should increase both traffic and credibility.","synthesis"
"LTV is the projected revenue a customer generates over their entire relationship.","semantic"
"Principle: pod disruption budgets limit the number of Pods that can be simultaneously unavailable.","semantic"
"The support ticket volume trend combined with the NPS data points to a single root cause: the API documentation is incomplete. Fixing docs is higher ROI than shipping new features this quarter (from the literature).","synthesis"
"Closed the partnership deal with the healthcare client worth $180K ARR.","episodic"
"Cross-referencing the content performance data and the audience analytics: our best-performing pieces are co-authored with practitioners — featuring one expert per month should increase both traffic and credibility (per protocol).","synthesis"
"Finding: to train an ML model from scratch: collect data, preprocess, split into train/val/test, define architecture, train, evaluate, iterate.","procedural"
"To implement distributed tracing: instrument with OpenTelemetry, export spans to Jaeger or Tempo, create a service map (from post-mortem).","procedural"
"Conduct annual security awareness training for all team members.","preference"
"Prefer pay vendors on time to avoid insolvency.","preference"
"The blog post went live and hit 14,000 views in the first day.","episodic"
"To publish an open-source library: write a README, add CI tests, publish to the package registry, write a CHANGELOG (verified).","procedural"
"From the docs: to train an ML model from scratch: collect data, preprocess, split into train/val/test, define architecture, train, evaluate, iterate.","procedural"
"After reviewing the training data distribution and the model's error analysis, the classifier underperforms on the finance domain — we need 500 more domain-specific examples to close the gap.","synthesis"
"Never pay vendors on time to plan conservatively.","preference"
"Shipped the audit log after six weeks of iteration.","episodic"
"Graph traversal algorithms like BFS explore breadth-first; DFS explores depth-first.","semantic"
"Shipped the payment migration on the first attempt.","episodic"
"Never run manual queries on production —always go through a PR.","preference"
"Principle: jWT tokens consist of a header, payload, and signature separated by dots.","semantic"
"Clinical note: to prepare a grant proposal: read the RFP, outline the aims, draft the research plan, budget, and write the abstract last.","procedural"
"Rule: to train an ML model from scratch: collect data, preprocess, split into train/val/test, define architecture, train, evaluate, iterate.","procedural"
"Run model performance baselines at every funding event (validated in prod).","preference"
"Rule: to set up CI/CD: configure the repository trigger, add lint and test steps, add a deploy step gated on test pass.","procedural"
"To publish an open-source library: write a README, add CI tests, publish to the package registry, write a CHANGELOG (from post-mortem).","procedural"
"Research finding: cRISPR-Cas9 enables precise DNA editing by guiding Cas9 to a target location.","semantic"
"Product note: to build an onboarding curriculum: identify role competencies, map learning objectives, create modules, add assessments.","procedural"
"Finding: to conduct a threat model: identify assets and trust boundaries, enumerate threats using STRIDE, assign controls, review.","procedural"
"Research finding: run model performance baselines at every funding event.","preference"
"All database migrations must have health-check endpoints before merging to main (verified).","preference"
"Pod disruption budgets limit the number of Pods that can be simultaneously unavailable (verified).","semantic"
"Patched the CORS error that was causing incorrect results for enterprise customers.","episodic"
"Keep migrations idempotent.","preference"
"Choose boring technology over custom trained ones for the critical path (from the literature).","preference"
"Rule: to implement a save system in a game: define the save state schema, serialize to disk, test loading from each save point.","procedural"
"Combining the clinical endpoint data and the safety report: the treatment effect is meaningful only in the per-protocol population. The intent-to-treat analysis is driven by non-adherence, not lack of efficacy (empirically validated).","synthesis"
"To build an onboarding curriculum: identify role competencies, map learning objectives, create modules, add assessments (from the literature).","procedural"
"All services need health-check endpoints before going into production.","preference"
"Never accept payment terms that create cash flow mismatches to maximize the deal.","preference"
"All database migrations must have health-check endpoints before merging to main (validated in prod).","preference"
"Reviewing the trial protocol and the interim data: the pre-specified subgroup analysis shows a strong signal in biomarker-positive patients. We should consider a label expansion strategy for that population.","synthesis"
"Design decision: reviewing the annual review data and the retention patterns: engineers who received a promotion in year 2 have 3x lower attrition than those who didn't. Fast career progression is the top retention lever.","synthesis"
"Choose explicit config over mutable instances to keep intent clear.","preference"
"Enrolled the 200th patient in Phase I of the cardiovascular trial.","episodic"
"Design decision: reviewing the three pilot customer deployments: two succeeded because they had an internal champion; one failed because they didn't. Champion identification is now a required qualification criterion.","synthesis"
"Rule: a contract test verifies that a service meets the expectations of its consumers.","semantic"
"Every production service needs alerting on p99 latency, error rate, and saturation (documented).","preference"
"Reviewing the dataset audit and the model performance breakdown: label noise in the minority class is causing 70 percent of false negatives. Cleaning those labels is more urgent than more data (verified).","synthesis"
"The product launch went live and generated 8 inbound leads in one week.","episodic"
"The patent landscape analysis and the product roadmap show overlap with three existing patents. Two are unlikely to be infringed; one requires a design change — cheaper to change now than in litigation (team standard).","synthesis"
"To enroll a clinical trial participant: verify eligibility, obtain informed consent, assign a study ID, collect baseline.","procedural"
"Always log at structured JSON architecture decisions (verified).","preference"
"Tick rate is the frequency at which a game server updates game state per second.","semantic"
"Note: reviewing the three pilot customer deployments: two succeeded because they had an internal champion; one failed because they didn't. Champion identification is now a required qualification criterion.","synthesis"
"Gradient clipping caps gradient magnitudes to prevent exploding gradients during training.","semantic"
"The game telemetry and the session data together reveal: players who reach level 10 have a 90-day retention rate of 72 percent; those who don't have 8 percent. Level 10 is the real activation event (team convention).","synthesis"
"Debugged the race condition that was causing failures for enterprise customers.","episodic"
"From the docs: combining the clinical endpoint data and the safety report: the treatment effect is meaningful only in the per-protocol population. The intent-to-treat analysis is driven by non-adherence, not lack of efficacy.","synthesis"
"From the docs: dijkstra's algorithm finds the shortest path in a weighted graph with non-negative edges.","semantic"
"Research finding: to train an ML model from scratch: collect data, preprocess, split into train/val/test, define architecture, train, evaluate, iterate.","procedural"
"Clinical note: to conduct a threat model: identify assets and trust boundaries, enumerate threats using STRIDE, assign controls, review.","procedural"
"Rule: after reviewing the architecture and the team's velocity, the migration to microservices will take 18 months at current pace. Given the deadline, we should scope it to three services, not twelve.","synthesis"
"The authentication service went down for 15 minutes due to an expired certificate — fixed by the on-call engineer.","episodic"
"After reviewing the infrastructure cost, the query patterns, and the database schema: migrating the high-read tables to a read replica eliminates 70 percent of the primary load at minimal cost (from post-mortem).","synthesis"
"Finding: a salt is a random value added to a password before hashing to prevent rainbow table attacks.","semantic"
"Never merge without a reviewer —significance alone is insufficient.","preference"
"The Feynman Technique: explain a concept simply to identify gaps in understanding.","semantic"
"Established practice: every production service needs alerting on p99 latency, error rate, and saturation.","preference"
"Context: the support ticket volume trend combined with the NPS data points to a single root cause: the API documentation is incomplete. Fixing docs is higher ROI than shipping new features this quarter.","synthesis"
"Prefer pay vendors on time to handle unexpected downturns.","preference"
"Every production service needs alerting on p99 latency, error rate, and saturation (from the literature).","preference"
"DAST (Dynamic Application Security Testing) tests running applications from the outside.","semantic"
"Flow state is a mental state of complete absorption and energized focus in an activity.","semantic"
"Caught a security issue affecting EU customers and scheduled a hotfix.","episodic"
"From the docs: cross-referencing the content performance data and the audience analytics: our best-performing pieces are co-authored with practitioners — featuring one expert per month should increase both traffic and credibility.","synthesis"
"To prepare a grant proposal: read the RFP, outline the aims, draft the research plan, budget, and write the abstract last (from post-mortem).","procedural"
"Fine-tuned the retrieval model on synthetic data and latency was reduced by 20 percent.","episodic"
"Combining the regulatory guidance and the trial data: a subgroup-specific label claim is viable. The path requires a supplemental NDA, but the commercial opportunity justifies the submission cost (team standard).","synthesis"
"Closed the partnership deal with the logistics company worth $360K ARR.","episodic"
"Check confirm staging matches production before a major release.","preference"
"ML insight: a contract test verifies that a service meets the expectations of its consumers.","semantic"
"Shipped the dark mode toggle after six weeks of engineering.","episodic"
"Gradient clipping caps gradient magnitudes to prevent exploding gradients during training (team standard).","semantic"
"Completed the monolith-to-microservices migration without downtime.","episodic"
"API versioning allows backward-incompatible changes without breaking existing clients.","semantic"
"Clinical note: to build an onboarding curriculum: identify role competencies, map learning objectives, create modules, add assessments.","procedural"
"Caught a reliability issue affecting the billing system and raised it in the incident channel.","episodic"
"All database migrations must have health-check endpoints before merging to main (from the literature).","preference"
"Gradient clipping caps gradient magnitudes to prevent exploding gradients during training (validated in prod).","semantic"
"Reviewing the trial protocol and the interim data: the pre-specified subgroup analysis shows a strong signal in biomarker-positive patients. We should consider a label expansion strategy for that population (team standard).","synthesis"
"Reviewing the dataset audit and the model performance breakdown: label noise in the minority class is causing 70 percent of false negatives. Cleaning those labels is more urgent than more data (empirically validated).","synthesis"
"Finding: reviewing the three pilot customer deployments: two succeeded because they had an internal champion; one failed because they didn't. Champion identification is now a required qualification criterion.","synthesis"
"All database migrations must have health-check endpoints before merging to main (team convention).","preference"
"Reviewing the three pilot customer deployments: two succeeded because they had an internal champion; one failed because they didn't. Champion identification is now a required qualification criterion.","synthesis"
"Key fact: cRISPR-Cas9 enables precise DNA editing by guiding Cas9 to a target location.","semantic"
"Responded to the CDN outage incident that caused 20 minutes of partial downtime.","episodic"
"Gradient clipping caps gradient magnitudes to prevent exploding gradients during training (documented).","semantic"
"Hired the first ML engineer after six rounds of interviews.","episodic"
"Cross-referencing the vulnerability report and the asset inventory, 80 percent of critical findings map to three services. Prioritizing those three eliminates most of the attack surface (see runbook).","synthesis"
"Remember: run model performance baselines at every funding event.","preference"
"Definition: to run a data quality audit: profile each column, check for nulls and outliers, validate against the schema, report findings.","procedural"
"Completed the database migration under the maintenance window.","episodic"
"Architecture note: reviewing the three pilot customer deployments: two succeeded because they had an internal champion; one failed because they didn't. Champion identification is now a required qualification criterion.","synthesis"
"Lost the contract to the incumbent vendor who offered free migration.","episodic"
"Completed the GDPR gap analysis with two minor observations.","episodic"
"To set up CI/CD: configure the repository trigger, add lint and test steps, add a deploy step gated on test pass (team convention).","procedural"
"Shipped the API key management after two weeks of back-and-forth with the team.","episodic"
"Observation: reviewing the annual review data and the retention patterns: engineers who received a promotion in year 2 have 3x lower attrition than those who didn't. Fast career progression is the top retention lever.","synthesis"
"Closed the partnership deal with the fintech startup worth $60K ARR.","episodic"
"Team convention: pod disruption budgets limit the number of Pods that can be simultaneously unavailable.","semantic"
"An RCT is considered the gold standard for establishing causality in clinical research.","semantic"
"To process a GDPR right-to-erasure request: identify all data stores, delete or anonymize, log the action, respond within 30 days (see runbook).","procedural"
"All database migrations must have a reversible rollback before production deployment.","preference"
"Keep error messages close to the code.","preference"
"Context: cross-referencing the vulnerability report and the asset inventory, 80 percent of critical findings map to three services. Prioritizing those three eliminates most of the attack surface.","synthesis"
"To implement audit logging: capture user, action, timestamp, and resource; store in an append-only log; alert on anomalies.","procedural"
"To process a GDPR right-to-erasure request: identify all data stores, delete or anonymize, log the action, respond within 30 days (team convention).","procedural"
"Closed the pilot deal with DataSync worth $360K ARR.","episodic"
"A convertible note is debt that converts to equity at a future round at a discount.","semantic"
"Shipped the API key management after one sprint of back-and-forth with the team.","episodic"
"Remember: after reviewing the legal opinion, the compliance gap analysis, and the customer contract: achieving SOC 2 Type II is the fastest path to unlocking the enterprise tier — we should start immediately.","synthesis"
"To run a hyperparameter search: define the search space, choose a sampler (e.g., Bayesian), run parallel trials, select the best config (empirically validated).","procedural"
"Established practice: reviewing the annual review data and the retention patterns: engineers who received a promotion in year 2 have 3x lower attrition than those who didn't. Fast career progression is the top retention lever.","synthesis"
"Definition: to set up CI/CD: configure the repository trigger, add lint and test steps, add a deploy step gated on test pass.","procedural"
"Finding: reviewing the annual review data and the retention patterns: engineers who received a promotion in year 2 have 3x lower attrition than those who didn't. Fast career progression is the top retention lever.","synthesis"
"Product note: dijkstra's algorithm finds the shortest path in a weighted graph with non-negative edges.","semantic"
"Completed the annual financial audit with five critical issues to address.","episodic"
"ML insight: the oncology market analysis and the Phase II data together suggest a breakthrough therapy designation filing is warranted. The accelerated pathway could save 18 months versus standard review.","synthesis"
"Combining the dependency audit and the security scan: three transitive dependencies have critical CVEs and are owned by a single unmaintained library. Replacing it eliminates the entire vulnerability surface.","synthesis"
"Product note: after reviewing the legal opinion, the compliance gap analysis, and the customer contract: achieving SOC 2 Type II is the fastest path to unlocking the enterprise tier — we should start immediately.","synthesis"
"To prepare a grant proposal: read the RFP, outline the aims, draft the research plan, budget, and write the abstract last (validated in prod).","procedural"
"After reviewing the legal opinion, the compliance gap analysis, and the customer contract: achieving SOC 2 Type II is the fastest path to unlocking the enterprise tier — we should start immediately.","synthesis"
"Published the model checkpoint to PyPI and it received 400 views in the first day.","episodic"
"Architecture note: the code review data and the deployment frequency metrics together reveal: teams with PR cycle times under 24 hours ship 3x more frequently and have half the bug rate. The bottleneck is reviewer availability.","synthesis"
"Track content performance weekly — double down on what works, cut what doesn't.","preference"
"Patched the deadlock that was causing incorrect results for enterprise customers.","episodic"
"The chaos experiment ran for overnight and hit the p99 latency target.","episodic"
"Discovered a reliability issue affecting the billing system and patched it immediately.","episodic"
"Insight: to publish an open-source library: write a README, add CI tests, publish to the package registry, write a CHANGELOG.","procedural"
"Completed the security penetration test with five critical issues to address.","episodic"
"Insight: all production services must have a signed DPA before going into production.","preference"
"To set up a vector search index: embed documents, upload to the vector DB, configure the similarity metric, query with the user's embedded input.","procedural"
"ML insight: pod disruption budgets limit the number of Pods that can be simultaneously unavailable.","semantic"
"After reviewing the experiment results and the business context: the 5 percent conversion lift from the new onboarding flow translates to $340K in projected ARR over 12 months — it should become the default.","synthesis"
"The weekly finance review caught a $8K invoice discrepancy that was credited immediately.","episodic"
"Completed the authentication PR after three rounds of review.","episodic"
"Published the dataset to arXiv and it hit 1,000 stars in one week.","episodic"
"Server-sent events push updates from server to client over a long-lived HTTP connection.","semantic"
"Observation: choose small PRs over large ones to reduce configuration drift.","preference"
"The Rule of 40: growth rate plus profit margin should exceed 40 percent for a healthy SaaS.","semantic"
"DaemonSets ensure a copy of a Pod runs on every node in the cluster.","semantic"
"Never document the reasoning config and secrets.","preference"
"Design decision: the support ticket volume trend combined with the NPS data points to a single root cause: the API documentation is incomplete. Fixing docs is higher ROI than shipping new features this quarter.","synthesis"
"Definition: reviewing the three pilot customer deployments: two succeeded because they had an internal champion; one failed because they didn't. Champion identification is now a required qualification criterion.","synthesis"
"Deep work is cognitively demanding work done in a state of distraction-free concentration.","semantic"
"Team convention: to build an onboarding curriculum: identify role competencies, map learning objectives, create modules, add assessments.","procedural"
"Loot tables define the probability distribution of rewards dropped by enemies or containers.","semantic"
"Asymmetric encryption uses a public key to encrypt and a private key to decrypt.","semantic"
"Principle: to rotate an API key: generate the new key, update all consumers, verify traffic, then revoke the old key.","procedural"
"To submit an IND to the FDA: compile the chemistry, manufacturing, pre-clinical data, and clinical protocol, file electronically.","procedural"
"Virality coefficient (K-factor) measures how many new users each existing user brings in.","semantic"
"Rule: to conduct a threat model: identify assets and trust boundaries, enumerate threats using STRIDE, assign controls, review.","procedural"
"Principle: reviewing the trial protocol and the interim data: the pre-specified subgroup analysis shows a strong signal in biomarker-positive patients. We should consider a label expansion strategy for that population.","synthesis"
"The grant application review and the budget model show we can cover 18 months at proposed scope. Cutting aim 3 extends runway to 26 months with no material impact on the primary outcome.","synthesis"
"Type I error rejects a true null hypothesis; Type II error fails to reject a false one.","semantic"
"Use semantic versioning strictly — breaking changes require a major bump.","preference"
"Design decision: the ops cost model versus the revenue forecast shows gross margin will compress below 40 percent at current compute spend if we grow 3x. We need to optimize the inference stack before scaling.","synthesis"
"CRISPR-Cas9 enables precise DNA editing by guiding Cas9 to a target location (team standard).","semantic"
"To run a SOC 2 audit: select a qualified auditor, prepare evidence, run the audit window, address findings.","procedural"
"Established practice: the support ticket volume trend combined with the NPS data points to a single root cause: the API documentation is incomplete. Fixing docs is higher ROI than shipping new features this quarter.","synthesis"
"The ops cost model versus the revenue forecast shows gross margin will compress below 40 percent at current compute spend if we grow 3x. We need to optimize the inference stack before scaling (validated in prod).","synthesis"
"SAST (Static Application Security Testing) scans source code for known vulnerability patterns.","semantic"
"Dijkstra's algorithm finds the shortest path in a weighted graph with non-negative edges (see runbook).","semantic"
"Revenue targets should be set conservatively and updated monthly.","preference"
"Principle: gradient clipping caps gradient magnitudes to prevent exploding gradients during training.","semantic"
"To run a hyperparameter search: define the search space, choose a sampler (e.g., Bayesian), run parallel trials, select the best config.","procedural"
"Context: after reviewing the architecture and the team's velocity, the migration to microservices will take 18 months at current pace. Given the deadline, we should scope it to three services, not twelve.","synthesis"
"Ops rule: to run a hyperparameter search: define the search space, choose a sampler (e.g., Bayesian), run parallel trials, select the best config.","procedural"
"Definition: tick rate is the frequency at which a game server updates game state per second.","semantic"
"Research finding: all database migrations must have health-check endpoints before merging to main.","preference"
"Research finding: to prepare a grant proposal: read the RFP, outline the aims, draft the research plan, budget, and write the abstract last.","procedural"
"Rule: the code review data and the deployment frequency metrics together reveal: teams with PR cycle times under 24 hours ship 3x more frequently and have half the bug rate. The bottleneck is reviewer availability.","synthesis"
"Published the paper to PyPI and it hit 1,000 stars in the first day.","episodic"
"Key fact: tick rate is the frequency at which a game server updates game state per second.","semantic"
"Container image layers are shared across images with a common base, saving disk space.","semantic"
"Finding: a contract test verifies that a service meets the expectations of its consumers.","semantic"
"Key fact: gradient clipping caps gradient magnitudes to prevent exploding gradients during training.","semantic"
"The patent landscape analysis and the product roadmap show overlap with three existing patents. Two are unlikely to be infringed; one requires a design change — cheaper to change now than in litigation (from post-mortem).","synthesis"
"Caught a reliability issue affecting the mobile client and patched it immediately.","episodic"
"Identified a data integrity issue affecting the billing system and patched it immediately.","episodic"
"Design decision: to train an ML model from scratch: collect data, preprocess, split into train/val/test, define architecture, train, evaluate, iterate.","procedural"
"Use small PRs over raw Promise chains for the critical path.","preference"
"Rule: choose boring technology over custom trained ones for the critical path.","preference"
"Principle: the ops cost model versus the revenue forecast shows gross margin will compress below 40 percent at current compute spend if we grow 3x. We need to optimize the inference stack before scaling.","synthesis"
"Context: dijkstra's algorithm finds the shortest path in a weighted graph with non-negative edges.","semantic"
"Team convention: to run a hyperparameter search: define the search space, choose a sampler (e.g., Bayesian), run parallel trials, select the best config.","procedural"
"Completed the SOC 2 Type II audit with five critical issues to address.","episodic"
"Prefer log at structured JSON all production services.","preference"
"Choose async/await over implicit magic when accuracy gap is under 2 percent.","preference"
"Block the last 15 minutes of every workday for a shutdown ritual.","preference"
"Resolved the payment PR following the sprint review.","episodic"
"Completed the GCP audit with a clean bill of health.","episodic"
"Team convention: to implement distributed tracing: instrument with OpenTelemetry, export spans to Jaeger or Tempo, create a service map.","procedural"
"Ops rule: to prepare a grant proposal: read the RFP, outline the aims, draft the research plan, budget, and write the abstract last.","procedural"
"Remember: principle of least privilege grants only the permissions needed to complete a task.","semantic"
"The patent landscape analysis and the product roadmap show overlap with three existing patents. Two are unlikely to be infringed; one requires a design change — cheaper to change now than in litigation.","synthesis"
"Note: type I error rejects a true null hypothesis; Type II error fails to reject a false one.","semantic"
"Closed the partnership deal with DataSync worth $240K ARR.","episodic"
"Note: a contract test verifies that a service meets the expectations of its consumers.","semantic"
"Dijkstra's algorithm finds the shortest path in a weighted graph with non-negative edges.","semantic"
"Definition: after reviewing the architecture and the team's velocity, the migration to microservices will take 18 months at current pace. Given the deadline, we should scope it to three services, not twelve.","synthesis"
"A salt is a random value added to a password before hashing to prevent rainbow table attacks (validated in prod).","semantic"
"To prepare a grant proposal: read the RFP, outline the aims, draft the research plan, budget, and write the abstract last (verified).","procedural"
"Key fact: to prepare a grant proposal: read the RFP, outline the aims, draft the research plan, budget, and write the abstract last.","procedural"
"Definition: to write an incident post-mortem: describe the timeline, root cause, impact, and corrective actions without blame.","procedural"
"Gradient clipping caps gradient magnitudes to prevent exploding gradients during training (verified).","semantic"
"Effect size quantifies the magnitude of a difference, independent of sample size.","semantic"
"Fine-tuned the base model on domain-specific data and BLEU improved by 4.2.","episodic"
"Ops rule: cross-referencing the vulnerability report and the asset inventory, 80 percent of critical findings map to three services. Prioritizing those three eliminates most of the attack surface.","synthesis"
"Dijkstra's algorithm finds the shortest path in a weighted graph with non-negative edges (team standard).","semantic"
"Check rotate credentials before a major release.","preference"
"Observation: gradient clipping caps gradient magnitudes to prevent exploding gradients during training.","semantic"
"Infrastructure changes should go through review just like code.","preference"
"Architecture note: tick rate is the frequency at which a game server updates game state per second.","semantic"
"Research finding: reviewing the annual review data and the retention patterns: engineers who received a promotion in year 2 have 3x lower attrition than those who didn't. Fast career progression is the top retention lever.","synthesis"
"Architecture note: to write an incident post-mortem: describe the timeline, root cause, impact, and corrective actions without blame.","procedural"
"To run a cost optimization review: pull the billing report, identify top spenders, right-size instances, purchase reservations.","procedural"
"Established practice: to run a data quality audit: profile each column, check for nulls and outliers, validate against the schema, report findings.","procedural"
"Research finding: cross-referencing the content performance data and the audience analytics: our best-performing pieces are co-authored with practitioners — featuring one expert per month should increase both traffic and credibility.","synthesis"
"Blue-green deployment maintains two identical environments to enable zero-downtime releases.","semantic"
"Chain-of-thought prompting elicits step-by-step reasoning, improving accuracy on complex tasks.","semantic"
"Debugged the auth bug that was causing incorrect results for mobile users.","episodic"
"Defense in depth applies multiple independent security controls to reduce risk.","semantic"
"Amdahl's Law limits parallel speedup based on the fraction of work that must be serial.","semantic"
"Observation: type I error rejects a true null hypothesis; Type II error fails to reject a false one.","semantic"
"Remember: all production services must have a signed DPA before going into production.","preference"
"Product note: always log at structured JSON architecture decisions.","preference"
"Note: after reviewing the architecture and the team's velocity, the migration to microservices will take 18 months at current pace. Given the deadline, we should scope it to three services, not twelve.","synthesis"
"ML insight: to prepare a grant proposal: read the RFP, outline the aims, draft the research plan, budget, and write the abstract last.","procedural"
"To implement a recommendation system: collect interaction data, train a model, serve via an API, evaluate with offline and online metrics (validated in prod).","procedural"
"Context: prefer small PRs over novel tech for reviewability.","preference"
"Consistent hashing distributes load while minimizing remapping when nodes change.","semantic"
"Key fact: combining the clinical endpoint data and the safety report: the treatment effect is meaningful only in the per-protocol population. The intent-to-treat analysis is driven by non-adherence, not lack of efficacy.","synthesis"
"Team convention: reviewing the annual review data and the retention patterns: engineers who received a promotion in year 2 have 3x lower attrition than those who didn't. Fast career progression is the top retention lever.","synthesis"
"Combining the clinical endpoint data and the safety report: the treatment effect is meaningful only in the per-protocol population. The intent-to-treat analysis is driven by non-adherence, not lack of efficacy (documented).","synthesis"
"Product note: the patent landscape analysis and the product roadmap show overlap with three existing patents. Two are unlikely to be infringed; one requires a design change — cheaper to change now than in litigation.","synthesis"
"Product note: choose small PRs over large ones to reduce configuration drift.","preference"
"REST uses HTTP verbs to operate on resources identified by URIs.","semantic"
"Completed the beta deal this quarter.","episodic"
"To write a technical RFC: describe the problem, propose a solution, list alternatives, address tradeoffs, request review (documented).","procedural"
"Fine-tuned the retrieval model on curated data and perplexity dropped 15 percent.","episodic"
"Product note: a salt is a random value added to a password before hashing to prevent rainbow table attacks.","semantic"
"Enrolled the 500th patient in Phase I of the oncology trial.","episodic"
"Research finding: type I error rejects a true null hypothesis; Type II error fails to reject a false one.","semantic"
"A learning management system delivers, tracks, and manages educational courses digitally.","semantic"
"The audit caught a $8K duplicate charge that was resolved with the vendor.","episodic"
"Observation: to implement a recommendation system: collect interaction data, train a model, serve via an API, evaluate with offline and online metrics.","procedural"
"To run an A/B test: define the metric, size the sample, implement the variant, run until significance, analyze (empirically validated).","procedural"
"ML insight: run model performance baselines at every funding event.","preference"
"Insight: to implement a save system in a game: define the save state schema, serialize to disk, test loading from each save point.","procedural"
"Completed the annual financial audit with no material findings.","episodic"
"Use small PRs over raw Promise chains for the critical path (empirically validated).","preference"
"Clinical note: after reviewing the architecture and the team's velocity, the migration to microservices will take 18 months at current pace. Given the deadline, we should scope it to three services, not twelve.","synthesis"
"To fine-tune a language model: prepare the dataset, select a base model, configure LoRA adapters, run training, evaluate on held-out set.","procedural"
"Use small PRs over mutable instances to keep intent clear.","preference"
"Always profile before optimizing — never guess where the bottleneck is.","preference"
"To train an ML model from scratch: collect data, preprocess, split into train/val/test, define architecture, train, evaluate, iterate (empirically validated).","procedural"
"ML insight: principle of least privilege grants only the permissions needed to complete a task.","semantic"
"Clinical note: to run a hyperparameter search: define the search space, choose a sampler (e.g., Bayesian), run parallel trials, select the best config.","procedural"
"Cross-referencing the vulnerability report and the asset inventory, 80 percent of critical findings map to three services. Prioritizing those three eliminates most of the attack surface.","synthesis"
"Property-based testing generates random inputs to verify invariants hold for all cases.","semantic"
"Enrolled the 200th patient in Phase I of the oncology trial.","episodic"
"Lost the enterprise deal to a larger competitor who underpriced us by 40 percent.","episodic"
"Definition: cross-referencing the content performance data and the audience analytics: our best-performing pieces are co-authored with practitioners — featuring one expert per month should increase both traffic and credibility.","synthesis"
"Definition: to implement distributed tracing: instrument with OpenTelemetry, export spans to Jaeger or Tempo, create a service map.","procedural"
"An NDA restricts parties from disclosing confidential information to third parties.","semantic"
"Context: to process a GDPR right-to-erasure request: identify all data stores, delete or anonymize, log the action, respond within 30 days.","procedural"
"In model evaluation, never compromise patient safety for timelines.","preference"
"Always respond to comments in the first hour after publishing.","preference"
"Note: to run a hyperparameter search: define the search space, choose a sampler (e.g., Bayesian), run parallel trials, select the best config.","procedural"
"Enrolled the 100th patient in Phase III of the metabolic trial.","episodic"
"Resolved the null-pointer that was causing data corruption for API consumers.","episodic"
"To document a model: write a model card covering training data, intended use, limitations, and evaluation results.","procedural"
"Memoization caches expensive function call results to avoid recomputation.","semantic"
"A Helm chart packages Kubernetes manifests into a reusable, versioned application.","semantic"
"The automated reconciliation caught a $8K invoice discrepancy that was recovered in the next cycle.","episodic"
"Reached the partnership deal last Thursday.","episodic"
"Closed the enterprise deal with the logistics company worth $180K ARR.","episodic"
"The blog post went live and hit 14,000 views in 72 hours.","episodic"
"MRR hit $500K for the first time this quarter.","episodic"
"All database migrations must have health-check endpoints before merging to main (from post-mortem).","preference"
"Coupling measures the degree of interdependence between software modules.","semantic"
"Type I error rejects a true null hypothesis; Type II error fails to reject a false one (see runbook).","semantic"
"Ops rule: jWT tokens consist of a header, payload, and signature separated by dots.","semantic"
"All public APIs must have a model card before going live.","preference"
"Context: combining the regulatory guidance and the trial data: a subgroup-specific label claim is viable. The path requires a supplemental NDA, but the commercial opportunity justifies the submission cost.","synthesis"
"All public APIs must have an owner and runbook before going into production.","preference"
"Prefer review PRs production changes.","preference"
"Rule: the ops cost model versus the revenue forecast shows gross margin will compress below 40 percent at current compute spend if we grow 3x. We need to optimize the inference stack before scaling.","synthesis"
"The performance benchmark ran for six hours and passed with zero failures.","episodic"
"To run a hyperparameter search: define the search space, choose a sampler (e.g., Bayesian), run parallel trials, select the best config (team standard).","procedural"
"Insight: the support ticket volume trend combined with the NPS data points to a single root cause: the API documentation is incomplete. Fixing docs is higher ROI than shipping new features this quarter.","synthesis"
"Closed the pilot deal with the logistics company worth $240K ARR.","episodic"
"The stress test ran for six hours and passed with zero failures.","episodic"
"After reviewing the infrastructure cost, the query patterns, and the database schema: migrating the high-read tables to a read replica eliminates 70 percent of the primary load at minimal cost.","synthesis"
"Never ship without monitoring —at least one reviewer who didn't write the code.","preference"
"The code review data and the deployment frequency metrics together reveal: teams with PR cycle times under 24 hours ship 3x more frequently and have half the bug rate. The bottleneck is reviewer availability.","synthesis"
"Design decision: to build an onboarding curriculum: identify role competencies, map learning objectives, create modules, add assessments.","procedural"
"Clinical note: principle of least privilege grants only the permissions needed to complete a task.","semantic"
"Remember: the code review data and the deployment frequency metrics together reveal: teams with PR cycle times under 24 hours ship 3x more frequently and have half the bug rate. The bottleneck is reviewer availability.","synthesis"
"Architecture note: cross-referencing the content performance data and the audience analytics: our best-performing pieces are co-authored with practitioners — featuring one expert per month should increase both traffic and credibility.","synthesis"
"Patched the CORS error that was causing crashes for the CI pipeline.","episodic"
"From the docs: a contract test verifies that a service meets the expectations of its consumers.","semantic"
"To run a DSMB meeting: share interim data with the board, present safety summaries, receive a recommendation, document the outcome (per protocol).","procedural"
"Key fact: a salt is a random value added to a password before hashing to prevent rainbow table attacks.","semantic"
"TLS 1.3 reduces the handshake to one round-trip, improving connection latency.","semantic"
"Test verify rollback works before a hotfix.","preference"
"Definition: the support ticket volume trend combined with the NPS data points to a single root cause: the API documentation is incomplete. Fixing docs is higher ROI than shipping new features this quarter.","synthesis"
"Published the paper to Hugging Face and it was downloaded 5,000 times in two weeks.","episodic"
"Responded to the DDoS incident that caused 15 minutes of elevated error rates.","episodic"
"Pharmacokinetics describes absorption, distribution, metabolism, and excretion of a drug.","semantic"
"The automated reconciliation caught a $22K billing error that was recovered in the next cycle.","episodic"
"Avoid review PRs committing to a sample size.","preference"
"Pod disruption budgets limit the number of Pods that can be simultaneously unavailable (from post-mortem).","semantic"
"Architecture note: run model performance baselines at every funding event.","preference"
"Prefer invest in assets you don't understand to stay compliant and organized.","preference"
"Established practice: a contract test verifies that a service meets the expectations of its consumers.","semantic"
"The oncology market analysis and the Phase II data together suggest a breakthrough therapy designation filing is warranted. The accelerated pathway could save 18 months versus standard review (see runbook).","synthesis"
"Dijkstra's algorithm finds the shortest path in a weighted graph with non-negative edges (per protocol).","semantic"
"Note: the content performance data and the keyword analysis show our highest-traffic pages have the lowest conversion. Adding intent-aligned CTAs to those pages is the highest-ROI intervention available.","synthesis"
"In hiring decisions, default to proven patterns over clever solutions.","preference"
"Shipped the mobile app after three months of design work.","episodic"
"Design decision: after reviewing the legal opinion, the compliance gap analysis, and the customer contract: achieving SOC 2 Type II is the fastest path to unlocking the enterprise tier — we should start immediately.","synthesis"
"Note: to run a data quality audit: profile each column, check for nulls and outliers, validate against the schema, report findings.","procedural"
"Found a compliance issue affecting EU customers and scheduled a hotfix.","episodic"
"To process a GDPR right-to-erasure request: identify all data stores, delete or anonymize, log the action, respond within 30 days (from post-mortem).","procedural"
"Clinical note: every production service needs alerting on p99 latency, error rate, and saturation.","preference"
"In clinical trials, never compromise on culture fit for speed.","preference"
"Team convention: gradient clipping caps gradient magnitudes to prevent exploding gradients during training.","semantic"
"CRISPR-Cas9 enables precise DNA editing by guiding Cas9 to a target location (verified).","semantic"
"Finding: combining the regulatory guidance and the trial data: a subgroup-specific label claim is viable. The path requires a supplemental NDA, but the commercial opportunity justifies the submission cost.","synthesis"
"Remember: to publish an open-source library: write a README, add CI tests, publish to the package registry, write a CHANGELOG.","procedural"
"All production services must have a signed DPA before going into production (team convention).","preference"
"Finding: all database migrations must have health-check endpoints before merging to main.","preference"
"Reviewing the dataset audit and the model performance breakdown: label noise in the minority class is causing 70 percent of false negatives. Cleaning those labels is more urgent than more data (from the literature).","synthesis"
"The stress test ran for 30 minutes and passed with zero failures.","episodic"
"CronJobs schedule Pods to run at specified times, similar to Unix cron.","semantic"
"Resolved the config service following the sprint review.","episodic"
"ML insight: every production service needs alerting on p99 latency, error rate, and saturation.","preference"
"Completed the beta onboarding ahead of schedule.","episodic"
"Eventual consistency means replicas converge to the same state given no new updates.","semantic"
"ML insight: the code review data and the deployment frequency metrics together reveal: teams with PR cycle times under 24 hours ship 3x more frequently and have half the bug rate. The bottleneck is reviewer availability.","synthesis"
"Lost the pilot to a well-funded startup who offered free migration.","episodic"
"Context: all production services must have a signed DPA before going into production.","preference"
"Completed the on-prem to AWS migration under the maintenance window.","episodic"
"Reached the seed onboarding ahead of schedule.","episodic"
"Established practice: cRISPR-Cas9 enables precise DNA editing by guiding Cas9 to a target location.","semantic"
"A salt is a random value added to a password before hashing to prevent rainbow table attacks.","semantic"
"The infrastructure audit, the cost model, and the vendor analysis show: consolidating to a single cloud provider saves $4K/month in egress and reduces the ops surface — the migration is net positive.","synthesis"
"Quantization reduces precision from FP32 to INT8 to cut memory and improve inference speed.","semantic"
"Double-blind studies hide group assignments from both participants and experimenters.","semantic"
"Reviewing the trial protocol and the interim data: the pre-specified subgroup analysis shows a strong signal in biomarker-positive patients. We should consider a label expansion strategy for that population (see runbook).","synthesis"
"Ran the feature flag rollout and saw a 30 percent drop in churn.","episodic"
"Rule: to process a GDPR right-to-erasure request: identify all data stores, delete or anonymize, log the action, respond within 30 days.","procedural"
"Team convention: the ops cost model versus the revenue forecast shows gross margin will compress below 40 percent at current compute spend if we grow 3x. We need to optimize the inference stack before scaling.","synthesis"
"Every production service needs alerting on p99 latency, error rate, and saturation (validated in prod).","preference"
"Observation: the content performance data and the keyword analysis show our highest-traffic pages have the lowest conversion. Adding intent-aligned CTAs to those pages is the highest-ROI intervention available.","synthesis"
"Remember: dijkstra's algorithm finds the shortest path in a weighted graph with non-negative edges.","semantic"
"The integration test suite ran for overnight and revealed a memory ceiling.","episodic"
"Design decision: a contract test verifies that a service meets the expectations of its consumers.","semantic"
"Context: principle of least privilege grants only the permissions needed to complete a task.","semantic"
"Saga patterns manage distributed transactions through compensating local transactions.","semantic"
"Research finding: the content performance data and the keyword analysis show our highest-traffic pages have the lowest conversion. Adding intent-aligned CTAs to those pages is the highest-ROI intervention available.","synthesis"
"Semantic versioning: MAJOR.MINOR.PATCH represents breaking changes, new features, and bug fixes.","semantic"
"Pod disruption budgets limit the number of Pods that can be simultaneously unavailable (empirically validated).","semantic"
"Every production service needs alerting on p99 latency, error rate, and saturation (empirically validated).","preference"
"The code review data and the deployment frequency metrics together reveal: teams with PR cycle times under 24 hours ship 3x more frequently and have half the bug rate. The bottleneck is reviewer availability (team convention).","synthesis"
"To implement a save system in a game: define the save state schema, serialize to disk, test loading from each save point (team standard).","procedural"
"Observation: the game telemetry and the session data together reveal: players who reach level 10 have a 90-day retention rate of 72 percent; those who don't have 8 percent. Level 10 is the real activation event.","synthesis"
"Ops rule: a salt is a random value added to a password before hashing to prevent rainbow table attacks.","semantic"
"To process a GDPR right-to-erasure request: identify all data stores, delete or anonymize, log the action, respond within 30 days (validated in prod).","procedural"
"Use small PRs over raw Promise chains for the critical path (verified).","preference"
"Completed the storage migration with zero data loss.","episodic"
"After reviewing the partner agreement, the revenue share model, and the customer volume: the partnership becomes accretive at 50 customers referred per month. Current flow is 12 — not yet worth the support cost.","synthesis"
"Note: use small PRs over raw Promise chains for the critical path.","preference"
"Check confirm staging matches production before tagging a release.","preference"
"The blog post went live and was featured in TechCrunch in one week.","episodic"
"Team convention: jWT tokens consist of a header, payload, and signature separated by dots.","semantic"
"Lost the contract to a well-funded startup who had better brand recognition.","episodic"
"To conduct a threat model: identify assets and trust boundaries, enumerate threats using STRIDE, assign controls, review (verified).","procedural"
"Hire for attitude at junior levels; reverse at senior levels.","preference"
"Remember: cross-referencing the content performance data and the audience analytics: our best-performing pieces are co-authored with practitioners — featuring one expert per month should increase both traffic and credibility.","synthesis"
"Found a data integrity issue affecting EU customers and opened a P0 ticket.","episodic"
"Merged the notification integration ahead of schedule.","episodic"
"Shipped the authentication migration on the first attempt.","episodic"
"Hired the first customer success manager after four rounds of interviews.","episodic"
"The blog post went live and drove 400 new signups in the first day.","episodic"
"Architecture note: always log at structured JSON architecture decisions.","preference"
"To conduct a threat model: identify assets and trust boundaries, enumerate threats using STRIDE, assign controls, review (empirically validated).","procedural"
"Choose small PRs over large ones to reduce configuration drift (validated in prod).","preference"
"Never negotiate against yourself to avoid insolvency.","preference"
"The primary database went down for 4 hours due to a botched migration — auto-healed via the readiness probe.","episodic"
"The content performance data and the keyword analysis show our highest-traffic pages have the lowest conversion. Adding intent-aligned CTAs to those pages is the highest-ROI intervention available (from post-mortem).","synthesis"
"Research finding: to run a hyperparameter search: define the search space, choose a sampler (e.g., Bayesian), run parallel trials, select the best config.","procedural"
"The code review data and the deployment frequency metrics together reveal: teams with PR cycle times under 24 hours ship 3x more frequently and have half the bug rate. The bottleneck is reviewer availability (empirically validated).","synthesis"
"Context: the ops cost model versus the revenue forecast shows gross margin will compress below 40 percent at current compute spend if we grow 3x. We need to optimize the inference stack before scaling.","synthesis"
"The game telemetry and the session data together reveal: players who reach level 10 have a 90-day retention rate of 72 percent; those who don't have 8 percent. Level 10 is the real activation event (from post-mortem).","synthesis"
"Team convention: dijkstra's algorithm finds the shortest path in a weighted graph with non-negative edges.","semantic"
"To process a GDPR right-to-erasure request: identify all data stores, delete or anonymize, log the action, respond within 30 days (per protocol).","procedural"
"Dynamic programming solves problems by breaking them into overlapping subproblems.","semantic"
"A persistent volume claim requests durable storage from the cluster's storage class.","semantic"
"The YouTube Short went live and drove 400 new signups in 48 hours.","episodic"
"Use small PRs over raw Promise chains when the overhead isn't justified.","preference"
"Run model performance baselines at every funding event (per protocol).","preference"
"Definition: choose small PRs over large ones to reduce configuration drift.","preference"
"Hired the first DevOps lead after six rounds of interviews.","episodic"
"Caught a data integrity issue affecting EU customers and scheduled a hotfix.","episodic"
"A contract test verifies that a service meets the expectations of its consumers (team convention).","semantic"
"SQL injection inserts malicious SQL through user input to manipulate database queries.","semantic"
"Flagged a data integrity issue affecting the billing system and opened a P0 ticket.","episodic"
"The actor model treats computation as message-passing between isolated concurrent actors.","semantic"
"Review dependency security scans at weekly.","preference"
"Completed the annual financial audit with a clean bill of health.","episodic"
"Ops rule: use small PRs over raw Promise chains for the critical path.","preference"
"Prefer separate personal and business finances to maximize the deal.","preference"
"Insight: the oncology market analysis and the Phase II data together suggest a breakthrough therapy designation filing is warranted. The accelerated pathway could save 18 months versus standard review.","synthesis"
"Metacognition is the ability to reflect on and regulate one's own learning processes.","semantic"
"From the docs: prefer small PRs over novel tech for reviewability.","preference"
"Definition: prefer small PRs over novel tech for reviewability.","preference"
"Debugged the null-pointer that was causing duplicate events for the CI pipeline.","episodic"
"The content performance data and the keyword analysis show our highest-traffic pages have the lowest conversion. Adding intent-aligned CTAs to those pages is the highest-ROI intervention available (see runbook).","synthesis"
"After reviewing the architecture and the team's velocity, the migration to microservices will take 18 months at current pace. Given the deadline, we should scope it to three services, not twelve (empirically validated).","synthesis"
"Side-channel attacks exploit physical implementation details like power consumption or timing.","semantic"
"Every production service needs alerting on p99 latency, error rate, and saturation (per protocol).","preference"
"All public APIs must have a reversible rollback before production release.","preference"
"The game telemetry and the session data together reveal: players who reach level 10 have a 90-day retention rate of 72 percent; those who don't have 8 percent. Level 10 is the real activation event (validated in prod).","synthesis"
"All production services must have cost alerting before production release.","preference"
"Product note: reviewing the three pilot customer deployments: two succeeded because they had an internal champion; one failed because they didn't. Champion identification is now a required qualification criterion.","synthesis"
"Product note: to run a DSMB meeting: share interim data with the board, present safety summaries, receive a recommendation, document the outcome.","procedural"
"Gradient clipping caps gradient magnitudes to prevent exploding gradients during training (team convention).","semantic"
"Definition: principle of least privilege grants only the permissions needed to complete a task.","semantic"
"A memory-mapped file maps file contents into the process address space for fast I/O.","semantic"
"Completed the authentication migration under the maintenance window.","episodic"
"Principle: the patent landscape analysis and the product roadmap show overlap with three existing patents. Two are unlikely to be infringed; one requires a design change — cheaper to change now than in litigation.","synthesis"
"Enrolled the 500th patient in Phase I of the cardiovascular trial.","episodic"
"Architecture note: choose boring technology over custom trained ones for the critical path.","preference"
"Operator patterns encode domain expertise into Kubernetes controllers.","semantic"
"Ops rule: to run a data quality audit: profile each column, check for nulls and outliers, validate against the schema, report findings.","procedural"
"Product note: to publish an open-source library: write a README, add CI tests, publish to the package registry, write a CHANGELOG.","procedural"
"The build system went down for 4 hours due to a disk saturation event — rolled back in 6 minutes.","episodic"
"Formative assessment checks understanding during learning; summative evaluates outcomes after.","semantic"
"ML insight: to build an onboarding curriculum: identify role competencies, map learning objectives, create modules, add assessments.","procedural"
"Observation: use small PRs over raw Promise chains for the critical path.","preference"
"Completed the SOC 2 Type II audit with two minor observations.","episodic"
"The YouTube Short went live and was featured in TechCrunch in one week.","episodic"
"All cloud resources must have OpenAPI documentation before going into production.","preference"
"Definition: all production services must have a signed DPA before going into production.","preference"
"Idempotency means an operation can be applied multiple times with the same result.","semantic"
"Board updates should be honest about problems, not just wins.","preference"
"Established practice: after reviewing the architecture and the team's velocity, the migration to microservices will take 18 months at current pace. Given the deadline, we should scope it to three services, not twelve.","synthesis"
"Enrolled the 200th patient in Phase III of the immunology trial.","episodic"
"Reviewing the trial protocol and the interim data: the pre-specified subgroup analysis shows a strong signal in biomarker-positive patients. We should consider a label expansion strategy for that population (per protocol).","synthesis"
"The oncology market analysis and the Phase II data together suggest a breakthrough therapy designation filing is warranted. The accelerated pathway could save 18 months versus standard review (from post-mortem).","synthesis"
"Avoid deploy without a rollback plan —at least one reviewer who didn't write the code.","preference"
"To run a game balance pass: collect player data, identify outliers, form a hypothesis, make targeted adjustments, playtest.","procedural"
"The ops cost model versus the revenue forecast shows gross margin will compress below 40 percent at current compute spend if we grow 3x. We need to optimize the inference stack before scaling (empirically validated).","synthesis"
"Shipped the API key management after six weeks of design work.","episodic"
"All production services must have a signed DPA before shipping.","preference"
"Rule: reviewing the trial protocol and the interim data: the pre-specified subgroup analysis shows a strong signal in biomarker-positive patients. We should consider a label expansion strategy for that population.","synthesis"
"Key fact: to build an onboarding curriculum: identify role competencies, map learning objectives, create modules, add assessments.","procedural"
"Principle: cross-referencing the content performance data and the audience analytics: our best-performing pieces are co-authored with practitioners — featuring one expert per month should increase both traffic and credibility.","synthesis"
"To prepare for a board meeting: prepare a deck with KPIs, narrative, risks, and asks, share 48 hours in advance.","procedural"
"Enrolled the 200th patient in Phase III of the oncology trial.","episodic"
"Context: after reviewing the legal opinion, the compliance gap analysis, and the customer contract: achieving SOC 2 Type II is the fastest path to unlocking the enterprise tier — we should start immediately.","synthesis"
"In compliance audits, default to proven patterns over clever solutions.","preference"
"A liveness probe determines if a container should be restarted.","semantic"
"After reviewing the architecture and the team's velocity, the migration to microservices will take 18 months at current pace. Given the deadline, we should scope it to three services, not twelve (team convention).","synthesis"
"Key fact: to write an incident post-mortem: describe the timeline, root cause, impact, and corrective actions without blame.","procedural"
"Completed the database migration without downtime.","episodic"
"The actor model enables highly concurrent systems through message-passing isolation.","semantic"
"Definition: dijkstra's algorithm finds the shortest path in a weighted graph with non-negative edges.","semantic"
"Choose small PRs over large ones to reduce configuration drift.","preference"
"From the docs: to implement a save system in a game: define the save state schema, serialize to disk, test loading from each save point.","procedural"
"Context: the patent landscape analysis and the product roadmap show overlap with three existing patents. Two are unlikely to be infringed; one requires a design change — cheaper to change now than in litigation.","synthesis"
"A salt is a random value added to a password before hashing to prevent rainbow table attacks (documented).","semantic"
"Published the dataset to arXiv and it was downloaded 5,000 times in the first day.","episodic"
"Note: to set up CI/CD: configure the repository trigger, add lint and test steps, add a deploy step gated on test pass.","procedural"
"Principle: principle of least privilege grants only the permissions needed to complete a task.","semantic"
"Audit model performance baselines at annually.","preference"
"Fine-tuned the domain-specific model on synthetic data and BLEU improved by 4.2.","episodic"
"Avoid run manual queries on production —always go through a PR.","preference"
"A refresh token extends a session without requiring the user to re-authenticate.","semantic"
"Finding: the content performance data and the keyword analysis show our highest-traffic pages have the lowest conversion. Adding intent-aligned CTAs to those pages is the highest-ROI intervention available.","synthesis"
"Key fact: to conduct a threat model: identify assets and trust boundaries, enumerate threats using STRIDE, assign controls, review.","procedural"
"Remember: every production service needs alerting on p99 latency, error rate, and saturation.","preference"
"Shipped the CSV export after two weeks of back-and-forth with the team.","episodic"
"All new features must have health-check endpoints before production release.","preference"
"Clinical note: to run a data quality audit: profile each column, check for nulls and outliers, validate against the schema, report findings.","procedural"
"Completed the authentication migration with zero data loss.","episodic"
"Prefer separate personal and business finances to plan conservatively.","preference"
"Discovered a performance issue affecting the billing system and scheduled a hotfix.","episodic"
"Currying transforms a multi-argument function into a sequence of single-argument functions.","semantic"
"The code review data and the deployment frequency metrics together reveal: teams with PR cycle times under 24 hours ship 3x more frequently and have half the bug rate. The bottleneck is reviewer availability (see runbook).","synthesis"
"To run an A/B test: define the metric, size the sample, implement the variant, run until significance, analyze (from the literature).","procedural"
"LoRA fine-tunes only small rank-decomposed matrices, reducing trainable parameters significantly.","semantic"
"To configure a VPN: choose a protocol (WireGuard or OpenVPN), generate keys, distribute client configs, test connectivity.","procedural"
"The support ticket volume trend combined with the NPS data points to a single root cause: the API documentation is incomplete. Fixing docs is higher ROI than shipping new features this quarter (see runbook).","synthesis"
"Ran the A/B test on pricing and saw a 30 percent drop in churn.","episodic"
"Key fact: the ops cost model versus the revenue forecast shows gross margin will compress below 40 percent at current compute spend if we grow 3x. We need to optimize the inference stack before scaling.","synthesis"
"Research finding: to publish an open-source library: write a README, add CI tests, publish to the package registry, write a CHANGELOG.","procedural"
"Architecture note: pod disruption budgets limit the number of Pods that can be simultaneously unavailable.","semantic"
"Reviewing the annual review data and the retention patterns: engineers who received a promotion in year 2 have 3x lower attrition than those who didn't. Fast career progression is the top retention lever (documented).","synthesis"
"From the docs: to implement distributed tracing: instrument with OpenTelemetry, export spans to Jaeger or Tempo, create a service map.","procedural"
"Team convention: every production service needs alerting on p99 latency, error rate, and saturation.","preference"
"The integration test suite ran for six hours and exposed a concurrency bug.","episodic"
"GraphQL allows clients to request exactly the data they need, reducing over-fetching.","semantic"
"Note: cross-referencing the content performance data and the audience analytics: our best-performing pieces are co-authored with practitioners — featuring one expert per month should increase both traffic and credibility.","synthesis"
"The API gateway went down for overnight due to a botched migration — fixed by the on-call engineer.","episodic"
"Key fact: the code review data and the deployment frequency metrics together reveal: teams with PR cycle times under 24 hours ship 3x more frequently and have half the bug rate. The bottleneck is reviewer availability.","synthesis"
"Remember: the content performance data and the keyword analysis show our highest-traffic pages have the lowest conversion. Adding intent-aligned CTAs to those pages is the highest-ROI intervention available.","synthesis"
"Remember: to implement distributed tracing: instrument with OpenTelemetry, export spans to Jaeger or Tempo, create a service map.","procedural"
"To run a data quality audit: profile each column, check for nulls and outliers, validate against the schema, report findings (documented).","procedural"
"Team convention: to conduct a threat model: identify assets and trust boundaries, enumerate threats using STRIDE, assign controls, review.","procedural"
"Ops rule: the code review data and the deployment frequency metrics together reveal: teams with PR cycle times under 24 hours ship 3x more frequently and have half the bug rate. The bottleneck is reviewer availability.","synthesis"
"Merged the audit service to production.","episodic"
"To implement a recommendation system: collect interaction data, train a model, serve via an API, evaluate with offline and online metrics (per protocol).","procedural"
"Definition: every production service needs alerting on p99 latency, error rate, and saturation.","preference"
"The Redis cluster went down for 4 hours due to a misconfigured Helm chart — auto-healed via the readiness probe.","episodic"
"To build an onboarding curriculum: identify role competencies, map learning objectives, create modules, add assessments (verified).","procedural"
"Key fact: to train an ML model from scratch: collect data, preprocess, split into train/val/test, define architecture, train, evaluate, iterate.","procedural"
"Rule: a salt is a random value added to a password before hashing to prevent rainbow table attacks.","semantic"
"The oncology market analysis and the Phase II data together suggest a breakthrough therapy designation filing is warranted. The accelerated pathway could save 18 months versus standard review (empirically validated).","synthesis"
"Published the open-source library to GitHub and it was featured in the newsletter in the first day.","episodic"
"To write an incident post-mortem: describe the timeline, root cause, impact, and corrective actions without blame (validated in prod).","procedural"
"Metagame refers to strategies that emerge outside a game's formal rules.","semantic"
"Hired the first product designer after six rounds of interviews.","episodic"
"JWT tokens consist of a header, payload, and signature separated by dots (from the literature).","semantic"
"Responded to the DNS failure incident that caused 2 hours of degraded performance.","episodic"
"Found a compliance issue affecting EU customers and patched it immediately.","episodic"
"Research finding: combining the clinical endpoint data and the safety report: the treatment effect is meaningful only in the per-protocol population. The intent-to-treat analysis is driven by non-adherence, not lack of efficacy.","synthesis"
"MRR hit $1M for the first time after the pricing change.","episodic"
"Validate confirm staging matches production before tagging a release.","preference"
"All production services must have a signed DPA before going into production (from the literature).","preference"
"Keep commits atomic and well-described.","preference"
"Closed the pilot deal with HealthFlow Inc worth $180K ARR.","episodic"
"Product note: combining the clinical endpoint data and the safety report: the treatment effect is meaningful only in the per-protocol population. The intent-to-treat analysis is driven by non-adherence, not lack of efficacy.","synthesis"
"Never invest in an asset you don't understand.","preference"
"From the docs: cRISPR-Cas9 enables precise DNA editing by guiding Cas9 to a target location.","semantic"
"Design decision: to run an A/B test: define the metric, size the sample, implement the variant, run until significance, analyze.","procedural"
"Every production service needs alerting on p99 latency, error rate, and saturation (see runbook).","preference"
"Type I error rejects a true null hypothesis; Type II error fails to reject a false one (team standard).","semantic"
"Definition: a salt is a random value added to a password before hashing to prevent rainbow table attacks.","semantic"
"The patent landscape analysis and the product roadmap show overlap with three existing patents. Two are unlikely to be infringed; one requires a design change — cheaper to change now than in litigation (validated in prod).","synthesis"
"Team convention: to run a DSMB meeting: share interim data with the board, present safety summaries, receive a recommendation, document the outcome.","procedural"
"In compliance audits, document every deviation from the registered plan.","preference"
"Finding: prefer small PRs over novel tech for reviewability.","preference"
"A SLA defines expected uptime, response times, and remedies for violations.","semantic"
"To run a product launch: brief the team, prepare assets, stage the deploy, publish the announcement, monitor metrics.","procedural"
"Design decision: run model performance baselines at every funding event.","preference"
"The support ticket volume trend combined with the NPS data points to a single root cause: the API documentation is incomplete. Fixing docs is higher ROI than shipping new features this quarter (team convention).","synthesis"
"Rule: principle of least privilege grants only the permissions needed to complete a task.","semantic"
"Prefer pay vendors on time to compound your reliability reputation.","preference"
"Context: reviewing the trial protocol and the interim data: the pre-specified subgroup analysis shows a strong signal in biomarker-positive patients. We should consider a label expansion strategy for that population.","synthesis"
"The Product Hunt listing went live and generated 8 inbound leads in one week.","episodic"
"Ops rule: dijkstra's algorithm finds the shortest path in a weighted graph with non-negative edges.","semantic"
"To write a technical RFC: describe the problem, propose a solution, list alternatives, address tradeoffs, request review (from the literature).","procedural"
"Remember: all database migrations must have health-check endpoints before merging to main.","preference"
"Published the open-source library to Hugging Face and it received 400 views in two weeks.","episodic"
"Completed the storage migration without downtime.","episodic"
"A connection pool reuses database connections to avoid repeated handshake overhead.","semantic"
"Research finding: to run a data quality audit: profile each column, check for nulls and outliers, validate against the schema, report findings.","procedural"
"Reached the seed deal in Q3.","episodic"
"Design decision: tick rate is the frequency at which a game server updates game state per second.","semantic"
"Closed the pilot deal with the fintech startup worth $360K ARR.","episodic"
"The A/B test results combined with the cohort analysis confirm that users who complete onboarding in under 7 minutes have 3x higher 90-day retention — onboarding speed is the highest-leverage optimization.","synthesis"
"Research finding: to process a GDPR right-to-erasure request: identify all data stores, delete or anonymize, log the action, respond within 30 days.","procedural"
"From the docs: all production services must have a signed DPA before going into production.","preference"
"Based on the load test results, the performance benchmark, and the infrastructure cost model, horizontal scaling at 4 replicas gives us 10x headroom at 1.4x cost — the best tradeoff.","synthesis"
"Note: combining the regulatory guidance and the trial data: a subgroup-specific label claim is viable. The path requires a supplemental NDA, but the commercial opportunity justifies the submission cost.","synthesis"
"To publish an open-source library: write a README, add CI tests, publish to the package registry, write a CHANGELOG (team convention).","procedural"
"All database migrations must have a signed DPA before production release.","preference"
"Research finding: after reviewing the architecture and the team's velocity, the migration to microservices will take 18 months at current pace. Given the deadline, we should scope it to three services, not twelve.","synthesis"
"Clinical note: always log at structured JSON architecture decisions.","preference"
"Keep staging as close to production as possible.","preference"
"A webhook is an HTTP callback triggered by an event in an external system.","semantic"
"Ran the pilot with five customers and identified the critical upsell gap.","episodic"
"Cross-referencing the vulnerability report and the asset inventory, 80 percent of critical findings map to three services. Prioritizing those three eliminates most of the attack surface (team convention).","synthesis"
"The support ticket volume trend combined with the NPS data points to a single root cause: the API documentation is incomplete. Fixing docs is higher ROI than shipping new features this quarter (from post-mortem).","synthesis"
"Rule: type I error rejects a true null hypothesis; Type II error fails to reject a false one.","semantic"
"To run a hyperparameter search: define the search space, choose a sampler (e.g., Bayesian), run parallel trials, select the best config (documented).","procedural"
"Ops rule: a contract test verifies that a service meets the expectations of its consumers.","semantic"
"Research finding: to write an incident post-mortem: describe the timeline, root cause, impact, and corrective actions without blame.","procedural"
"Don't ship without monitoring —always test rollback before release.","preference"
"Ops rule: to publish an open-source library: write a README, add CI tests, publish to the package registry, write a CHANGELOG.","procedural"
"Fine-tuned the retrieval model on synthetic data and BLEU improved by 4.2.","episodic"
"Definition: to build an onboarding curriculum: identify role competencies, map learning objectives, create modules, add assessments.","procedural"
"After reviewing the architecture and the team's velocity, the migration to microservices will take 18 months at current pace. Given the deadline, we should scope it to three services, not twelve.","synthesis"
"All model releases must have a model card before production release.","preference"
"Finding: to publish an open-source library: write a README, add CI tests, publish to the package registry, write a CHANGELOG.","procedural"
"Time-blocking assigns tasks to fixed calendar slots to protect focus time.","semantic"
"The patent landscape analysis and the product roadmap show overlap with three existing patents. Two are unlikely to be infringed; one requires a design change — cheaper to change now than in litigation (from the literature).","synthesis"
"The build system went down for 15 minutes due to an expired certificate — reverted the deployment.","episodic"
"Key fact: all database migrations must have health-check endpoints before merging to main.","preference"
"Architecture note: gradient clipping caps gradient magnitudes to prevent exploding gradients during training.","semantic"
"Never invest in assets you don't understand to plan conservatively.","preference"
"Enrolled the 50th patient in Phase I of the cardiovascular trial.","episodic"
"The API gateway went down for overnight due to an expired certificate — rolled back in 6 minutes.","episodic"
"The patent landscape analysis and the product roadmap show overlap with three existing patents. Two are unlikely to be infringed; one requires a design change — cheaper to change now than in litigation (per protocol).","synthesis"
"Gradient clipping caps gradient magnitudes to prevent exploding gradients during training (empirically validated).","semantic"
"The press release went live and generated 8 inbound leads in the first day.","episodic"
"Established practice: type I error rejects a true null hypothesis; Type II error fails to reject a false one.","semantic"
"Keep onboarding flows deterministic.","preference"
"Choose immutable infrastructure over custom trained ones for reviewability.","preference"
"The Product Hunt listing went live and hit 14,000 views in the first day.","episodic"
"Finding: reviewing the trial protocol and the interim data: the pre-specified subgroup analysis shows a strong signal in biomarker-positive patients. We should consider a label expansion strategy for that population.","synthesis"
"Always verify rollback works before every sprint review.","preference"
"Finished the launch onboarding ahead of schedule.","episodic"
"All production services must have a signed DPA before going into production (empirically validated).","preference"
"Finding: to run a hyperparameter search: define the search space, choose a sampler (e.g., Bayesian), run parallel trials, select the best config.","procedural"
"Reached the seed round last sprint.","episodic"
"To publish an open-source library: write a README, add CI tests, publish to the package registry, write a CHANGELOG (validated in prod).","procedural"
"The oncology market analysis and the Phase II data together suggest a breakthrough therapy designation filing is warranted. The accelerated pathway could save 18 months versus standard review (from the literature).","synthesis"
"Dijkstra's algorithm finds the shortest path in a weighted graph with non-negative edges (team convention).","semantic"
"Shipped the webhook support after three months of engineering.","episodic"
"Pod disruption budgets limit the number of Pods that can be simultaneously unavailable (from the literature).","semantic"
"Finding: the support ticket volume trend combined with the NPS data points to a single root cause: the API documentation is incomplete. Fixing docs is higher ROI than shipping new features this quarter.","synthesis"
"Completed the GCP audit with two minor observations.","episodic"
"Rule: all database migrations must have health-check endpoints before merging to main.","preference"
"From the docs: the code review data and the deployment frequency metrics together reveal: teams with PR cycle times under 24 hours ship 3x more frequently and have half the bug rate. The bottleneck is reviewer availability.","synthesis"
"In model evaluation, document every deviation from the registered plan.","preference"
"Resource quotas limit the total compute and storage a namespace can consume.","semantic"
"Run model performance baselines at every funding event (verified).","preference"
"Runway is the months a company can operate before exhausting cash at current burn.","semantic"
"Architecture note: the support ticket volume trend combined with the NPS data points to a single root cause: the API documentation is incomplete. Fixing docs is higher ROI than shipping new features this quarter.","synthesis"
"Principle: to run a data quality audit: profile each column, check for nulls and outliers, validate against the schema, report findings.","procedural"
"Insight: reviewing the annual review data and the retention patterns: engineers who received a promotion in year 2 have 3x lower attrition than those who didn't. Fast career progression is the top retention lever.","synthesis"
"Ops rule: combining the regulatory guidance and the trial data: a subgroup-specific label claim is viable. The path requires a supplemental NDA, but the commercial opportunity justifies the submission cost.","synthesis"
"From the docs: to write a technical RFC: describe the problem, propose a solution, list alternatives, address tradeoffs, request review.","procedural"
"Rotate error budgets at quarterly.","preference"
"Occlusion culling skips rendering objects not visible from the camera's perspective.","semantic"
"Note: reviewing the annual review data and the retention patterns: engineers who received a promotion in year 2 have 3x lower attrition than those who didn't. Fast career progression is the top retention lever.","synthesis"
"Insight: combining the clinical endpoint data and the safety report: the treatment effect is meaningful only in the per-protocol population. The intent-to-treat analysis is driven by non-adherence, not lack of efficacy.","synthesis"
"Dijkstra's algorithm finds the shortest path in a weighted graph with non-negative edges (from the literature).","semantic"
"Reviewing the dataset audit and the model performance breakdown: label noise in the minority class is causing 70 percent of false negatives. Cleaning those labels is more urgent than more data (from post-mortem).","synthesis"
"Flagged a compliance issue affecting EU customers and opened a P0 ticket.","episodic"
"Project-based learning develops skills through completing complex, real-world tasks.","semantic"
"ML insight: to implement distributed tracing: instrument with OpenTelemetry, export spans to Jaeger or Tempo, create a service map.","procedural"
"Completed the GCP audit with no material findings.","episodic"
"Architecture note: every production service needs alerting on p99 latency, error rate, and saturation.","preference"
"Principle of least privilege grants only the permissions needed to complete a task (from post-mortem).","semantic"
"Ran the beta program and conversion improved by 12 percent.","episodic"
"To set up alerting: define SLOs, create burn rate alerts for fast and slow burns, route to the on-call rotation.","procedural"
"Choose small PRs over large ones to reduce configuration drift (team convention).","preference"
"SAML is an XML-based standard for exchanging authentication and authorization data.","semantic"
"ML insight: reviewing the annual review data and the retention patterns: engineers who received a promotion in year 2 have 3x lower attrition than those who didn't. Fast career progression is the top retention lever.","synthesis"
"Design decision: all database migrations must have health-check endpoints before merging to main.","preference"
"Tick rate is the frequency at which a game server updates game state per second (verified).","semantic"
"Principle of least privilege grants only the permissions needed to complete a task (empirically validated).","semantic"
"Design decision: to run a hyperparameter search: define the search space, choose a sampler (e.g., Bayesian), run parallel trials, select the best config.","procedural"
"Hired the first growth marketer after five rounds of interviews.","episodic"
"Run model performance baselines at every funding event (team convention).","preference"
"Cross-referencing the content performance data and the audience analytics: our best-performing pieces are co-authored with practitioners — featuring one expert per month should increase both traffic and credibility (from post-mortem).","synthesis"
"Lost the pilot to the incumbent vendor who had better brand recognition.","episodic"
"Type I error rejects a true null hypothesis; Type II error fails to reject a false one (team convention).","semantic"
"Build the email list before the social following — you own your list.","preference"
"The weekly retrospectives over the last quarter show one pattern: the team underestimates testing time by 40 percent consistently. Adding a testing buffer to all estimates is the structural fix.","synthesis"
"Bloom filters probabilistically test set membership with a controllable false positive rate.","semantic"
"To run a hyperparameter search: define the search space, choose a sampler (e.g., Bayesian), run parallel trials, select the best config (see runbook).","procedural"
"Remember: the support ticket volume trend combined with the NPS data points to a single root cause: the API documentation is incomplete. Fixing docs is higher ROI than shipping new features this quarter.","synthesis"
"Enrolled the 200th patient in Phase II of the cardiovascular trial.","episodic"
"Cohort analysis groups customers by acquisition period to track retention over time.","semantic"
"Keep endpoints actionable.","preference"
"Hired the first DevOps lead after four rounds of interviews.","episodic"
"MRR is the normalized monthly revenue from active subscriptions.","semantic"
"Ran the canary deployment and learned users preferred the simpler flow.","episodic"
"Design decision: jWT tokens consist of a header, payload, and signature separated by dots.","semantic"
"Closed the enterprise deal with the healthcare client worth $240K ARR.","episodic"
"From the docs: the content performance data and the keyword analysis show our highest-traffic pages have the lowest conversion. Adding intent-aligned CTAs to those pages is the highest-ROI intervention available.","synthesis"
"Enrolled the 500th patient in Phase II of the neurological trial.","episodic"
"After reviewing the legal opinion, the compliance gap analysis, and the customer contract: achieving SOC 2 Type II is the fastest path to unlocking the enterprise tier — we should start immediately (per protocol).","synthesis"
"Rule: to run a data quality audit: profile each column, check for nulls and outliers, validate against the schema, report findings.","procedural"
"ML insight: reviewing the three pilot customer deployments: two succeeded because they had an internal champion; one failed because they didn't. Champion identification is now a required qualification criterion.","synthesis"
"Ops rule: the support ticket volume trend combined with the NPS data points to a single root cause: the API documentation is incomplete. Fixing docs is higher ROI than shipping new features this quarter.","synthesis"
"Avoid deploy without a rollback plan —use a secrets manager.","preference"
"To run an A/B test: define the metric, size the sample, implement the variant, run until significance, analyze (team standard).","procedural"
"All database migrations must have OpenAPI documentation before going live.","preference"
"From the docs: to build an onboarding curriculum: identify role competencies, map learning objectives, create modules, add assessments.","procedural"
"Observation: to prepare a grant proposal: read the RFP, outline the aims, draft the research plan, budget, and write the abstract last.","procedural"
"Responded to the database failover incident that caused 2 hours of degraded performance.","episodic"
"To file a patent: document the invention, run a prior art search, engage a patent attorney, file a provisional.","procedural"
"Insight: to implement distributed tracing: instrument with OpenTelemetry, export spans to Jaeger or Tempo, create a service map.","procedural"
"Combining the regulatory guidance and the trial data: a subgroup-specific label claim is viable. The path requires a supplemental NDA, but the commercial opportunity justifies the submission cost (per protocol).","synthesis"
"Always log at structured JSON architecture decisions.","preference"
"Insight: to run an A/B test: define the metric, size the sample, implement the variant, run until significance, analyze.","procedural"
"Completed the cloud migration with zero data loss.","episodic"
"Prefer physical notebooks for brainstorming — the friction is a feature.","preference"
"Note: principle of least privilege grants only the permissions needed to complete a task.","semantic"
"Completed the seed round after six weeks.","episodic"
"Combining the regulatory guidance and the trial data: a subgroup-specific label claim is viable. The path requires a supplemental NDA, but the commercial opportunity justifies the submission cost (documented).","synthesis"
"Rule: every production service needs alerting on p99 latency, error rate, and saturation.","preference"
"The cost of fixing a bug grows exponentially the later it is caught.","semantic"
"To set up CI/CD: configure the repository trigger, add lint and test steps, add a deploy step gated on test pass (documented).","procedural"
"Less is more in UI design; every element needs a reason to exist.","preference"
"Insight: the patent landscape analysis and the product roadmap show overlap with three existing patents. Two are unlikely to be infringed; one requires a design change — cheaper to change now than in litigation.","synthesis"
"Research finding: to implement a recommendation system: collect interaction data, train a model, serve via an API, evaluate with offline and online metrics.","procedural"
"Deployed the notification migration ahead of schedule.","episodic"
"Lost the partnership to the incumbent vendor who had an existing relationship.","episodic"
"Hit the enterprise round last Thursday.","episodic"
"Context: tick rate is the frequency at which a game server updates game state per second.","semantic"
"Observation: to write a technical RFC: describe the problem, propose a solution, list alternatives, address tradeoffs, request review.","procedural"
"Identified a security issue affecting 8 percent of users and patched it immediately.","episodic"
"A nonce is a one-time value used to prevent replay attacks in cryptographic protocols.","semantic"
"Clinical note: the game telemetry and the session data together reveal: players who reach level 10 have a 90-day retention rate of 72 percent; those who don't have 8 percent. Level 10 is the real activation event.","synthesis"
"The planning fallacy leads people to underestimate time, costs, and risks of future actions.","semantic"
"To write an incident post-mortem: describe the timeline, root cause, impact, and corrective actions without blame (empirically validated).","procedural"
"MRR hit $500K for the first time in month 14.","episodic"
"Fine-tuned the instruction-tuned model on annotated data and F1 improved by 6 percent.","episodic"
"Completed the on-prem to AWS migration with zero data loss.","episodic"
"Use explicit config over self-hosted equivalents for readability.","preference"
"To run a retrospective: timebox to 60 minutes, collect feedback anonymously, prioritize action items, assign owners.","procedural"
"Context: to train an ML model from scratch: collect data, preprocess, split into train/val/test, define architecture, train, evaluate, iterate.","procedural"
"Fine-tuned the domain-specific model on synthetic data and F1 improved by 6 percent.","episodic"
"mRNA vaccines instruct cells to produce a protein that triggers an immune response.","semantic"
"Key fact: reviewing the three pilot customer deployments: two succeeded because they had an internal champion; one failed because they didn't. Champion identification is now a required qualification criterion.","synthesis"
"Unit economics measure profitability at the individual customer or transaction level.","semantic"
"Observation: after reviewing the legal opinion, the compliance gap analysis, and the customer contract: achieving SOC 2 Type II is the fastest path to unlocking the enterprise tier — we should start immediately.","synthesis"
"Established practice: the game telemetry and the session data together reveal: players who reach level 10 have a 90-day retention rate of 72 percent; those who don't have 8 percent. Level 10 is the real activation event.","synthesis"
"Gross margin is revenue minus COGS, expressed as a percentage of revenue.","semantic"
"Completed the partnership onboarding ahead of schedule.","episodic"
"Reviewing the annual review data and the retention patterns: engineers who received a promotion in year 2 have 3x lower attrition than those who didn't. Fast career progression is the top retention lever (per protocol).","synthesis"
"To implement distributed tracing: instrument with OpenTelemetry, export spans to Jaeger or Tempo, create a service map (team convention).","procedural"
"Definition: to rotate an API key: generate the new key, update all consumers, verify traffic, then revoke the old key.","procedural"
"Definition: to run an A/B test: define the metric, size the sample, implement the variant, run until significance, analyze.","procedural"
"Shipped the audit log after one sprint of back-and-forth with the team.","episodic"
"The game telemetry and the session data together reveal: players who reach level 10 have a 90-day retention rate of 72 percent; those who don't have 8 percent. Level 10 is the real activation event (documented).","synthesis"
"To publish an open-source library: write a README, add CI tests, publish to the package registry, write a CHANGELOG (see runbook).","procedural"
"Product note: to implement distributed tracing: instrument with OpenTelemetry, export spans to Jaeger or Tempo, create a service map.","procedural"
"Insight: to train an ML model from scratch: collect data, preprocess, split into train/val/test, define architecture, train, evaluate, iterate.","procedural"
"Architecture note: after reviewing the infrastructure cost, the query patterns, and the database schema: migrating the high-read tables to a read replica eliminates 70 percent of the primary load at minimal cost.","synthesis"
"Published the open-source library to arXiv and it was featured in the newsletter in the first day.","episodic"
"All production services must have a signed DPA before going into production (documented).","preference"
"SOLID principles: Single Responsibility, Open/Closed, Liskov Substitution, Interface Segregation, Dependency Inversion.","semantic"
"To implement distributed tracing: instrument with OpenTelemetry, export spans to Jaeger or Tempo, create a service map (see runbook).","procedural"
"Enrolled the 200th patient in Phase II of the oncology trial.","episodic"
"Run review error budgets before a security audit.","preference"
"Shipped the billing integration following the sprint review.","episodic"
"Fine-tuned the instruction-tuned model on annotated data and accuracy jumped 8 points.","episodic"
"Established practice: to write an incident post-mortem: describe the timeline, root cause, impact, and corrective actions without blame.","procedural"
"Rotate contract terms at monthly.","preference"
"ML insight: the patent landscape analysis and the product roadmap show overlap with three existing patents. Two are unlikely to be infringed; one requires a design change — cheaper to change now than in litigation.","synthesis"
"Reviewing the trial protocol and the interim data: the pre-specified subgroup analysis shows a strong signal in biomarker-positive patients. We should consider a label expansion strategy for that population (from the literature).","synthesis"
"Research finding: to implement a save system in a game: define the save state schema, serialize to disk, test loading from each save point.","procedural"
"All database migrations must have health-check endpoints before merging to main (see runbook).","preference"
"A message queue decouples producers from consumers and absorbs traffic spikes.","semantic"
"After reviewing the ops runbook, the incident history, and the current alert configuration, 60 percent of pages are not actionable. Reducing noise is the highest-leverage reliability improvement.","synthesis"
"Achieved the partnership deal ahead of schedule.","episodic"
"Design decision: type I error rejects a true null hypothesis; Type II error fails to reject a false one.","semantic"
"To process a GDPR right-to-erasure request: identify all data stores, delete or anonymize, log the action, respond within 30 days (from the literature).","procedural"
"ML insight: to write an incident post-mortem: describe the timeline, root cause, impact, and corrective actions without blame.","procedural"
"Ops rule: to write an incident post-mortem: describe the timeline, root cause, impact, and corrective actions without blame.","procedural"
"Reviewing the dataset audit and the model performance breakdown: label noise in the minority class is causing 70 percent of false negatives. Cleaning those labels is more urgent than more data.","synthesis"
"Lost the enterprise deal to a larger competitor who had an existing relationship.","episodic"
"From the docs: the patent landscape analysis and the product roadmap show overlap with three existing patents. Two are unlikely to be infringed; one requires a design change — cheaper to change now than in litigation.","synthesis"
"To implement a recommendation system: collect interaction data, train a model, serve via an API, evaluate with offline and online metrics (team convention).","procedural"
"Observation: cross-referencing the vulnerability report and the asset inventory, 80 percent of critical findings map to three services. Prioritizing those three eliminates most of the attack surface.","synthesis"
"Architecture note: reviewing the trial protocol and the interim data: the pre-specified subgroup analysis shows a strong signal in biomarker-positive patients. We should consider a label expansion strategy for that population.","synthesis"
"Observation: to build an onboarding curriculum: identify role competencies, map learning objectives, create modules, add assessments.","procedural"
"Closed the pilot deal with HealthFlow Inc worth $96K ARR.","episodic"
"The audit caught a $45K billing error that was recovered in the next cycle.","episodic"
"Ran the A/B test on pricing and learned users preferred the simpler flow.","episodic"
"The load test ran for two hours and showed 3x throughput improvement.","episodic"
"Responded to the DNS failure incident that caused 20 minutes of write failures.","episodic"
"Default to write tests before implementing collecting data.","preference"
"To conduct a structured interview: use the same questions for all candidates, score independently before comparing.","procedural"
"Key fact: combining the regulatory guidance and the trial data: a subgroup-specific label claim is viable. The path requires a supplemental NDA, but the commercial opportunity justifies the submission cost.","synthesis"
"Principle: combining the clinical endpoint data and the safety report: the treatment effect is meaningful only in the per-protocol population. The intent-to-treat analysis is driven by non-adherence, not lack of efficacy.","synthesis"
"Type I error rejects a true null hypothesis; Type II error fails to reject a false one (verified).","semantic"
"Clinical note: all database migrations must have health-check endpoints before merging to main.","preference"
"Product note: reviewing the annual review data and the retention patterns: engineers who received a promotion in year 2 have 3x lower attrition than those who didn't. Fast career progression is the top retention lever.","synthesis"
"To create a GitHub Actions workflow: add a YAML file under .github/workflows, define the trigger, jobs, and steps.","procedural"
"Responded to the CDN outage incident that caused 40 minutes of degraded performance.","episodic"
"Combining the regulatory guidance and the trial data: a subgroup-specific label claim is viable. The path requires a supplemental NDA, but the commercial opportunity justifies the submission cost (see runbook).","synthesis"
"Architecture note: cross-referencing the vulnerability report and the asset inventory, 80 percent of critical findings map to three services. Prioritizing those three eliminates most of the attack surface.","synthesis"
"Insight: the code review data and the deployment frequency metrics together reveal: teams with PR cycle times under 24 hours ship 3x more frequently and have half the bug rate. The bottleneck is reviewer availability.","synthesis"
"Never obtain informed consent before new features.","preference"
"Reviewing the annual review data and the retention patterns: engineers who received a promotion in year 2 have 3x lower attrition than those who didn't. Fast career progression is the top retention lever (team convention).","synthesis"
"A heap is a tree-based structure used for priority queue operations.","semantic"
"After reviewing the trial safety data and the interim efficacy signal, continuing to the primary endpoint is justified — the benefit-risk profile is favorable.","synthesis"
"After reviewing the architecture and the team's velocity, the migration to microservices will take 18 months at current pace. Given the deadline, we should scope it to three services, not twelve (see runbook).","synthesis"
"Prefer review PRs all production services.","preference"
"Rule: to build an onboarding curriculum: identify role competencies, map learning objectives, create modules, add assessments.","procedural"
"Research finding: choose small PRs over large ones to reduce configuration drift.","preference"
"JWT tokens consist of a header, payload, and signature separated by dots (team convention).","semantic"
"Completed the storage migration ahead of schedule.","episodic"
"Fixed the memory leak that was causing slow responses for mobile users.","episodic"
"Clinical note: pod disruption budgets limit the number of Pods that can be simultaneously unavailable.","semantic"
"Research finding: all production services must have a signed DPA before going into production.","preference"
"Design decision: reviewing the dataset audit and the model performance breakdown: label noise in the minority class is causing 70 percent of false negatives. Cleaning those labels is more urgent than more data.","synthesis"
"A contract test verifies that a service meets the expectations of its consumers.","semantic"
"ML insight: use small PRs over raw Promise chains for the critical path.","preference"
"Synthesizing the infrastructure cost report, the growth model, and the pricing analysis: if we grow 2x in six months at current COGS, the unit economics turn negative. We need to either raise prices or reduce compute cost.","synthesis"
"Default to obtain informed consent before production changes.","preference"
"Ops rule: reviewing the annual review data and the retention patterns: engineers who received a promotion in year 2 have 3x lower attrition than those who didn't. Fast career progression is the top retention lever.","synthesis"
"To run a data quality audit: profile each column, check for nulls and outliers, validate against the schema, report findings (see runbook).","procedural"
"Shipped the 2FA after two weeks of iteration.","episodic"
"The product launch went live and drove 400 new signups in 72 hours.","episodic"
"Write-ahead logging ensures durability by persisting changes before applying them.","semantic"
"Remember: to process a GDPR right-to-erasure request: identify all data stores, delete or anonymize, log the action, respond within 30 days.","procedural"
"Never accept payment terms that create a cash flow mismatch with your obligations.","preference"
"Lost the RFP to a well-funded startup who had an existing relationship.","episodic"
"Published the model checkpoint to arXiv and it received 400 views in 48 hours.","episodic"
"Clickjacking embeds a page in an invisible iframe to trick users into clicking hidden buttons.","semantic"
"Product note: the oncology market analysis and the Phase II data together suggest a breakthrough therapy designation filing is warranted. The accelerated pathway could save 18 months versus standard review.","synthesis"
"Every production service needs alerting on p99 latency, error rate, and saturation (verified).","preference"
"Clinical note: the patent landscape analysis and the product roadmap show overlap with three existing patents. Two are unlikely to be infringed; one requires a design change — cheaper to change now than in litigation.","synthesis"
"Principle of least privilege grants only the permissions needed to complete a task.","semantic"
"Design decision: the oncology market analysis and the Phase II data together suggest a breakthrough therapy designation filing is warranted. The accelerated pathway could save 18 months versus standard review.","synthesis"
"Shipped the audit log after one sprint of iteration.","episodic"
"To write an incident post-mortem: describe the timeline, root cause, impact, and corrective actions without blame (team convention).","procedural"
"Never deploy without a rollback plan —significance alone is insufficient.","preference"
"Ops rule: reviewing the three pilot customer deployments: two succeeded because they had an internal champion; one failed because they didn't. Champion identification is now a required qualification criterion.","synthesis"
"Reviewing the annual review data and the retention patterns: engineers who received a promotion in year 2 have 3x lower attrition than those who didn't. Fast career progression is the top retention lever (see runbook).","synthesis"
"StatefulSets manage Pods with stable network identities and persistent storage.","semantic"
"A finite automaton accepts or rejects strings through a set of states and transitions.","semantic"
"Prometheus scrapes metrics from instrumented services and stores them as time-series data.","semantic"
"Fine-tuned the instruction-tuned model on domain-specific data and BLEU improved by 4.2.","episodic"
"A salt is a random value added to a password before hashing to prevent rainbow table attacks (per protocol).","semantic"
"Finding: to implement a save system in a game: define the save state schema, serialize to disk, test loading from each save point.","procedural"
"The code review data and the deployment frequency metrics together reveal: teams with PR cycle times under 24 hours ship 3x more frequently and have half the bug rate. The bottleneck is reviewer availability (from the literature).","synthesis"
"To implement distributed tracing: instrument with OpenTelemetry, export spans to Jaeger or Tempo, create a service map.","procedural"
"Closed the partnership deal with the logistics company worth $240K ARR.","episodic"
"Principle: to prepare a grant proposal: read the RFP, outline the aims, draft the research plan, budget, and write the abstract last.","procedural"
"A vector database indexes high-dimensional embeddings for approximate nearest-neighbor search.","semantic"
"Definition: combining the regulatory guidance and the trial data: a subgroup-specific label claim is viable. The path requires a supplemental NDA, but the commercial opportunity justifies the submission cost.","synthesis"
"To lock a clinical database: freeze data entry, run data quality checks, reconcile queries, notify the statistician.","procedural"
"Database migrations must be reversible — always write a down migration.","preference"
"After reviewing the legal opinion, the compliance gap analysis, and the customer contract: achieving SOC 2 Type II is the fastest path to unlocking the enterprise tier — we should start immediately (team standard).","synthesis"
"Closed the partnership deal with the logistics company worth $60K ARR.","episodic"
"Product note: to prepare a grant proposal: read the RFP, outline the aims, draft the research plan, budget, and write the abstract last.","procedural"
"Validate check for label noise before a hotfix.","preference"
"Identified a compliance issue affecting 8 percent of users and patched it immediately.","episodic"
"Resolved the billing refactor ahead of schedule.","episodic"
"Rule: choose small PRs over large ones to reduce configuration drift.","preference"
"Note: the patent landscape analysis and the product roadmap show overlap with three existing patents. Two are unlikely to be infringed; one requires a design change — cheaper to change now than in litigation.","synthesis"
"ML insight: the game telemetry and the session data together reveal: players who reach level 10 have a 90-day retention rate of 72 percent; those who don't have 8 percent. Level 10 is the real activation event.","synthesis"
"A namespace provides a scope for names and policy boundaries within a cluster.","semantic"
"The code review data and the deployment frequency metrics together reveal: teams with PR cycle times under 24 hours ship 3x more frequently and have half the bug rate. The bottleneck is reviewer availability (validated in prod).","synthesis"
"Product note: a contract test verifies that a service meets the expectations of its consumers.","semantic"
"A contract test verifies that a service meets the expectations of its consumers (team standard).","semantic"
"Design decision: to publish an open-source library: write a README, add CI tests, publish to the package registry, write a CHANGELOG.","procedural"
"Lost the partnership to a well-funded startup who underpriced us by 40 percent.","episodic"
"Always log at structured JSON architecture decisions (team standard).","preference"
"Always log at structured JSON architecture decisions (from post-mortem).","preference"
"Choose async/await over implicit magic for the critical path.","preference"
"Key fact: to process a GDPR right-to-erasure request: identify all data stores, delete or anonymize, log the action, respond within 30 days.","procedural"
"Established practice: the oncology market analysis and the Phase II data together suggest a breakthrough therapy designation filing is warranted. The accelerated pathway could save 18 months versus standard review.","synthesis"
"Key fact: every production service needs alerting on p99 latency, error rate, and saturation.","preference"
"Prefer composition over raw Promise chains when accuracy gap is under 2 percent.","preference"
"Always log at structured JSON architecture decisions (empirically validated).","preference"
"Principle: to run a hyperparameter search: define the search space, choose a sampler (e.g., Bayesian), run parallel trials, select the best config.","procedural"
"Found a compliance issue affecting EU customers and raised it in the incident channel.","episodic"
"A proxy pattern provides a surrogate object that controls access to another object.","semantic"
"Combining the regulatory guidance and the trial data: a subgroup-specific label claim is viable. The path requires a supplemental NDA, but the commercial opportunity justifies the submission cost (from the literature).","synthesis"
"Prefer document the reasoning all production services.","preference"
"Always log at structured JSON architecture decisions (per protocol).","preference"
"To implement a save system in a game: define the save state schema, serialize to disk, test loading from each save point (validated in prod).","procedural"
"BASE — Basically Available, Soft-state, Eventually consistent — is the NoSQL alternative to ACID.","semantic"
"MRR hit $10K for the first time this quarter.","episodic"
"Design decision: the game telemetry and the session data together reveal: players who reach level 10 have a 90-day retention rate of 72 percent; those who don't have 8 percent. Level 10 is the real activation event.","synthesis"
"Gradient clipping caps gradient magnitudes to prevent exploding gradients during training (from post-mortem).","semantic"
"Secure boot ensures only trusted software loads during the system startup process.","semantic"
"After reviewing the infrastructure cost, the query patterns, and the database schema: migrating the high-read tables to a read replica eliminates 70 percent of the primary load at minimal cost (documented).","synthesis"
"A waterfall analysis shows how proceeds are distributed to shareholders in an exit.","semantic"
"Audit the cap table at weekly.","preference"
"Fine-tuned the domain-specific model on domain-specific data and latency was reduced by 20 percent.","episodic"
"Run back up the database before a hotfix.","preference"
"Note: after reviewing the legal opinion, the compliance gap analysis, and the customer contract: achieving SOC 2 Type II is the fastest path to unlocking the enterprise tier — we should start immediately.","synthesis"
"A salt is a random value added to a password before hashing to prevent rainbow table attacks (from the literature).","semantic"
"To build an onboarding curriculum: identify role competencies, map learning objectives, create modules, add assessments (team convention).","procedural"
"ICH E6 defines Good Clinical Practice standards for conducting clinical trials.","semantic"
"Note: combining the clinical endpoint data and the safety report: the treatment effect is meaningful only in the per-protocol population. The intent-to-treat analysis is driven by non-adherence, not lack of efficacy.","synthesis"
"To process a GDPR right-to-erasure request: identify all data stores, delete or anonymize, log the action, respond within 30 days (documented).","procedural"
"To write an incident post-mortem: describe the timeline, root cause, impact, and corrective actions without blame (team standard).","procedural"
"Insight: after reviewing the legal opinion, the compliance gap analysis, and the customer contract: achieving SOC 2 Type II is the fastest path to unlocking the enterprise tier — we should start immediately.","synthesis"
"Architecture note: type I error rejects a true null hypothesis; Type II error fails to reject a false one.","semantic"
"The blog post went live and drove 400 new signups in 48 hours.","episodic"
"After reviewing the architecture and the team's velocity, the migration to microservices will take 18 months at current pace. Given the deadline, we should scope it to three services, not twelve (from the literature).","synthesis"
"To conduct a threat model: identify assets and trust boundaries, enumerate threats using STRIDE, assign controls, review (team convention).","procedural"
"In compliance audits, restore service first, investigate second.","preference"
"Enforce preregister hypotheses before production changes.","preference"
"Based on the quarterly cohort data and the churn interviews, the product loses customers at month 3 when teams grow beyond 5 users — the multi-seat workflow is broken.","synthesis"
"The blog post went live and generated 8 inbound leads in 72 hours.","episodic"
"The game telemetry and the session data together reveal: players who reach level 10 have a 90-day retention rate of 72 percent; those who don't have 8 percent. Level 10 is the real activation event (per protocol).","synthesis"
"The content performance data and the keyword analysis show our highest-traffic pages have the lowest conversion. Adding intent-aligned CTAs to those pages is the highest-ROI intervention available (documented).","synthesis"
"Ran the monetization experiment and saw a 30 percent drop in churn.","episodic"
"A contract test verifies that a service meets the expectations of its consumers (see runbook).","semantic"
"The financial model and the partnership term sheet together suggest the deal is accretive only if we hit the revenue milestone. We should structure a payment clause tied to that milestone.","synthesis"
"Pod disruption budgets limit the number of Pods that can be simultaneously unavailable.","semantic"
"To process a data breach: contain the breach, assess impact, notify affected parties, file regulatory reports.","procedural"
"The oncology market analysis and the Phase II data together suggest a breakthrough therapy designation filing is warranted. The accelerated pathway could save 18 months versus standard review (documented).","synthesis"
"Product note: to conduct a threat model: identify assets and trust boundaries, enumerate threats using STRIDE, assign controls, review.","procedural"
"Bayesian inference updates prior beliefs with observed data to produce posterior distributions.","semantic"
"Prefer explicit over implicit — code should be readable without knowing the context.","preference"
"Completed the audit migration without downtime.","episodic"
"Teach concepts to others as soon as you learn them — it reveals gaps.","preference"
"To set up a Kubernetes cluster: provision nodes, install a CNI plugin, configure RBAC, deploy an ingress controller.","procedural"
"To implement distributed tracing: instrument with OpenTelemetry, export spans to Jaeger or Tempo, create a service map (from the literature).","procedural"
"The stress test ran for overnight and passed with zero failures.","episodic"
"From the docs: choose small PRs over large ones to reduce configuration drift.","preference"
"Ran the monetization experiment and hit the primary success metric.","episodic"
"Established practice: gradient clipping caps gradient magnitudes to prevent exploding gradients during training.","semantic"
"Synthesizing the financial model, the team capacity, and the market window: we can pursue one strategic bet this quarter. The data supports prioritizing the enterprise tier over the self-serve expansion.","synthesis"
"Note: the support ticket volume trend combined with the NPS data points to a single root cause: the API documentation is incomplete. Fixing docs is higher ROI than shipping new features this quarter.","synthesis"
"Design decision: the content performance data and the keyword analysis show our highest-traffic pages have the lowest conversion. Adding intent-aligned CTAs to those pages is the highest-ROI intervention available.","synthesis"
"From the docs: to run an A/B test: define the metric, size the sample, implement the variant, run until significance, analyze.","procedural"
"Synthesizing the team retrospective data and the project timeline: scope creep is responsible for 70 percent of missed deadlines. Implementing a change control process eliminates the root cause rather than the symptom.","synthesis"
"Always A/B test pricing changes — never guess at elasticity.","preference"
"To set up a cron job: define the schedule in cron syntax, write the script, add error handling and alerting, test with a short interval, then set the production schedule.","procedural"
"Cross-referencing the model's confusion matrix and the class distribution: false negatives on the minority class are 4x the majority class rate. Oversampling the minority and adjusting the decision threshold closes the gap.","synthesis"
"Prefer a simple working product over a complex one that is not ready.","preference"
"Combining the usage analytics and the cohort retention data: features used in the first 7 days predict 6-month retention with 80 percent accuracy. Every feature launched should be evaluated against first-7-day adoption.","synthesis"
"The user research and the session recording data together reveal: users abandon the setup flow at the API key step because they don't know where to find it. Adding a direct link resolves 80 percent of support tickets in that category.","synthesis"
"To create a Dockerfile: choose a base image, copy source files, install dependencies, set the working directory, expose the port, and define the CMD or ENTRYPOINT.","procedural"
"Never announce a launch date without a working build in staging.","preference"
"After synthesizing the board's questions, the financial model, and the growth data: the board is skeptical of the enterprise motion. Presenting three customer case studies with quantified ROI shifts the conversation from speculation to evidence.","synthesis"
"To write an API integration test: spin up the service, seed test data, call the endpoint, assert on status code and response body, and tear down after the test.","procedural"
"To run a red-team session on a language model: define the scope and objectives, form a team, execute structured attack scenarios, document findings, and present remediation options.","procedural"
"To create a postmortem document: use a standard template, fill in timeline, impact, root cause, contributing factors, and action items, then share with stakeholders within 48 hours.","procedural"
"The partnership analysis and the revenue model together show: the reseller channel is 3x more efficient than direct sales at our current stage. Reallocating two AE headcount to partner success increases revenue per dollar.","synthesis"
"After reviewing the compliance requirements and the product architecture: achieving HIPAA compliance requires changes to 3 systems and 2 third-party integrations. Scoping the work now prevents a 6-month surprise during the enterprise sales process.","synthesis"
"The brand tracking survey and the competitive positioning data together suggest: our primary differentiator is not being communicated in the first 10 seconds of the homepage. Rewriting the hero copy is the highest-leverage marketing action.","synthesis"
"After reviewing the model's performance on edge cases and the annotation guidelines, 90 percent of errors cluster around temporal reasoning — adding 200 time-aware examples should close the gap.","synthesis"
"To run a postmortem meeting: review the incident timeline, identify root causes without blame, list contributing factors, agree on action items, assign owners and due dates.","procedural"
"The investor feedback across three calls converges: they want to see NRR above 110 percent before leading the round. Expansion revenue is the gating metric, not new logo growth.","synthesis"
"To implement a WebSocket server: choose a library, handle connection lifecycle events, manage rooms or channels, broadcast messages, and gracefully close on disconnect.","procedural"
"To migrate from a monolith to microservices: identify the first bounded context to extract, build the service alongside the monolith, route traffic via feature flag, deprecate the monolith code.","procedural"
"The financial model and the market sizing together show the bottom-up TAM is $4B. At 1 percent share in 5 years, the business is worth building. The question is whether we can grow distribution fast enough.","synthesis"
"After reviewing the SEO performance, the content calendar, and the keyword data: we are ranking for awareness keywords but not conversion keywords. Shifting 40 percent of output to bottom-of-funnel closes the gap.","synthesis"
"After analyzing the CI/CD metrics and the deployment frequency data: teams that ship daily have half the rollback rate of teams that ship weekly. The bottleneck is review latency, not test coverage.","synthesis"
"Reviewing the experiment log and the business impact data: 3 of the last 5 experiments returned null results. The hypothesis generation process needs a pre-mortem step before committing to expensive experiments.","synthesis"
"The content strategy review and the audience analytics together show: our audience skews toward practitioners, not decision-makers. Shifting 30 percent of content to business-outcome framing reaches the buying committee.","synthesis"
"Reviewing the support ticket taxonomy and the product roadmap: 60 percent of tickets are about a single workflow that has no in-app guidance. A tooltip or onboarding checklist eliminates the ticket class entirely.","synthesis"
"The three investor conversations and the term sheet analysis together show: the pre-money valuation expectations are 2x our model's justification. We need 3 months of revenue growth data before re-engaging to negotiate from strength.","synthesis"
"Synthesizing the sales calls, the win/loss data, and the competitive intelligence: we win when the buyer has a compliance requirement and lose when they don't. Filtering the ICP to compliance-sensitive industries doubles win rate.","synthesis"
"Reviewing the content performance data across channels: LinkedIn generates 3x more qualified leads per post than Twitter. Shifting 50 percent of creation effort to LinkedIn with no additional budget improves ROI immediately.","synthesis"
"Combining the brand survey data and the conversion analytics: unaided brand awareness is at 12 percent in the ICP segment. Awareness, not conversion rate, is the growth limiter — the marketing budget should shift accordingly.","synthesis"
"The grant committee feedback and the revised research plan together indicate: the primary weakness was underpowered preliminary data. Running a 50-subject pilot study before resubmission addresses the concern directly.","synthesis"
"After reviewing the A/B test on the pricing page and the cohort data: the annual plan converts at 18 percent versus 6 percent for monthly. Leading with the annual plan as the default could increase LTV by 40 percent.","synthesis"
"After synthesizing the user research, the A/B test results, and the cohort data: the hypothesis was wrong — simplifying the UI reduced conversion, not improved it. Users wanted more options, not fewer. Reverting is the right call.","synthesis"
"Cross-referencing the product telemetry and the support ticket data: the notification system is generating 200 false-positive alerts per user per week. Reducing noise is more urgent than adding new notification types.","synthesis"
"All config changes must be reviewed and documented the same way as code changes.","preference"
"Always prototype before committing to an architecture — assumptions are cheapest to fix early.","preference"
"Prefer trunk-based development over long-lived feature branches.","preference"
"After reviewing the oncology market, the competitive landscape, and the Phase II data: a first-line indication is too competitive. A second-line biomarker-selected strategy has clearer differentiation and regulatory precedent.","synthesis"
"Synthesizing the user interviews, the funnel analytics, and the NPS responses: the product's core value is delivered on day 3, not day 1. Every onboarding improvement before day 3 is wasted effort.","synthesis"
"Never send an email you wouldn't want read in a deposition.","preference"
"To write a technical spec: define the problem, specify requirements, propose the solution, outline the API contract, describe edge cases, and list open questions.","procedural"
"To implement dark launch: deploy the new feature behind a flag, route 1 percent of traffic to it, monitor for errors, increase gradually, and fully launch when stable.","procedural"
"Always get legal review on anything that touches IP, data, or money.","preference"
"Keep retrospectives blameless — psychological safety is a precondition for learning.","preference"
"To run a model inference pipeline: load the model and tokenizer, batch inputs, run forward pass, decode outputs, apply post-processing, and return results with confidence scores.","procedural"
"The compliance audit and the vendor risk matrix together show: four sub-processors have never been audited. Completing those audits is the only blocker to achieving SOC 2 Type II by the target date.","synthesis"
"Document assumptions, not just decisions — future reviewers need the 'why'.","preference"
"Always test new dependencies in an isolated branch before merging to main.","preference"
"Never trust user-controlled input without validation and sanitization.","preference"
"Use structured logging everywhere — unstructured logs are impossible to alert on.","preference"
"After reviewing the regulatory environment and the IP landscape: the fastest path to market is a 510(k) clearance rather than a PMA. The clinical evidence for the 510(k) pathway already exists in the published literature.","synthesis"
"Always debrief after a lost deal within 48 hours while the details are fresh.","preference"
"After reviewing the game's telemetry and the session duration data: players who discover the crafting system have 2x session length. Making the crafting tutorial mandatory at level 3 is the highest-impact retention intervention.","synthesis"
"After reviewing the codebase health metrics, the deployment frequency, and the bug density data: the highest-churn module has 4x the defect rate of the rest of the codebase. A targeted refactor recovers engineering velocity.","synthesis"
"Prefer opt-in data collection over opt-out — user trust is worth more than data volume.","preference"
"Reviewing the infrastructure topology and the incident history: single points of failure exist at three layers. Eliminating them in priority order — database, message queue, auth service — reduces blast radius by 80 percent.","synthesis"
"After reviewing the engineering velocity metrics and the test coverage data: the 40 percent coverage increase from last quarter reduced bug escape rate by 60 percent. Continuing to invest in coverage has a measurable ROI.","synthesis"
"The churn interview data and the product analytics both point to the same week-2 dropoff. Users are hitting a wall when they try to invite a teammate. The invite flow must be rebuilt before anything else.","synthesis"
"Cross-referencing the portfolio performance and the market conditions: the two positions with the highest drawdown both violate the original position sizing rules. Enforcing position limits mechanically removes the behavioral bias.","synthesis"
"The budget model and the team velocity data together show: at current pace, the MVP is 4 months away. Adding two engineers cuts that to 6 weeks. The time-to-market value exceeds the salary cost.","synthesis"
"The ops data and the incident timeline together show: 80 percent of incidents are discovered by users before monitoring fires. Improving synthetic monitoring to cover the top 10 user journeys would catch incidents 15 minutes earlier.","synthesis"
"Cross-referencing the ops cost report, the traffic pattern, and the SLA: 70 percent of cost is driven by 15 percent of queries. Caching those queries eliminates the cost problem without touching the feature.","synthesis"
"To set up a feature flag system: choose a provider, define flag variants, implement the SDK integration, test both branches, and add monitoring for flag evaluation errors.","procedural"
"After reviewing the hiring funnel data and the team skill gap analysis: the bottleneck is not headcount but senior ML review capacity. Promoting one engineer to tech lead doubles throughput without a new hire.","synthesis"
"To implement rate limiting with Redis: use a sliding window counter stored as a sorted set, increment on each request, expire old entries, and return 429 when the limit is exceeded.","procedural"
"To implement webhook delivery: store the event, attempt delivery, retry with exponential backoff on failure, mark as dead-letter after max retries, and expose a replay API.","procedural"
"The clinical data and the subgroup analysis together suggest the primary endpoint miss is driven by a high non-adherence rate in two sites. Removing those sites from the per-protocol analysis shows a statistically significant effect.","synthesis"
"To conduct a quarterly OKR review: present progress against each key result, rate achievement, identify blockers, adjust targets if necessary, and carry forward unfinished items.","procedural"
"The trial's secondary endpoints and the biomarker data together suggest a novel mechanism of action that wasn't the original hypothesis. Designing a follow-on study to test this mechanism is the highest-value research direction.","synthesis"
"To set up Slack alerting for production: create a webhook URL, format the alert payload, send via HTTP POST on error conditions, and test with a dry-run alert.","procedural"
"Prefer weekly 1:1s over ad hoc check-ins — consistency builds psychological safety.","preference"
"To handle a P1 incident: acknowledge within SLA, escalate to the on-call lead, open a war room channel, assign roles (IC, scribe, comms), resolve, and file the post-mortem.","procedural"
"Never skip the sprint retrospective — process debt compounds like technical debt.","preference"
"After reviewing the SOC 2 gap analysis and the engineering roadmap: the 14 missing controls map to 6 engineering tasks. Completing those 6 tasks in Q2 clears the path to a Type II audit by Q4.","synthesis"
"Cross-referencing the product roadmap and the customer request log: the top 10 feature requests account for 75 percent of all requests. Shipping 3 of the top 10 satisfies 45 percent of outstanding demand.","synthesis"
"The grant scoring rubric and the research plan together suggest two gaps: innovation score and dissemination plan. Strengthening both sections lifts the application into the fundable range based on prior cycle scores.","synthesis"
"After reviewing the competitive pricing survey and the customer willingness-to-pay data: there is a $20/month gap between what we charge and what customers expect to pay. Raising price with a grandfather clause tests elasticity safely.","synthesis"
"To run a security code review: look for injection vulnerabilities, check authentication and authorization logic, verify input validation, review cryptography usage, and check for secret exposure.","procedural"
"Always have a rollback plan before touching production — even for 'safe' deploys.","preference"
"Reviewing the educator feedback and the course completion data: modules over 20 minutes have a 40 percent dropoff rate. Breaking long modules into 12-minute segments recovers completion without changing content.","synthesis"
"Cross-referencing the trial data and the regulatory precedent: there are two approved drugs in the same class with comparable effect sizes. Our safety profile is cleaner — the label differentiation is viable.","synthesis"
"Prefer synchronous standups for complex problems; async for status updates.","preference"
"Use a CRM from day one — lost context is lost revenue.","preference"
"Prefer fewer, deeper customer relationships over many shallow ones at the early stage.","preference"
"Combining the sales pipeline velocity and the historical close rates: the current pipeline generates $420K in expected ARR. To hit the $600K target, we need either 8 more qualified prospects or a 30 percent lift in close rate.","synthesis"
"To review a pull request: check the description first, understand the intent, review the tests before the code, look for correctness, edge cases, and performance, then comment constructively.","procedural"
"Reviewing the three framework options against the team's skill set and the project timeline: option B is technically superior but requires 6 weeks of upskilling. Option A ships in 2 weeks. Given the deadline, A is the right call.","synthesis"
"To deploy a machine learning model: package the model artifact, create an inference API, add input validation, instrument latency and error metrics, and set up a rollback procedure.","procedural"
"Cross-referencing the ML benchmark results and the production latency data: the model that scores highest in offline evals performs worst in production due to distribution shift. Retraining on production-like data is the fix.","synthesis"
"The three post-mortems from Q4 all share a root cause: configuration changes that were never reviewed. Adding a mandatory review step for config PRs eliminates the entire incident class.","synthesis"
"To implement pagination: choose offset-based or cursor-based, add limit and offset or cursor parameters, return a next cursor or total count, and document the API contract.","procedural"
"After synthesizing the infrastructure cost model, the usage growth trend, and the optimization analysis: reserved instances plus spot instances for batch workloads reduces monthly compute spend by 38 percent with no reliability impact.","synthesis"
"To implement a background job queue: choose a queue backend (e.g., Redis or SQS), define job schemas, add worker processes, implement retry logic, and add a dead-letter queue.","procedural"
"To implement OAuth2 for a web app: register the application, redirect to the authorization endpoint, exchange the code for a token, store tokens securely, and handle refresh.","procedural"
"After reviewing the dataset size, the model complexity, and the available compute: training the full model from scratch is unnecessary. Fine-tuning a pre-trained checkpoint with LoRA achieves the same accuracy at 10 percent of the compute cost.","synthesis"
"The market research and the sales pipeline analysis together suggest: mid-market companies ($10M–$50M revenue) close 2x faster than enterprise and have 40 percent lower CAC. Shifting ICP focus to mid-market improves efficiency.","synthesis"
"To onboard a new data science hire: give access to the data catalog, walk through the pipeline, assign a small scoped task, schedule weekly check-ins for the first month.","procedural"
"Prefer long-form written communication for complex decisions — it forces clearer thinking.","preference"
"To set up a Redis cache: provision the instance, configure eviction policy (LRU recommended), set TTLs on all keys, monitor hit rate, and add a fallback to the source of truth.","procedural"
"Combining the user cohort analysis and the churn interview data: customers who receive a check-in call in month 2 have 25 percent lower churn. Adding a scalable month-2 touchpoint is high ROI before building complex health scoring.","synthesis"
"Combining the retention cohort data and the feature adoption analytics: users who adopt at least 3 core features in month 1 have 90 percent retention at month 6. The activation milestone should be redefined around 3-feature adoption.","synthesis"
"To set up a GitHub repository: initialize with a README, add a .gitignore for your language, set branch protection rules on main, add CI workflow, and invite collaborators.","procedural"
"To conduct a sprint planning meeting: review the backlog, estimate stories using story points or t-shirt sizing, pull into the sprint based on velocity, and confirm the sprint goal.","procedural"
"To set up a staging environment: mirror production configuration, use production-scale data snapshots, add feature flags to separate staging from prod, and document the differences.","procedural"
"The trial protocol and the enrollment projection together show: at current site activation rate, we will miss the primary endpoint analysis date by 6 months. Activating two additional sites is the only path to timeline recovery.","synthesis"
"To migrate a database schema: write the migration script, test on a copy of production data, plan the deployment window, run with a rollback script ready, verify post-migration.","procedural"
"Cross-referencing the customer health scores and the contract renewal dates: 8 accounts scoring below 60 renew in the next 90 days. Proactive outreach to those 8 is the highest-ROI intervention for net revenue retention.","synthesis"
"Never bypass code review — even for a one-line hotfix.","preference"
"To write API documentation: describe each endpoint, list parameters with types and examples, document error responses, provide a quick-start code sample, and keep it versioned.","procedural"
"Prefer a single, well-maintained dependency over multiple small ones that do the same job.","preference"
"After reviewing the ML pipeline latency breakdown: 70 percent of end-to-end latency is preprocessing, not model inference. Optimizing preprocessing alone reduces p99 latency from 180ms to 80ms.","synthesis"
"To run a penetration test: scope the target systems, run automated scanning, conduct manual testing for logic flaws, document findings with CVSS scores, and present a remediation roadmap.","procedural"
"Always define done before starting a task — ambiguity is a leading cause of rework.","preference"
"The financial projection and the Azure credit burn rate together show: if the current compute growth continues, credits will exhaust 3 months before the revenue target. Inference optimization is now a financial priority.","synthesis"
"Combining the quarterly retrospective themes and the sprint velocity data: estimation accuracy improves by 30 percent in sprints with a pre-sprint refinement session. Making refinement mandatory recovers the time invested.","synthesis"
"To implement a retry mechanism: catch transient errors, use exponential backoff with jitter, set a max retry count, log each attempt, and surface a final error after exhaustion.","procedural"
"To implement search: choose full-text or vector search based on the use case, index the relevant fields, implement query parsing, rank results, and add pagination.","procedural"
"The ops metrics and the on-call rotation data show: the team is responding to 14 pages per week on average. A threshold review eliminates 60 percent of non-actionable alerts and restores engineering focus.","synthesis"
"The content performance and the keyword gap analysis together show: we have strong coverage for problem-aware keywords but no content for solution-aware buyers. Adding 4 comparison pages captures the mid-funnel gap.","synthesis"
"After reviewing the experiment data and the product analytics: the feature launch lifted activation by 18 percent but had zero effect on retention. Activation is not the problem — engagement is.","synthesis"
"Cross-referencing the sales pipeline and the customer health data: high-health accounts are generating 3x more expansion revenue than low-health ones. Shifting CSM time from new onboarding to expansion upsell maximizes NRR.","synthesis"
"The board's consistent questions about go-to-market execution and the pipeline data together suggest: the product is not the bottleneck — distribution is. Every engineer hour on product is opportunity cost against sales capacity.","synthesis"
"After reviewing the annotation guidelines, the inter-rater agreement scores, and the model error analysis: agreement below 0.7 correlates directly with model errors. Revising the guideline for ambiguous cases recovers 4 points of F1.","synthesis"
"Combining the incident frequency data and the deployment cadence: incidents spike 3x in the 48 hours after a release. Adding automated smoke tests post-deploy detects regressions before users report them.","synthesis"
"The product usage data and the expansion revenue cohort together show: accounts that use the API have 2x higher expansion revenue than UI-only accounts. Prioritizing developer onboarding increases LTV without changing the product.","synthesis"
"After reviewing the patent filing and the competitive IP analysis: two claims overlap with an existing patent. Narrowing the claims to the novel retrieval architecture eliminates the conflict and maintains the core protection.","synthesis"
"Cross-referencing the engineering sprint data and the product roadmap: the technical debt backlog is consuming 35 percent of capacity. Scheduling a dedicated debt sprint every 6 weeks returns that capacity without sacrificing feature velocity.","synthesis"
"The regulatory feedback and the trial data together suggest: the FDA is unlikely to accept the primary endpoint definition as written. Revising it to align with the existing guidance document reduces review risk significantly.","synthesis"
"After synthesizing the investor pipeline, the term sheet terms, and the competitive VC landscape: the current market conditions favor convertible notes over priced rounds. Structuring the bridge as a SAFE with a cap preserves flexibility.","synthesis"
"Reviewing the onboarding analytics and the CSM interview data: the biggest drop-off is not at signup but at the second session. Users who don't return within 48 hours rarely convert. An automated day-2 nudge is the highest-leverage intervention.","synthesis"
"Combining the content performance data and the social listening analysis: our brand is associated with 'complex' and 'technical'. Simplifying the homepage copy and adding a 60-second explainer video addresses the perception gap.","synthesis"
"After reviewing the model's output distribution and the production error logs: the classifier is over-confident on low-frequency classes. Calibrating the confidence scores with temperature scaling improves downstream decision-making.","synthesis"
"The competitive win/loss data and the sales call recordings together reveal: we lose on integration depth, not on price. Building two more native integrations with top-requested tools closes 40 percent of competitive losses.","synthesis"
"Cross-referencing the support ticket resolution times and the team capacity: first-response time exceeds the SLA 30 percent of the time during peak hours. Adding async triage shifts the load without increasing headcount.","synthesis"
"After reviewing the clinical data and the regulatory precedent: the endpoint definition aligns with three recently approved drugs in the indication. Leading with precedent in the briefing document reduces FDA uncertainty.","synthesis"
"The quarterly cohort data and the pricing model together show: users on the annual plan have 22 percent higher feature adoption. Higher adoption predicts higher renewal. The annual plan is a retention intervention, not just a cash flow one.","synthesis"
"Synthesizing the market research, the competitive pricing analysis, and the unit economics: the freemium tier is subsidizing the wrong users. Restricting the free tier to a single project converts the right customers without reducing growth.","synthesis"
"After reviewing the infrastructure cost breakdown and the traffic patterns: 40 percent of S3 egress is serving cached files that could be fronted by CloudFront. Adding a CDN layer eliminates the cost without touching application code.","synthesis"
"The game balance data and the player feedback together suggest: the end-game economy is too deflationary — top players are hoarding currency rather than spending it. Introducing a time-limited sink mechanic restores spending without inflating the economy.","synthesis"
"Cross-referencing the content funnel analytics and the conversion data: users who read three or more articles convert at 12x the rate of single-article readers. Building an internal linking strategy to encourage multi-article sessions is the highest-leverage SEO change.","synthesis"
"After reviewing the hiring data and the team performance metrics: engineers hired from referrals ramp 30 percent faster and have 40 percent lower first-year attrition. Investing in the referral bonus program has the best CAC of any recruiting channel.","synthesis"
"The regulatory environment and the IP landscape together show: the biosimilar pathway is available for the lead compound. A biosimilar strategy reaches patients faster and at lower development cost than a novel drug application.","synthesis"
"Combining the feature usage data and the customer feedback: the most-used feature is not the one we built last quarter — it is a two-year-old feature that has had no investment. Modernizing it delivers more value than any new feature on the roadmap.","synthesis"
"After reviewing the MLOps pipeline and the model performance trends: model performance degrades by 3 percent over 90 days without retraining. Setting up automated retraining triggered by performance thresholds maintains production quality without manual intervention.","synthesis"
"The three failed A/B tests this quarter all share a pattern: they tested UI changes when the underlying problem was a workflow problem. Reorienting the experiment roadmap toward workflow hypotheses increases the likelihood of finding real improvements.","synthesis"
"Cross-referencing the legal risk assessment and the product roadmap: the data retention feature carries regulatory compliance risk under GDPR Article 17. Building right-to-erasure support in parallel eliminates the compliance gap before it becomes a blocker.","synthesis"
"After synthesizing the talent market data, the compensation benchmarks, and the retention data: the company is 15 percent below market for senior engineers. A targeted compensation review for the 10 highest-risk individuals costs less than one replacement.","synthesis"
"The go-to-market data and the product analytics together show: users acquired through content have 3x higher LTV than users acquired through paid. Shifting 40 percent of paid budget to content production improves blended CAC over a 12-month horizon.","synthesis"
"Reviewing the sprint metrics and the deployment data: the team deploys 3x per week but 80 percent of deployments happen on Fridays. Friday deploys are 5x more likely to require a weekend rollback. Enforcing a no-deploy-after-3pm-Thursday rule eliminates the pattern.","synthesis"
"After reviewing the dataset distribution and the model's precision-recall tradeoff: optimizing for precision over recall is correct for this use case — a false positive costs 10x more than a false negative. Adjusting the threshold from 0.5 to 0.7 aligns the model with business priorities.","synthesis"
"The customer health score model and the churn prediction data together reveal: churn is predictable 45 days in advance with 80 percent accuracy using just 3 signals. Building an automated intervention triggered by those signals eliminates the need for manual health scoring.","synthesis"
"Qwen3-8B SIU training completed all 1250 steps then crashed at final save because the OS disk was full.","episodic"
"Disk was resized from 32GB to 128GB to give enough room for the 16GB model merge output.","episodic"
"GGUF export failed the first time because libcurl4-openssl-dev hit an interactive apt prompt.","episodic"
"SIU Qwen3-8B merged model exported successfully as a 4.7GB Q4_K_M GGUF file.","episodic"
"The merged 15.3GB model was uploaded to AzureML and registered as siu-qwen3-8b v2.","episodic"
"After SIU training completed and VM deallocated, the guardian-training-queue cron kicked off Guardian training.","episodic"
"The Sentinel admin console was updated to use react-icons Remix Icon components with all emojis removed.","episodic"
"A registration flow was added to sentinel.guardrail.tech with birthdate collection for education tier qualification.","episodic"
"KC brute force protection was enabled with 5 failed logins triggering a 60-second lockout.","episodic"
"An Organization page was built at /org showing org name, member count, plan tier, and settings.","episodic"
"Policy saves were failing due to FK constraint between policies table and local organizations table not seeded from KC.","episodic"
"The _ensure_org_exists function was added to auto-provision local org rows when a KC org UUID is first seen.","episodic"
"Daedalus accidentally leaked internal thinking-out-loud messages into the #rlm channel during compaction.","episodic"
"The super-admin portal admin.sentinel.guardrail.tech was designed with a sentinel-super-admin KC role.","episodic"
"To export a GGUF from a merged Qwen model on a VM: install libcurl4-openssl-dev non-interactively with apt -y, then run the unsloth GGUF export script.","procedural"
"To resize an Azure VM OS disk: deallocate the VM, update the disk size in the portal, restart, then resize the filesystem with growpart and resize2fs.","procedural"
"To register a model in AzureML: upload weights via azcopy to blob storage, then call az ml model create with name, version, path, and workspace.","procedural"
"To fix a KC Organizations FK issue in Sentinel: auto-provision a minimal Organization row on first authenticated request using INSERT OR IGNORE with the KC org UUID.","procedural"
"To enable KC brute force protection: set failureFactor=5, waitIncrementSeconds=60, maxFailureWaitSeconds=900 in the realm security defenses.","procedural"
"To add rate limiting to a FastAPI app without Redis: use slowapi with a MemoryRateLimiter, apply 60/minute globally and 10/minute on auth endpoints.","procedural"
"To derive a KC organization domain from user input: slugify the org name or extract the email domain as a fallback.","procedural"
"To build a GGUF from a safetensors model: clone llama.cpp, build with cmake, run quantize with Q4_K_M on the converted f16 GGUF.","procedural"
"KC Organizations is the source of truth for org identity and membership; local tables should only store app-specific config like plan tier and content logging settings.","semantic"
"The sentinel-super-admin role is a platform-level KC role that grants cross-org access to admin.sentinel.guardrail.tech; sentinel-admin is org-scoped.","semantic"
"react-icons includes both Remix Icons (ri) and Simple Icons (si) and is tree-shaken so bundle size only grows by imported icons.","semantic"
"Users under 18 at registration are automatically assigned to the education tier which is free.","semantic"
"A Q4_K_M quantized GGUF of an 8B parameter model is approximately 4.7GB and can run on consumer hardware.","semantic"
"The SIU (Semantic Intelligence Unit) is a memory classifier that categorizes text into episodic, semantic, procedural, preference, and synthesis types.","semantic"
"The Guardian model is trained after the SIU model using the same V100 GPU in a sequential handoff via cron chain.","semantic"
"CORS for super-admin routes should be locked to admin.sentinel.guardrail.tech only with no dev bypass fallback.","semantic"
"The VM disk sizing issue during SIU training reveals that 8B model training requires at least 128GB OS disk: model weights need ~16GB, checkpoints another 15GB, and HuggingFace cache fills the rest.","synthesis"
"By using KC Organizations as the org identity source and auto-provisioning local org rows on first auth, we avoid duplicating org management logic while still storing Sentinel-specific billing config.","synthesis"
"The cron chain architecture (SIU monitor → Guardian queue) enables sequential GPU utilization without human coordination: each stage triggers the next via Discord channel posts as completion signals.","synthesis"
"Replacing all emojis with react-icons Remix Icon components in the Sentinel admin console improves visual consistency and makes the UI more professional for enterprise customers.","synthesis"
"Dooley prefers that KC Organizations mechanisms are used for org management rather than building competing local org tables.","preference"
"The preferred approach for multi-model GPU scheduling is sequential cron chains that detect completion via channel signals, not parallel execution.","preference"
"Dooley wants the Sentinel landing page to be welcoming to all ages including school-aged children, with free education tier for under-18 users.","preference"
"Internal thinking-out-loud messages should not be posted to public Discord channels; keep processing internal.","preference"
"Always run tests before merging to main.","procedural"
"Always restart the server after changing environment variables.","procedural"
"Always back up the database before running migrations.","procedural"
"Always pull the latest changes before starting new work.","procedural"
"Always verify the checksum before deploying a binary.","procedural"
"Always sanitize user input before passing it to the database.","procedural"
"Always check disk space before starting a large import job.","procedural"
"Always drain connections before shutting down the load balancer.","procedural"
"Always rotate secrets after an engineer leaves the team.","procedural"
"Always tag the release commit before publishing to npm.","procedural"
"Always run lint before committing code.","procedural"
"Always flush the cache after updating configuration.","procedural"
"Always test in staging before pushing to production.","procedural"
"Always review the diff before merging a PR.","procedural"
"Always compress logs before archiving them to S3.","procedural"
"Always verify SSL expiry before a major release.","procedural"
"Always snapshot the VM before applying OS patches.","procedural"
"Always read the migration script before running it.","procedural"
"Always run EXPLAIN ANALYZE before adding a new index.","procedural"
"Always check for open file handles before deleting a volume.","procedural"
"First create the database schema, then seed the data, then start the application.","procedural"
"First build the Docker image, then push it to the registry, then deploy.","procedural"
"First export the data, then validate it, then import to the new system.","procedural"
"First check the logs, then identify the error, then apply the fix.","procedural"
"First clone the repo, then install dependencies, then run the dev server.","procedural"
"First stop the service, then update the binary, then restart.","procedural"
"First create a feature branch, then implement the changes, then open a PR.","procedural"
"First snapshot the VM, then apply patches, then verify functionality.","procedural"
"First disable the cron job, then run the migration, then re-enable it.","procedural"
"First revoke the old API key, then distribute the new one, then verify.","procedural"
"First compress the archive, then encrypt it, then upload to cold storage.","procedural"
"First read the spec, then write the tests, then implement the feature.","procedural"
"First validate the certificate, then update the load balancer, then test.","procedural"
"First clear the Redis cache, then redeploy, then monitor for errors.","procedural"
"First export the Stripe customers, then import to the new system, then reconcile.","procedural"
"First marinate the chicken for at least 2 hours, then grill over medium heat.","procedural"
"First stretch, then warm up, then do your main workout, then cool down.","procedural"
"First write the failing test, then write the minimum code to pass it.","procedural"
"First document the API contract, share with stakeholders, then implement.","procedural"
"First back up the config, then modify it, then verify the service is healthy.","procedural"
"To fix a stale lock file, delete package-lock.json and run npm install.","procedural"
"To fix a broken migration, rollback to the previous version and apply the corrected script.","procedural"
"To fix port conflicts, kill the process using lsof -i and restart.","procedural"
"To fix CORS errors in development, add the origin to the allowlist in config.","procedural"
"To fix a hung SSH session, press Enter then tilde then dot to terminate.","procedural"
"To fix out-of-memory crashes, increase the JVM heap size in the startup script.","procedural"
"To fix SSL certificate errors, renew with certbot and reload nginx.","procedural"
"To fix Docker volume permission issues, run chown -R inside the container.","procedural"
"To fix a corrupted git repo, run git fsck and then git gc.","procedural"
"To fix slow queries, run EXPLAIN ANALYZE and add the missing index.","procedural"
"To fix a failed deployment, roll back the container to the previous image tag.","procedural"
"To fix flaky tests, isolate the test, mock external calls, and run it 10 times.","procedural"
"To fix the login loop, clear the session cookie and force a re-auth.","procedural"
"To fix broken dependencies, delete node_modules and run a fresh install.","procedural"
"To fix 403 errors on the API, check the IAM role policy and add the missing permission.","procedural"
"To fix a broken pipe error, increase the socket timeout on the client.","procedural"
"To fix disk full errors, find large files with du and clean up.","procedural"
"To fix a stale DNS record, flush the local DNS cache and retry.","procedural"
"To fix rate limiting issues, implement exponential backoff in the client.","procedural"
"To fix timezone bugs, store all timestamps as UTC and convert on display.","procedural"
"When a deployment fails, immediately rollback and notify the team.","procedural"
"When disk usage exceeds 80%, archive old logs and alert the ops team.","procedural"
"When a customer reports data loss, escalate immediately to the CTO.","procedural"
"When the CI pipeline fails, check the logs, fix the issue, and re-run.","procedural"
"When a dependency has a critical CVE, update it and deploy a patch immediately.","procedural"
"When memory usage spikes, check for memory leaks using the profiler.","procedural"
"When an API key is compromised, revoke it immediately and issue a new one.","procedural"
"When a user reports a bug, reproduce it locally before touching the code.","procedural"
"When the database connection pool is exhausted, increase max_connections.","procedural"
"When a migration fails in production, execute the rollback script and page on-call.","procedural"
"When the SSL certificate expires, renew it 30 days in advance.","procedural"
"When a new engineer joins, provision their access on day one.","procedural"
"When the build takes more than 10 minutes, investigate and optimize.","procedural"
"When tests fail on main, treat it as a P0 and fix before any new work.","procedural"
"When load spikes above threshold, trigger the auto-scaling policy.","procedural"
"When someone is grieving, show up, listen, and do not try to fix it.","procedural"
"When baby is fussy, check hunger, diaper, temperature, then stimulation.","procedural"
"When you receive feedback, listen fully before responding.","procedural"
"When turbulence hits, fasten your seatbelt and remain seated.","procedural"
"When the onions are translucent, add the garlic and cook for one more minute.","procedural"
"Step 1: Clone the repository. Step 2: Copy .env.example to .env. Step 3: Run docker-compose up.","procedural"
"Step 1: Create the IAM role. Step 2: Attach the policy. Step 3: Assign to the EC2 instance.","procedural"
"Step 1: Run database migrations. Step 2: Deploy the new container. Step 3: Verify health check.","procedural"
"Step 1: Generate the SSH key pair. Step 2: Add the public key to the server. Step 3: Test login.","procedural"
"Step 1: Export user data from Postgres. Step 2: Transform with ETL. Step 3: Import to BigQuery.","procedural"
"Step 1: Install dependencies. Step 2: Configure the environment. Step 3: Start the service.","procedural"
"Step 1: Create a PR. Step 2: Wait for CI to pass. Step 3: Get approval. Step 4: Merge.","procedural"
"Step 1: Disable traffic. Step 2: Run maintenance script. Step 3: Re-enable traffic. Step 4: Monitor.","procedural"
"Step 1: Take a VM snapshot. Step 2: Apply OS patches. Step 3: Reboot. Step 4: Verify services.","procedural"
"Step 1: Write the test. Step 2: Watch it fail. Step 3: Implement. Step 4: Watch it pass.","procedural"
"Step 1: Tag the release. Step 2: Build the artifact. Step 3: Smoke tests. Step 4: Deploy.","procedural"
"Step 1: Generate migration. Step 2: Review SQL. Step 3: Apply in staging. Step 4: Apply in prod.","procedural"
"Step 1: Preheat oven to 375F. Step 2: Mix ingredients. Step 3: Bake 25 min. Step 4: Cool.","procedural"
"Step 1: Pull latest main. Step 2: Create branch. Step 3: Commit changes. Step 4: Push and open PR.","procedural"
"Step 1: Open support ticket. Step 2: Assign to team. Step 3: Follow up within 24 hours.","procedural"
"Run docker ps to list containers, then docker logs CONTAINER_ID to inspect.","procedural"
"Use git bisect to find the commit that introduced the regression.","procedural"
"Run kubectl rollout status deployment/NAME to check if the deploy succeeded.","procedural"
"Use terraform plan before terraform apply to review changes.","procedural"
"Run VACUUM ANALYZE on the table after a large delete operation.","procedural"
"Use pg_dump to export the database, then compress with gzip.","procedural"
"Run az login, then az account set, then proceed to create the resource.","procedural"
"Use ssh-keygen -t ed25519 to create a new key pair.","procedural"
"Run curl -I to check response headers before debugging further.","procedural"
"Use grep -r to search across files, then narrow down with context flags.","procedural"
"Run pip freeze > requirements.txt after installing new packages.","procedural"
"Use rsync with --dry-run first to verify what will be transferred.","procedural"
"Run pytest with --tb=short for quick failures, --tb=long for deep debugging.","procedural"
"Use jq to parse JSON output from API calls before further processing.","procedural"
"Run htop to check CPU and memory before diagnosing performance issues.","procedural"
"Execute the rollback script, verify the service is healthy, then notify the team.","procedural"
"Compress the log files with gzip, then upload to S3 with the correct prefix.","procedural"
"Scan with trivy, review the report, patch critical findings before deploying.","procedural"
"Profile the query, identify the bottleneck, add the index, measure improvement.","procedural"
"Stop the service, update the config, start the service, verify the change took effect.","procedural"
"Configure the firewall to block all inbound traffic except ports 80, 443, and 22.","procedural"
"Parse the JWT, verify the signature, check expiry, then authorize the request.","procedural"
"Download the installer, verify the GPG signature, then run with elevated permissions.","procedural"
"Initialize git, create the .gitignore, make the first commit.","procedural"
"Register the webhook, configure the secret, test with a ping event.","procedural"
"To onboard a new user: create the account, assign the role, send the welcome email, schedule onboarding call.","procedural"
"For incident response: identify, contain, eradicate, recover, document.","procedural"
"Release process: code freeze, QA sign-off, staging deploy, stakeholder demo, production deploy.","procedural"
"Troubleshoot networking: check ping, then traceroute, then firewall rules, then DNS.","procedural"
"When handling a data breach: notify CTO, assess scope, revoke compromised creds, notify users.","procedural"
"Backup procedure: dump database, compress, encrypt, upload to S3, verify, send notification.","procedural"
"Post-mortem process: timeline first, root cause second, action items third, share within 48 hours.","procedural"
"To migrate a service: deploy alongside, test, shift traffic gradually, decommission old.","procedural"
"For code review: check logic first, then style, then security, then performance.","procedural"
"To add a new API endpoint: define route, write handler, add tests, update docs.","procedural"
"Setup flow: provision infra, configure DNS, deploy application, verify health, enable monitoring.","procedural"
"For on-call handoff: review open incidents, update runbook, brief incoming engineer.","procedural"
"If the service is unresponsive: restart it, check the logs, look for OOM events.","procedural"
"For debugging auth failures: inspect the token, decode the JWT, check claims.","procedural"
"To debug slow API responses: trace request, check DB query times, profile middleware.","procedural"
"If builds are failing: clear the cache, check dependency versions, review recent changes.","procedural"
"To recover a dropped table: restore from the most recent snapshot, apply transaction log.","procedural"
"To scale down: redirect traffic, drain instances, terminate, update auto-scaling config.","procedural"
"To enable TLS: generate cert, configure nginx, test with openssl s_client, reload nginx.","procedural"
"Diagnose memory leak: take heap dump, analyze with profiler, find the retained objects.","procedural"
"For a failed transaction: check the error code, retry with backoff, alert if it persists.","procedural"
"Ship behind a feature flag, monitor for 24 hours, then remove the flag or roll back.","procedural"
"Run load tests in staging before every major release.","procedural"
"For a new hire: provision laptop, set up accounts, assign mentor, schedule onboarding sessions.","procedural"
"After each sprint, archive completed tasks and clear the backlog of closed items.","procedural"
"Simmer the broth for 20 minutes, skimming foam, before adding vegetables.","procedural"
"Preheat the oven to 375F, then bake for 25 minutes until golden brown.","procedural"
"Knead the dough for 10 minutes, cover, let rise for 1 hour, then shape.","procedural"
"To make espresso: grind beans fresh, tamp at 30lbs, pull for 25 to 30 seconds.","procedural"
"Deglaze the pan with white wine after browning the meat, then add stock.","procedural"
"To proof yeast: dissolve in warm water, add sugar, wait 10 minutes for foam.","procedural"
"Bath time before bed always — it signals sleep to the brain.","procedural"
"Brush teeth first, then floss, then mouthwash.","procedural"
"To calm a panic attack: breathe in for 4, hold for 7, out for 8.","procedural"
"To parallel park: align with the car ahead, reverse at 45 degrees, then straighten.","procedural"
"Check in online 24 hours before departure to secure seat selection.","procedural"
"At customs: fill the form on the plane, have passport ready, declare everything.","procedural"
"Apply sunscreen 30 minutes before going outdoors, reapply every 2 hours.","procedural"
"Feed the dog before leaving in the morning.","procedural"
"Change the oil every 5,000 miles or 6 months, whichever comes first.","procedural"
"Send a thank-you note within 24 hours of the interview.","procedural"
"Apply ice for the first 48 hours after a sprain, then switch to heat.","procedural"
"Take the medication with food to avoid nausea.","procedural"
"To break a bad habit, replace it with an incompatible good one at the same cue.","procedural"
"Deploy on Tuesdays or Wednesdays — never on Fridays.","procedural"
"Verify the fix in production immediately after deployment.","procedural"
"Update the changelog before merging, not after.","procedural"
"Set up 2FA for every account that supports it.","procedural"
"Submit the expense report by end of month with receipts attached.","procedural"
"Document every architectural decision in an ADR before implementation.","procedural"
"Enable debug logging, reproduce the bug, capture output, then disable logging.","procedural"
"Set the environment variable, source the profile, then run the command.","procedural"
"Create the namespace, apply the deployment manifest, expose the service, verify pods.","procedural"
"Measure performance before and after every optimization.","procedural"
"Remove dead code before merging a feature branch.","procedural"
"Review PRs within one business day of assignment.","procedural"
"Floss before brushing for better plaque removal.","procedural"
"Check tire pressure monthly and before long road trips.","procedural"
"Foam roll before stretching, not after.","procedural"
"Charge the phone to 80%, not 100%, to preserve battery longevity.","procedural"
"Rest the meat for 10 minutes after cooking before slicing.","procedural"
"Toast the spices in a dry pan before grinding for maximum flavor.","procedural"
"When making risotto, add stock one ladle at a time and stir constantly.","procedural"
"Shock blanched vegetables in ice water to stop cooking and preserve color.","procedural"
"Pat the meat dry before searing — moisture prevents browning.","procedural"
"Add acid at the end of cooking to preserve brightness.","procedural"
"Season in layers throughout cooking, not just at the end.","procedural"
"Press tofu for 30 minutes before cooking to remove excess moisture.","procedural"
"Rest bread for at least 30 minutes after baking before slicing.","procedural"
"Cool a cake completely before frosting it.","procedural"
"Before an international trip: notify your bank, get travel insurance, copy your passport.","procedural"
"For CPR: 30 chest compressions, then 2 rescue breaths, repeat.","procedural"
"To treat a burn: cool with running water for 20 minutes, do not use ice.","procedural"
"When taking antibiotics, complete the full course even if you feel better.","procedural"
"To improve at chess: study endgames first, then openings, then middlegame tactics.","procedural"
"I always prefer Postgres over MySQL for any new project.","preference"
"I always prefer async APIs over sync ones.","preference"
"I always prefer typed languages over dynamic ones.","preference"
"I always prefer pull requests over direct pushes.","preference"
"I always prefer dark theme for everything.","preference"
"I always prefer explicit over implicit in code.","preference"
"I always prefer fewer dependencies over more.","preference"
"I always prefer integration tests for critical paths.","preference"
"I always prefer Rust for anything performance-sensitive.","preference"
"I always prefer verbose commit messages over terse ones.","preference"
"I always prefer monorepos for tightly coupled services.","preference"
"I always prefer self-hosted over SaaS for sensitive data.","preference"
"I always prefer boring technology in production.","preference"
"I always prefer structured logging over free-form text.","preference"
"I always prefer building small and iterating.","preference"
"I prefer Rust over Go for systems programming.","preference"
"I prefer async/await over callbacks everywhere.","preference"
"I prefer Vim over VS Code for most editing tasks.","preference"
"I prefer fewer abstractions — YAGNI applies to design patterns too.","preference"
"I prefer to handle errors at the boundary, not deep in the stack.","preference"
"We should use Rust for the hot path, not Python.","preference"
"We should use environment variables for config, not hardcoded values.","preference"
"We should use feature flags for all major releases.","preference"
"We should avoid ORMs for complex queries — raw SQL only.","preference"
"We should keep the codebase boring and predictable, not clever.","preference"
"We should bias toward fewer, larger PRs over many tiny ones.","preference"
"We should use Conventional Commits for all commit messages.","preference"
"We should prefer immutable data structures.","preference"
"We should use UTC everywhere, never local time in the backend.","preference"
"We should lean on the type system rather than runtime checks.","preference"
"We should avoid third-party packages for things we can build in 50 lines.","preference"
"We should bias toward deletion over abstraction when code gets complex.","preference"
"We should use snake_case for Python and camelCase for JS — no mixing.","preference"
"We should keep services small and focused, one job each.","preference"
"We should default to private methods and only expose what is necessary.","preference"
"Never use GitHub Actions. Period.","preference"
"Never use eval in production code. Ever.","preference"
"Never store plaintext passwords. Non-negotiable.","preference"
"Never deploy on Fridays. That is a rule.","preference"
"Never use wildcard imports. No exceptions.","preference"
"Never commit secrets to the repo. Zero tolerance.","preference"
"Never use SELECT star. Always name your columns.","preference"
"Never bypass code review for hotfixes.","preference"
"Never use any in TypeScript if you can avoid it.","preference"
"Never use tabs. Spaces only.","preference"
"Never push to main directly. Branch and PR every time.","preference"
"Never use floating-point for money. Use integers.","preference"
"Never log PII, not even in debug mode.","preference"
"Never use mutable global state.","preference"
"Never ship without a rollback plan.","preference"
"Code review is non-negotiable, even for one-liners.","preference"
"End-to-end encryption is non-negotiable for customer data.","preference"
"Dark mode is non-negotiable.","preference"
"Typed APIs are non-negotiable going forward.","preference"
"Documentation is non-negotiable before shipping a public API.","preference"
"Test coverage above 80% is non-negotiable.","preference"
"Semantic versioning is non-negotiable.","preference"
"Audit logs are non-negotiable for compliance features.","preference"
"Zero downtime deploys are non-negotiable for production.","preference"
"HTTPS everywhere is non-negotiable.","preference"
"Two-factor auth is non-negotiable on all admin accounts.","preference"
"Canary deploys are mandatory before full rollout.","preference"
"No Vercel. We deploy to Azure Container Apps.","preference"
"No emoji in commit messages.","preference"
"No console.log left in production code.","preference"
"No magic numbers — everything gets a named constant.","preference"
"No inline styles. CSS modules only.","preference"
"No untyped JavaScript in this repo.","preference"
"No microservices until the monolith breaks under real load.","preference"
"No MongoDB for relational data. Postgres or bust.","preference"
"No Slack integrations — Discord only.","preference"
"No meetings before 10am.","preference"
"No new dependencies without a team discussion.","preference"
"No framework lock-in on the core business logic.","preference"
"No class components — hooks only.","preference"
"No abbreviations in variable names unless industry standard.","preference"
"No ORM in the data layer — I want to see the SQL.","preference"
"No Jira. We use GitHub Issues.","preference"
"No design docs for changes under 200 lines.","preference"
"No pair programming for solo spikes.","preference"
"Docker Compose over Kubernetes for anything under 10 services.","preference"
"I will take correctness over speed in application code every time.","preference"
"I strongly prefer async messaging over synchronous HTTP for inter-service comms.","preference"
"Function over form — ugly but correct beats beautiful but broken.","preference"
"I would rather have a slow CI that is reliable than a fast one that flakes.","preference"
"Small focused repos are better than a single massive monorepo.","preference"
"I like explicit dependency injection, no service locators.","preference"
"TypeScript strict mode, always.","preference"
"I prefer named exports over default exports.","preference"
"My rule is: always handle the error, never swallow it silently.","preference"
"I like long tests with clear setup and assertion sections over one-liners.","preference"
"I want semantic HTML — structure should match meaning.","preference"
"I would rather over-document than under-document.","preference"
"My rule: if it is not tested, it does not exist.","preference"
"I like my code reviews thorough but not nitpicky.","preference"
"I like verbose variable names — clarity over brevity.","preference"
"My preference is trunk-based development, not long-lived branches.","preference"
"I would rather have explicit config than magic conventions.","preference"
"I prefer to keep functions under 20 lines.","preference"
"I prefer to avoid inheritance in favor of composition.","preference"
"I prefer to review all PRs myself before anything merges.","preference"
"Tabs not spaces, fight me.","preference"
"Dark mode or nothing.","preference"
"I hate sprint planning but love retrospectives.","preference"
"I value ownership over salary.","preference"
"I prefer working at small companies over big ones.","preference"
"Bootstrapped over VC-funded.","preference"
"Profitability first.","preference"
"Paid from day one — no free tiers.","preference"
"B2B over B2C for sustainable margins.","preference"
"I prefer morning workouts over evening ones.","preference"
"Coffee before anything else in the morning.","preference"
"I would rather cook at home than eat out during the week.","preference"
"I always prefer window seats on flights.","preference"
"I prefer running outside over treadmills.","preference"
"I like stealth builds over tank builds in any RPG.","preference"
"I prefer solo travel over group tours.","preference"
"I like my steak medium-rare, always.","preference"
"I will always take audiobooks over podcasts on long drives.","preference"
"I prefer cities with good public transit over car-dependent ones.","preference"
"I always choose the aisle seat, never the middle.","preference"
"I prefer minimalist decor — less is more.","preference"
"I like long-form writing over tweets.","preference"
"I prefer silence when working, no background music.","preference"
"I like cats over dogs — lower maintenance, same companionship.","preference"
"Cold brew over hot coffee in summer.","preference"
"I prefer documentaries over fiction films.","preference"
"Jazz for focus, metal for energy.","preference"
"I would rather read the book than watch the adaptation.","preference"
"I prefer to work in 90-minute focused blocks.","preference"
"Mechanical keyboards only.","preference"
"I prefer async communication over synchronous meetings.","preference"
"I like remote work but miss whiteboard sessions.","preference"
"I would rather over-communicate than under-communicate.","preference"
"I like standing desks but only use them about 30% of the time.","preference"
"I prefer paying more for quality over buying cheap stuff twice.","preference"
"I like team lunches but not mandatory fun events.","preference"
"I prefer direct feedback over sugar-coated criticism.","preference"
"I value sleep over late-night productivity sessions.","preference"
"I prefer cooking elaborate meals on weekends and simple ones during the week.","preference"
"The EU AI Act requires transparency for high-risk AI systems.","semantic"
"HIPAA requires covered entities to encrypt patient data at rest.","semantic"
"GDPR requires companies to respond to data subject requests within 30 days.","semantic"
"SOC 2 Type II requires continuous monitoring, not just a point-in-time audit.","semantic"
"PCI-DSS requires cardholder data to be encrypted in transit.","semantic"
"The CCPA requires businesses to disclose what personal data they collect.","semantic"
"ADA compliance requires websites to meet WCAG 2.1 AA accessibility standards.","semantic"
"FERPA requires schools to get consent before releasing student records.","semantic"
"The SEC requires public companies to disclose material cybersecurity incidents.","semantic"
"ISO 27001 requires a documented information security management system.","semantic"
"The FTC Act requires companies to honor their stated privacy policies.","semantic"
"Basel III requires banks to maintain minimum capital adequacy ratios.","semantic"
"OSHA requires employers to provide a safe workplace free from recognized hazards.","semantic"
"The COPPA requires parental consent for collecting data from children under 13.","semantic"
"FISMA requires federal agencies to implement information security programs.","semantic"
"SOX requires publicly traded companies to maintain auditable financial controls.","semantic"
"DORA requires financial entities in the EU to test their digital operational resilience.","semantic"
"NIST SP 800-171 requires protection of controlled unclassified information.","semantic"
"The FDA requires food manufacturers to list ingredients in descending order by weight.","semantic"
"Building codes require egress windows in basement bedrooms.","semantic"
"PostgreSQL requires a connection string with host, port, dbname, and user.","semantic"
"OAuth 2.0 requires a client ID, client secret, and redirect URI.","semantic"
"TLS 1.3 requires perfect forward secrecy.","semantic"
"ONNX Runtime requires the model to be in ONNX format.","semantic"
"Kubernetes requires etcd for cluster state storage.","semantic"
"Docker requires the Docker daemon to be running on the host.","semantic"
"HTTPS requires a valid SSL/TLS certificate signed by a trusted CA.","semantic"
"JWT authentication requires the server to verify the signature.","semantic"
"GraphQL requires a schema definition before queries can be executed.","semantic"
"Rust requires all variables to be initialized before use.","semantic"
"SSH key-based auth requires the public key to be in authorized_keys.","semantic"
"gRPC requires proto files to define the service contract.","semantic"
"Redis Cluster requires a minimum of 3 master nodes.","semantic"
"Terraform requires state to be stored before applying changes.","semantic"
"Python virtual environments require activation before use.","semantic"
"CORS requires the server to include the Access-Control-Allow-Origin header.","semantic"
"WebSockets require an HTTP upgrade handshake to establish the connection.","semantic"
"Kafka required ZooKeeper for cluster coordination before version 3.0.","semantic"
"LLMs require tokenization of input text before inference.","semantic"
"SAML requires XML metadata to be exchanged between IdP and SP.","semantic"
"A valid JSON string must be enclosed in double quotes.","semantic"
"In HTTP/1.1, the Host header must be present in every request.","semantic"
"A Bitcoin transaction must be signed with the sender's private key.","semantic"
"In Rust, mutable references must not alias.","semantic"
"An ACID transaction must be atomic, consistent, isolated, and durable.","semantic"
"In Go, exported identifiers must begin with an uppercase letter.","semantic"
"A valid IPv4 address must have four octets, each between 0 and 255.","semantic"
"RSA keys must be at least 2048 bits to be considered secure today.","semantic"
"In Python, indentation must be consistent within a code block.","semantic"
"DNS A records must map a hostname to an IPv4 address.","semantic"
"HTTP/2 requires multiplexing over a single TCP connection.","semantic"
"Bcrypt hashes must include the salt in the output.","semantic"
"In SQL, foreign keys must reference a unique or primary key column.","semantic"
"A Dockerfile must start with a FROM instruction.","semantic"
"In YAML, indentation must use spaces, not tabs.","semantic"
"In C, strings must be null-terminated.","semantic"
"A valid passport must have at least 6 months validity for most international travel.","semantic"
"In chess, a player must move out of check.","semantic"
"Federal law requires that employers provide at least minimum wage.","semantic"
"CPR should be administered at a rate of 100 to 120 compressions per minute.","semantic"
"According to RFC 7231, HTTP GET requests should be safe and idempotent.","semantic"
"The spec says the retry interval should implement exponential backoff.","semantic"
"Best practice dictates that passwords should be hashed with bcrypt, not MD5.","semantic"
"The OpenAPI spec says responses should include a description field.","semantic"
"The W3C recommends that HTML documents should include a lang attribute.","semantic"
"RFC 6749 specifies that the state parameter should be used to prevent CSRF.","semantic"
"The Twelve-Factor App methodology says config should be stored in the environment.","semantic"
"In REST design, resource names should be plural nouns.","semantic"
"The CAP theorem states a distributed system can only guarantee two of three properties.","semantic"
"Amdahl's Law states that parallelism speedup is limited by the serial fraction.","semantic"
"In cryptography, a nonce should be used only once.","semantic"
"The OSI model has seven layers, from physical to application.","semantic"
"TCP guarantees ordered, reliable delivery; UDP does not.","semantic"
"Immutable infrastructure means servers are replaced, not updated in place.","semantic"
"A 401(k) requires the account holder to start withdrawals at age 73.","semantic"
"In aviation, pilots must log a certain number of hours before flying commercially.","semantic"
"Marathon courses must be certified to ensure accurate 26.2 mile distance.","semantic"
"A notarized document must bear the notary seal and signature.","semantic"
"A valid contract requires offer, acceptance, and consideration.","semantic"
"In real estate, a deed must be recorded to be enforceable against third parties.","semantic"
"PostgreSQL supports JSONB columns for semi-structured data storage.","semantic"
"ONNX Runtime is an inference engine for ONNX models.","semantic"
"Rust's borrow checker prevents data races at compile time.","semantic"
"MiniLM-L6-v2 outputs 384-dimensional embeddings.","semantic"
"Azure Container Apps scale to zero when idle.","semantic"
"ZK-STARKs do not require a trusted setup, unlike ZK-SNARKs.","semantic"
"Sulcus means a groove or furrow, especially in the brain.","semantic"
"Tokyo's subway closes between midnight and 5am on most lines.","semantic"
"Cats are obligate carnivores and cannot synthesize taurine from plant sources.","semantic"
"Free will is the philosophical concept that agents have the capacity to choose.","semantic"
"The speed of light in a vacuum is approximately 299,792 kilometers per second.","semantic"
"Mitochondria are the powerhouse of the cell.","semantic"
"Compound interest grows exponentially, while simple interest grows linearly.","semantic"
"A byte consists of 8 bits.","semantic"
"The median is more robust than the mean in the presence of outliers.","semantic"
"In machine learning, overfitting occurs when a model memorizes training data.","semantic"
"Vector embeddings represent semantic meaning as points in high-dimensional space.","semantic"
"Latency is typically measured in milliseconds; throughput in requests per second.","semantic"
"The stock market has historically returned approximately 7% annually after inflation.","semantic"
"Insulin resistance is a key feature of Type 2 diabetes.","semantic"
"The Treaty of Versailles was signed in 1919 ending World War I.","semantic"
"Supply curves slope upward because higher prices incentivize greater production.","semantic"
"Neurons communicate via electrochemical signals across synapses.","semantic"
"Maillard reaction is responsible for browning in cooked meat.","semantic"
"Gluten forms when flour proteins combine with water during kneading.","semantic"
"Yeast produces CO2 and alcohol during fermentation.","semantic"
"Capsaicin is the compound that makes chili peppers hot.","semantic"
"Umami is the fifth basic taste alongside sweet, salty, sour, and bitter.","semantic"
"Attachment theory describes how early relationships shape emotional bonds.","semantic"
"Cognitive dissonance is the discomfort of holding conflicting beliefs.","semantic"
"Confirmation bias is the tendency to seek information that confirms existing beliefs.","semantic"
"The Schengen Area allows free movement across 27 European countries.","semantic"
"The Trans-Siberian Railway is the longest railway in the world at 9,289 km.","semantic"
"Altitude sickness can occur above 2,500 meters.","semantic"
"The human heart beats approximately 100,000 times per day.","semantic"
"Type 1 diabetes is an autoimmune condition; Type 2 is primarily metabolic.","semantic"
"Aerobic exercise improves cardiovascular fitness; anaerobic builds muscle strength.","semantic"
"Vitamin D is synthesized by the skin in response to sunlight.","semantic"
"Antibiotics are ineffective against viral infections.","semantic"
"Sleep is essential for memory consolidation.","semantic"
"A regulation basketball court is 94 feet long and 50 feet wide.","semantic"
"The marathon distance of 26.2 miles dates back to the 1908 London Olympics.","semantic"
"Formula 1 cars can generate up to 5G of lateral force in corners.","semantic"
"A standard guitar has 6 strings tuned E-A-D-G-B-E.","semantic"
"Jazz is characterized by improvisation, syncopation, and blue notes.","semantic"
"Beethoven composed his Ninth Symphony while almost completely deaf.","semantic"
"Cats are obligate carnivores and cannot synthesize taurine.","semantic"
"Dogs are descended from the grey wolf domesticated thousands of years ago.","semantic"
"The United States has a bicameral legislature: the Senate and the House.","semantic"
"The UN Security Council has 5 permanent members with veto power.","semantic"
"The Electoral College determines the US presidential election.","semantic"
"The P/E ratio compares a stock price to its earnings per share.","semantic"
"Bonds are inversely related to interest rates.","semantic"
"Index funds track a market index and typically outperform active funds over time.","semantic"
"Utilitarianism judges actions by their consequences for overall well-being.","semantic"
"Kant's categorical imperative says act only according to maxims you would universalize.","semantic"
"Descartes' cogito is I think therefore I am.","semantic"
"Stoicism holds that virtue is the only true good.","semantic"
"Object permanence develops in infants around 8 to 12 months.","semantic"
"The Montessori method emphasizes child-led learning in a prepared environment.","semantic"
"Children's language acquisition peaks before age 5.","semantic"
"Chess has approximately 10 to the power of 120 possible game positions.","semantic"
"Dungeons and Dragons was first published in 1974 by Gary Gygax and Dave Arneson.","semantic"
"Most competitive games run at 60 frames per second or higher.","semantic"
"Roguelikes feature procedurally generated levels and permadeath.","semantic"
"MOBA stands for Multiplayer Online Battle Arena.","semantic"
"Tabs not spaces.","preference"
"Dark theme only.","preference"
"No emoji in code.","preference"
"Postgres not MySQL.","preference"
"Rust over Go always.","preference"
"Spaces not tabs.","preference"
"TypeScript only no plain JS.","preference"
"Static over dynamic typing.","preference"
"Monolith first microservices never.","preference"
"Tests before code always.","preference"
"Composition over inheritance.","preference"
"Functions over classes.","preference"
"Simplicity beats cleverness.","preference"
"Readability beats performance unless proven otherwise.","preference"
"Boring tech in production.","preference"
"SQL beats NoSQL for structured data.","preference"
"Vim over Emacs full stop.","preference"
"Linux over macOS for server work.","preference"
"Open source over proprietary always.","preference"
"Async over sync APIs.","preference"
"REST over GraphQL for simple APIs.","preference"
"Docker Compose beats Kubernetes for small teams.","preference"
"GitHub over GitLab.","preference"
"Discord over Slack for dev teams.","preference"
"Tailwind over custom CSS for prototyping.","preference"
"Next.js over Create React App.","preference"
"Vite over Webpack.","preference"
"Python for ML Rust for systems TypeScript for web.","preference"
"Remote work beats office work.","preference"
"Async communication beats synchronous meetings.","preference"
"Written docs beat verbal explanations.","preference"
"OKRs over KPIs for goal-setting.","preference"
"Flat org structures over hierarchical ones.","preference"
"Strong opinions loosely held.","preference"
"Ship early iterate fast.","preference"
"Done is better than perfect.","preference"
"Consistency beats intensity.","preference"
"Systems beat goals.","preference"
"Sleep is the highest leverage productivity tool.","preference"
"Deep work blocks over context switching all day.","preference"
"Long-form reading beats scrolling social media.","preference"
"Books over podcasts for depth.","preference"
"Experiences over things.","preference"
"Travel light pack half what you think you need.","preference"
"Lifting beats cardio for body composition.","preference"
"Free weights over machines.","preference"
"Coffee is fine energy drinks are not.","preference"
"Red wine beats white wine.","preference"
"Paper books over e-readers for retention.","preference"
"Noise-canceling headphones are worth every penny.","preference"
"Mechanical keyboards are objectively better.","preference"
"MacBook over ThinkPad for daily use.","preference"
"iPhone over Android for privacy.","preference"
"Cats are better pets than dogs for developers.","preference"
"Mountains beat beaches.","preference"
"Winter beats summer.","preference"
"Rain is better than sun for productivity.","preference"
"Cities over suburbs.","preference"
"Index funds beat stock picking.","preference"
"Crypto is speculative not investment.","preference"
"Frugality beats high income for wealth building.","preference"
"Passive income beats active income at scale.","preference"
"Equity beats salary at early-stage startups.","preference"
"B2B beats B2C for sustainable margins.","preference"
"Subscriptions beat one-time sales for revenue stability.","preference"
"Bootstrapped companies have better culture than VC-backed ones.","preference"
"Remote-first companies outperform office-first ones on talent.","preference"
"Smaller teams ship faster than larger ones.","preference"
"Fewer features maintained well beats more features maintained poorly.","preference"
"Convention over configuration is usually better.","preference"
"Zero dependencies is a feature not a limitation.","preference"
"A working prototype beats a perfect spec every time.","preference"
"Two-pizza teams are the right size for most projects.","preference"
"Customer interviews beat surveys for discovering real problems.","preference"
"Pricing too low is a bigger mistake than pricing too high.","preference"
"Enterprise sales cycles kill more startups than competition.","preference"
"Product-led growth beats sales-led growth at scale.","preference"
"Cold email beats inbound for early B2B sales.","preference"
"LinkedIn is overrated for developer marketing.","preference"
"Community beats advertising for developer tools.","preference"
"Open source is the best marketing for infrastructure products.","preference"
"Documentation is the best sales tool for technical products.","preference"
"Demo videos convert better than feature lists.","preference"
"Case studies convert better than testimonials.","preference"
"Annual plans are always better than monthly for CAC payback.","preference"
"Freemium beats free trial for PLG products.","preference"
"Net Revenue Retention matters more than new ARR in SaaS.","preference"
"Churn rate is the most important metric nobody watches.","preference"
"The bottleneck is almost always sales not product.","preference"
"Hiring is the most leveraged activity for a founder.","preference"
"Firing slowly is the most common leadership mistake.","preference"
"Culture is strategy made visible.","preference"
"The best engineers are 10x not because they code faster but because they solve better problems.","preference"
"Code is a liability not an asset.","preference"
"The best documentation is no documentation — the code is clear.","preference"
"Tests are documentation that runs.","preference"
"The best refactor is deletion.","preference"
"Performance optimization without profiling is guesswork.","preference"
"Security is a feature not an afterthought.","preference"
"deploy crashed again","episodic"
"prod went down at 3am","episodic"
"released v2.1 today","episodic"
"meeting ran long","episodic"
"closed the deal","episodic"
"server timed out","episodic"
"build failed again","episodic"
"PR got merged","episodic"
"DB locked up","episodic"
"lost the client","episodic"
"hired a new dev","episodic"
"API returned 500","episodic"
"pipeline broke overnight","episodic"
"she called back","episodic"
"signed the contract","episodic"
"token expired mid-demo","episodic"
"migration took 4 hours","episodic"
"DNS propagated finally","episodic"
"it worked in staging","episodic"
"lost 2 hours to a bug","episodic"
"certs expired in prod","episodic"
"test passed on first try","episodic"
"got a $500 AWS bill","episodic"
"server went OOM","episodic"
"found the memory leak","episodic"
"it crashed immediately","episodic"
"got rejected by the investor","episodic"
"shipped the hotfix","episodic"
"customer churned today","episodic"
"rollback succeeded","episodic"
"new signup from Japan","episodic"
"my laptop died mid-demo","episodic"
"the interview went well","episodic"
"git conflict resolved","episodic"
"finally onboarded the user","episodic"
"the meeting was cancelled","episodic"
"got a 1-star review","episodic"
"broke prod with a typo","episodic"
"kubernetes crashed","episodic"
"missed the deadline","episodic"
"deployed to the wrong env","episodic"
"got the refund approved","episodic"
"network was down all morning","episodic"
"code review took 3 days","episodic"
"the concert was incredible","episodic"
"she said yes","episodic"
"the match went to overtime","episodic"
"flight was delayed 4 hours","episodic"
"missed my connection","episodic"
"ran my first 10K","episodic"
"dog got into the trash","episodic"
"the soufflé collapsed","episodic"
"burned the roast","episodic"
"kid's school called","episodic"
"got pulled over","episodic"
"fender bender this morning","episodic"
"cat knocked over the coffee","episodic"
"power went out","episodic"
"package arrived damaged","episodic"
"landlord raised the rent","episodic"
"lease signed yesterday","episodic"
"job offer came in","episodic"
"got a raise","episodic"
"quit the job today","episodic"
"the demo bombed","episodic"
"presentation went well","episodic"
"passed the exam","episodic"
"failed the driving test","episodic"
"just broke up","episodic"
"back from vacation","episodic"
"moved into the new place","episodic"
"basement flooded","episodic"
"AC broke in July","episodic"
"water heater died","episodic"
"hit a PR in the gym","episodic"
"scored in extra time","episodic"
"team lost in the finals","episodic"
"guitar string broke mid-solo","episodic"
"the guitarist shredded it","episodic"
"bill passed 52-48 on Thursday","episodic"
"the senator resigned","episodic"
"the stock tanked today","episodic"
"market crashed at open","episodic"
"sold the position at a loss","episodic"
"coin hit ATH overnight","episodic"
"client ghosted after the demo","episodic"
"pitch deck bombed","episodic"
"VC passed on us","episodic"
"first paying customer today","episodic"
"got our first refund request","episodic"
"product hunt dropped us early","episodic"
"got featured in a newsletter","episodic"
"article went viral","episodic"
"tweet blew up overnight","episodic"
"got shadow banned","episodic"
"account got suspended","episodic"
"reached 1k followers","episodic"
"passed 10k monthly active users","episodic"
"launch was quieter than expected","episodic"
"finally pushed to prod","episodic"
"staging deploy worked","episodic"
"integration tests all green","episodic"
"PR reviews took all week","episodic"
"sprint retrospective was brutal","episodic"
"on-call woke me at 4am","episodic"
"alert fired but nothing broke","episodic"
"the backup worked","episodic"
"restore succeeded","episodic"
"feature flag enabled in prod","episodic"
"A/B test ended early","episodic"
"experiment was inconclusive","episodic"
"user research session today","episodic"
"competitor released new pricing","episodic"
"got a cold email from a recruiter","episodic"
"turned down the acquisition offer","episodic"
"legal review came back clean","episodic"
"trademark application filed","episodic"
"patent search came up empty","episodic"
"security audit passed","episodic"
"pentest found two criticals","episodic"
"third-party dependency broke us","episodic"
"npm package removed from registry","episodic"
"certificate pinning broke the app","episodic"
"new engineer pushed to main","episodic"
"design review approved finally","episodic"
"data migration ran clean","episodic"
"nightly job finished at noon","episodic"
"cron job never fired","episodic"
"webhook was not receiving events","episodic"
"rate limiter started blocking users","episodic"
"CDN cache was stale","episodic"
"search index got corrupted","episodic"
"the write-ahead log filled up","episodic"
"connection pool maxed out","episodic"
"SSL handshake was failing","episodic"
"load balancer dropped half the traffic","episodic"
"health check was returning false positives","episodic"
"memory swap was at 100 percent","episodic"
"disk IOPS were saturated","episodic"
"CPU pegged at 100 for an hour","episodic"
"the whole region went down","episodic"
"failover to secondary worked","episodic"
"primary came back up cleanly","episodic"
"incident declared and resolved","episodic"
"post-mortem scheduled for Friday","episodic"
"SLA breach notification sent","episodic"
"customer escalation resolved","episodic"
"board meeting ran three hours","episodic"
"co-founder had a tough conversation","episodic"
"advisor meeting was really useful","episodic"
"investor update sent","episodic"
"due diligence started today","episodic"
"signed the term sheet","episodic"
"closed the seed round","episodic"
"bridge round fell through","episodic"
"Series A kicked off","episodic"
"IPO filing submitted","episodic"
"quarterly results missed estimates","episodic"
"guidance was lowered","episodic"
"share buyback announced","episodic"
"dividend cut surprised the market","episodic"
"merger approved by regulators","episodic"
"acquisition completed","episodic"
"subsidiary was spun off","episodic"
"CFO resigned suddenly","episodic"
"CEO stepped down","episodic"
"new CPO hired externally","episodic"
"all-hands was energizing","episodic"
"layoffs announced today","episodic"
"hiring freeze lifted","episodic"
"office lease expires next month","episodic"
"remote policy changed again","episodic"
"team relocated to Austin","episodic"
"new office opened in London","episodic"
"conference was cancelled","episodic"
"hackathon finished yesterday","episodic"
"demo day went really well","episodic"
"accelerator program ended","episodic"
"batch graduated last week","episodic"
"YC application rejected","episodic"
"got into the program","episodic"
"fellowship awarded","episodic"
"grant came through","episodic"
"scholarship renewed","episodic"
"student loan paid off","episodic"
"mortgage closed","episodic"
"escrow funded","episodic"
"inspection found issues","episodic"
"offer accepted below asking","episodic"
"renovation finished","episodic"
"contractor ghosted","episodic"
"plumbing backed up","episodic"
"roof started leaking","episodic"
"electrician came today","episodic"
"HVAC died in winter","episodic"
"boiler finally replaced","episodic"
"solar panels installed","episodic"
"port 5432","semantic"
"REST is stateless","semantic"
"TCP guarantees order","semantic"
"UTF-8 is variable width","semantic"
"null is not undefined in JS","semantic"
"Python is interpreted","semantic"
"Rust has no GC","semantic"
"Go uses goroutines","semantic"
"Redis is in-memory","semantic"
"JSONB is binary JSON","semantic"
"SHA-256 is 256 bits","semantic"
"SSH uses port 22","semantic"
"HTTPS is HTTP over TLS","semantic"
"DNS resolves hostnames","semantic"
"TCP handshake is three-way","semantic"
"AES is a block cipher","semantic"
"RSA is asymmetric encryption","semantic"
"LLVM is a compiler infrastructure","semantic"
"WebAssembly runs in browsers","semantic"
"IPv4 is 32 bits","semantic"
"IPv6 is 128 bits","semantic"
"S3 is object storage","semantic"
"Lambda is serverless compute","semantic"
"containers share the kernel","semantic"
"VMs have their own OS","semantic"
"SQL is declarative","semantic"
"NoSQL is schema-flexible","semantic"
"B-trees speed up lookups","semantic"
"indexes slow down writes","semantic"
"NaN is not equal to itself","semantic"
"floats have rounding errors","semantic"
"integers overflow silently in C","semantic"
"memory is heap or stack","semantic"
"cache invalidation is hard","semantic"
"naming things is hard","semantic"
"off by one errors are common","semantic"
"race conditions require shared state","semantic"
"deadlocks require circular dependency","semantic"
"HTTP is stateless","semantic"
"cookies add state to HTTP","semantic"
"cats are obligate carnivores","semantic"
"dogs are domesticated wolves","semantic"
"whales are mammals","semantic"
"sharks are fish not mammals","semantic"
"octopuses have three hearts","semantic"
"bees navigate by polarized light","semantic"
"plants convert CO2 to oxygen","semantic"
"water boils at 100C at sea level","semantic"
"gold is element 79","semantic"
"carbon is the basis of organic chemistry","semantic"
"Earth is 4.5 billion years old","semantic"
"the moon orbits Earth every 27 days","semantic"
"light takes 8 minutes from the sun","semantic"
"sound travels at 343 m/s in air","semantic"
"a byte is 8 bits","semantic"
"a kilobyte is 1024 bytes","semantic"
"supply curves slope upward","semantic"
"demand curves slope downward","semantic"
"inflation erodes purchasing power","semantic"
"compound interest grows exponentially","semantic"
"correlation is not causation","semantic"
"the mean is sensitive to outliers","semantic"
"pi is approximately 3.14159","semantic"
"a prime has no divisors except 1 and itself","semantic"
"a triangle has 180 interior degrees","semantic"
"voltage equals current times resistance","semantic"
"photons have no mass","semantic"
"electrons are negatively charged","semantic"
"DNA has four bases","semantic"
"RNA is single-stranded","semantic"
"free will is a contested concept","semantic"
"consciousness is not fully understood","semantic"
"entropy always increases in closed systems","semantic"
"evolution is driven by natural selection","semantic"
"germs cause disease","semantic"
"vaccines confer immunity","semantic"
"exercise lowers blood pressure","semantic"
"sleep deprivation impairs cognition","semantic"
"Tokyo's subway closes at midnight","semantic"
"the Eiffel Tower is in Paris","semantic"
"Mount Everest is the tallest peak","semantic"
"Australia is both a country and a continent","semantic"
"French is an official language of Canada","semantic"
"the US has 50 states","semantic"
"the UN has 193 member states","semantic"
"Shakespeare wrote Hamlet","semantic"
"Bach composed the Goldberg Variations","semantic"
"Mozart died at 35","semantic"
"jazz originated in New Orleans","semantic"
"hip-hop started in the Bronx","semantic"
"latency is measured in milliseconds","semantic"
"throughput is measured in requests per second","semantic"
"p99 is the 99th percentile latency","semantic"
"the CAP theorem has three properties","semantic"
"Paxos is a consensus algorithm","semantic"
"Raft is easier to understand than Paxos","semantic"
"eventual consistency allows stale reads","semantic"
"strong consistency requires coordination","semantic"
"write-ahead logging ensures durability","semantic"
"MVCC enables concurrent reads and writes","semantic"
"sharding splits data across multiple nodes","semantic"
"replication keeps copies in sync","semantic"
"a CDN caches content closer to users","semantic"
"a load balancer distributes traffic","semantic"
"a reverse proxy sits in front of servers","semantic"
"a message queue decouples producers and consumers","semantic"
"pub-sub is a messaging pattern","semantic"
"event sourcing stores state as a log of events","semantic"
"CQRS separates reads from writes","semantic"
"a saga manages distributed transactions","semantic"
"circuit breakers prevent cascading failures","semantic"
"rate limiting protects against abuse","semantic"
"backpressure prevents overload in pipelines","semantic"
"bloom filters trade accuracy for space","semantic"
"consistent hashing minimizes resharding","semantic"
"LSM trees optimize write throughput","semantic"
"SSTable is an immutable sorted file","semantic"
"compaction merges SSTables to reclaim space","semantic"
"WAL is written before data pages are modified","semantic"
"checkpointing persists in-memory state to disk","semantic"
"a heartbeat detects node failures","semantic"
"leader election chooses a coordinator","semantic"
"quorum requires a majority to commit","semantic"
"two-phase commit coordinates distributed transactions","semantic"
"linearizability is the strongest consistency model","semantic"
"serializability means transactions appear sequential","semantic"
"idempotency means repeating an operation has no extra effect","semantic"
"immutability means a value cannot change after creation","semantic"
"referential transparency means a function returns the same output for the same input","semantic"
"a monad is a design pattern from functional programming","semantic"
"tail call optimization prevents stack overflow in recursion","semantic"
"garbage collection reclaims memory automatically","semantic"
"the heap stores dynamically allocated memory","semantic"
"the stack stores function call frames","semantic"
"context switching has CPU overhead","semantic"
"the GIL prevents true parallelism in CPython","semantic"
"JIT compilation improves runtime performance","semantic"
"AOT compilation produces faster startup","semantic"
"SIMD processes multiple data with one instruction","semantic"
"branch prediction reduces pipeline stalls","semantic"
"cache locality affects memory access speed","semantic"
"L1 cache is faster and smaller than L2","semantic"
"NUMA architectures have non-uniform memory access","semantic"
"the kernel manages hardware resources","semantic"
"system calls cross from user space to kernel space","semantic"
"page faults occur when memory is not in RAM","semantic"
"virtual memory allows processes to use more than physical RAM","semantic"
"COW is copy-on-write semantics","semantic"
"mmap maps files into memory","semantic"
"the loopback address is 127.0.0.1","semantic"
"broadcast address sends to all hosts in a subnet","semantic"
"NAT translates private to public IP addresses","semantic"
"ARP maps IP addresses to MAC addresses","semantic"
"DHCP assigns IP addresses dynamically","semantic"
"BGP is the internet's routing protocol","semantic"
"anycast routes to the nearest instance","semantic"
"multicast sends to a group of recipients","semantic"
"TLS encrypts data in transit","semantic"
"DTLS provides TLS for UDP","semantic"
"mTLS requires both client and server to present certificates","semantic"
"HSTS forces browsers to use HTTPS","semantic"
"CSP prevents cross-site scripting attacks","semantic"
"CSRF tokens prevent forged requests","semantic"
"SQL injection exploits unsanitized input","semantic"
"XSS injects scripts into web pages","semantic"
"SSRF allows attackers to make server-side requests","semantic"
"path traversal reads files outside the web root","semantic"
"deserialization vulnerabilities allow code execution","semantic"
"timing attacks leak information via response times","semantic"
"side-channel attacks exploit implementation details","semantic"
"zero-day exploits target unknown vulnerabilities","semantic"
"CVE is a public database of known vulnerabilities","semantic"
"CVSS scores the severity of vulnerabilities","semantic"
"threat modeling identifies risks before building","semantic"
"defense in depth layers multiple security controls","semantic"
"least privilege limits access to what is needed","semantic"
"separation of duties prevents single-point fraud","semantic"
"audit logs track who did what and when","semantic"
"hate yaml","preference"
"love rust","preference"
"postgres forever","preference"
"tabs over spaces","preference"
"dark mode always","preference"
"no JS frameworks","preference"
"vim or bust","preference"
"hate standups","preference"
"no meetings before noon","preference"
"async first","preference"
"love statically typed code","preference"
"no ORMs","preference"
"raw SQL please","preference"
"TypeScript strict mode","preference"
"boring tech only","preference"
"no magic ever","preference"
"explicit is better","preference"
"hate Jira","preference"
"no Slack","preference"
"Discord only","preference"
"no Vercel","preference"
"self-hosted everything","preference"
"hate Kubernetes","preference"
"Docker Compose is enough","preference"
"no microservices","preference"
"monolith first","preference"
"hate code comments","preference"
"over-document everything","preference"
"no abbreviations","preference"
"verbose names always","preference"
"no inline styles","preference"
"CSS modules only","preference"
"no default exports","preference"
"named exports only","preference"
"no class components","preference"
"hooks only","preference"
"hate pair programming","preference"
"love retros","preference"
"no sprint planning","preference"
"kanban over scrum","preference"
"love cold brew","preference"
"hate energy drinks","preference"
"morning workouts only","preference"
"free weights over machines","preference"
"running outside only","preference"
"hate treadmills","preference"
"aisle seat always","preference"
"window seat only","preference"
"solo travel preferred","preference"
"mountains over beaches","preference"
"winter person","preference"
"love rain","preference"
"hate small talk","preference"
"love deep work","preference"
"hate open offices","preference"
"remote only","preference"
"love async comms","preference"
"books over Twitter","preference"
"long-form writing only","preference"
"hate podcasts","preference"
"love audiobooks","preference"
"paper books over kindle","preference"
"love documentaries","preference"
"hate reality TV","preference"
"medium rare steak","preference"
"no well-done steak","preference"
"craft beer only","preference"
"red wine over white","preference"
"hate cilantro","preference"
"love spicy food","preference"
"coffee before anything","preference"
"no decaf","preference"
"cats over dogs","preference"
"no pets in the office","preference"
"mechanical keyboards only","preference"
"noise canceling headphones essential","preference"
"dual monitors minimum","preference"
"mac over PC","preference"
"linux on servers only","preference"
"no Windows","preference"
"index funds only","preference"
"no individual stocks","preference"
"no crypto","preference"
"frugality is underrated","preference"
"experiences over things","preference"
"hate subscriptions","preference"
"love B2B over B2C","preference"
"bootstrapped over VC-funded","preference"
"profitability first","preference"
"equity over salary","preference"
"small teams only","preference"
"hate big companies","preference"
"love startups","preference"
"paid from day one","preference"
"no free tiers","preference"
"hate cold calling","preference"
"love cold emailing","preference"
"content over ads","preference"
"community over marketing","preference"
"product over sales","preference"
"technical founders only","preference"
"no consultants","preference"
"full-stack or nothing","preference"
"ship first ask later","preference"
"build in public","preference"
"default open source","preference"
"no NDAs on ideas","preference"
"strong opinions loosely held","preference"
"done over perfect","preference"
"simple over clever","preference"
"explicit over implicit","preference"
"boring over exciting in prod","preference"
"correctness over speed","preference"
"reliability over features","preference"
"simplicity is the goal","preference"
"less code is better code","preference"
"the best code is no code","preference"
"delete don't refactor","preference"
"flat is better than nested","preference"
"explicit is better than implicit","preference"
"sparse is better than dense","preference"
"readability counts","preference"
"errors should never pass silently","preference"
"no spaghetti code","preference"
"no god objects","preference"
"no feature envy","preference"
"no primitive obsession","preference"
"no shotgun surgery","preference"
"no middle man pattern","preference"
"hate premature optimization","preference"
"love profiler-driven optimization","preference"
"always benchmark before optimizing","preference"
"never guess at performance","preference"
"hate mocking everything","preference"
"love integration tests","preference"
"unit tests for pure functions","preference"
"e2e tests for critical paths","preference"
"no flaky tests in CI","preference"
"deterministic tests only","preference"
"hate snapshot tests","preference"
"love property-based testing","preference"
"mutation testing is underrated","preference"
"fuzzing for security-critical code","preference"
"hate code coverage as a metric","preference"
"love high-quality low-count tests","preference"
"hate long CI pipelines","preference"
"love fast feedback loops","preference"
"hate manual deployments","preference"
"love full automation","preference"
"infrastructure as code only","preference"
"gitops for everything","preference"
"immutable infrastructure preferred","preference"
"pets not cattle is wrong","preference"
"cattle not pets for servers","preference"
"ephemeral environments are the future","preference"
"feature flags over long branches","preference"
"trunk based development forever","preference"
"small PRs are better PRs","preference"
"atomic commits preferred","preference"
"squash and merge is cleaner","preference"
"linear git history preferred","preference"
"rebase over merge","preference"
"meaningful commit messages matter","preference"
"conventional commits are worth it","preference"
"changelogs should be human readable","preference"
"semantic versioning is a social contract","preference"
"breaking changes need major bumps","preference"
"deprecate before remove","preference"
"backwards compatibility is a promise","preference"
"stable APIs are more valuable than new features","preference"
"simple APIs are more usable than powerful ones","preference"
"REST before GraphQL","preference"
"hypermedia is underrated","preference"
"OpenAPI docs are worth the effort","preference"
"versioned APIs are worth the complexity","preference"
"pagination beats returning everything","preference"
"webhooks beat polling","preference"
"async events beat sync calls","preference"
"idempotent APIs are more robust","preference"
"optimistic locking beats pessimistic","preference"
"eventual consistency is often enough","preference"
"strong consistency where it matters","preference"
"CQRS is over-engineered for most apps","preference"
"event sourcing is rarely worth the cost","preference"
"microservices are a scaling solution","preference"
"start with a monolith always","preference"
"split when the pain is real","preference"
"don't fix what isn't broken","preference"
"boring decisions compound","preference"
"consistency beats innovation in ops","preference"
"restart then check logs","procedural"
"pull before pushing","procedural"
"test first always","procedural"
"backup before migrate","procedural"
"lint then commit","procedural"
"docker build then push","procedural"
"snapshot before patching","procedural"
"tag before deploying","procedural"
"drain then stop","procedural"
"flush cache after deploy","procedural"
"rollback if errors spike","procedural"
"verify after deploy","procedural"
"rotate secrets on offboarding","procedural"
"check disk before import","procedural"
"clear node_modules then reinstall","procedural"
"kill port then restart","procedural"
"grep logs first","procedural"
"explain analyze before indexing","procedural"
"dry run before syncing","procedural"
"stage then review then merge","procedural"
"bump version then tag","procedural"
"review diff before merging","procedural"
"pip freeze after installing","procedural"
"export then compress then upload","procedural"
"disable cron then migrate","procedural"
"stop service then update","procedural"
"revoke old then issue new","procedural"
"decode jwt then check claims","procedural"
"check dependencies before deploy","procedural"
"validate config before restart","procedural"
"preheat oven first","procedural"
"soak beans overnight","procedural"
"marinate then grill","procedural"
"deglaze with wine","procedural"
"rest meat before slicing","procedural"
"ice first then heat","procedural"
"stretch after warmup","procedural"
"cooldown after workout","procedural"
"wash hands before cooking","procedural"
"check tire pressure monthly","procedural"
"floss before brushing","procedural"
"sunscreen then go outside","procedural"
"warm up before running","procedural"
"check blind spots before merging","procedural"
"signal before turning","procedural"
"stop fully at stop signs","procedural"
"charge phone to 80% max","procedural"
"feed pet before leaving","procedural"
"water plants every three days","procedural"
"back up before formatting","procedural"
"reboot after updates","procedural"
"clear cache if pages break","procedural"
"read instructions before assembling","procedural"
"measure twice cut once","procedural"
"check weather before hiking","procedural"
"pack rain gear always","procedural"
"call ahead for reservations","procedural"
"confirm flights 24 hours out","procedural"
"check in online day before","procedural"
"arrive early to interviews","procedural"
"follow up after applying","procedural"
"negotiate after getting the offer","procedural"
"read before signing","procedural"
"change default passwords immediately","procedural"
"patch before exposing to internet","procedural"
"audit logs daily","procedural"
"scan dependencies weekly","procedural"
"rotate certs before expiry","procedural"
"monitor after each deploy","procedural"
"run canary then full rollout","procedural"
"test in staging before prod","procedural"
"load test before launch","procedural"
"benchmark before and after","procedural"
"profile then optimize","procedural"
"reproduce before fixing","procedural"
"isolate then debug","procedural"
"minimal repro first","procedural"
"read the error message","procedural"
"check the docs first","procedural"
"ask before assuming","procedural"
"confirm scope before starting","procedural"
"clarify requirements first","procedural"
"prototype before building","procedural"
"design before coding","procedural"
"spec before implementing","procedural"
"review before shipping","procedural"
"changelog before release","procedural"
"document before handoff","procedural"
"migrate then verify","procedural"
"smoke test after deploy","procedural"
"enable 2FA first","procedural"
"revoke creds then reissue","procedural"
"compress then encrypt then upload","procedural"
"dedup before inserting","procedural"
"vacuum after bulk delete","procedural"
"reindex after major migration","procedural"
"drain queue before redeploy","procedural"
"flush sessions after auth change","procedural"
"notify before scheduled downtime","procedural"
"confirm rollback procedure first","procedural"
"write migration rollback script first","procedural"
"get approval before deleting data","procedural"
"stage the release then cut traffic","procedural"
"create snapshot before resize","procedural"
"open firewall only after app is ready","procedural"
"test restore before relying on backup","procedural"
"grep for TODO before merging","procedural"
"squash fixup commits before PR","procedural"
"remove debug flags before shipping","procedural"
"trim unused env vars before release","procedural"
"update lockfile after adding dependency","procedural"
"pin dependency versions before deploy","procedural"
"check changelog for breaking changes first","procedural"
"read the release notes before upgrading","procedural"
"test upgrade in staging before prod","procedural"
"open an issue before starting work","procedural"
"link PR to issue before merging","procedural"
"close issue after deploy not after merge","procedural"
"tag the release after CI passes","procedural"
"announce deploy in team channel","procedural"
"watch dashboards for 15 minutes post deploy","procedural"
"resolve alert before closing it","procedural"
"escalate if unresolved after 30 minutes","procedural"
"document the fix before closing the ticket","procedural"
"follow up with customer after resolution","procedural"
"update the status page when incident starts","procedural"
"close the status page update when resolved","procedural"
"send postmortem within 48 hours","procedural"
"share postmortem with the whole team","procedural"
"add action items to the backlog","procedural"
"verify action items were completed next sprint","procedural"
"costs outweigh the benefits here","synthesis"
"latency up throughput down","synthesis"
"high recall low precision","synthesis"
"traffic grew but revenue did not","synthesis"
"spend up performance flat","synthesis"
"churn higher than growth","synthesis"
"MRR up but margins shrinking","synthesis"
"fast model but bad quality","synthesis"
"good accuracy terrible latency","synthesis"
"cheap but unreliable","synthesis"
"scalable but too expensive","synthesis"
"powerful but too complex","synthesis"
"secure but unusable","synthesis"
"fast but buggy","synthesis"
"simple but too limited","synthesis"
"pros and cons roughly equal","synthesis"
"wins on speed loses on cost","synthesis"
"better recall worse precision","synthesis"
"team grew but velocity dropped","synthesis"
"more features more bugs","synthesis"
"outperforms on reads lags on writes","synthesis"
"stronger on accuracy weaker on speed","synthesis"
"feature set beats competitors pricing does not","synthesis"
"engagement up but conversion flat","synthesis"
"clicks improved signups did not","synthesis"
"open rates good click-through poor","synthesis"
"acquisition cheap retention expensive","synthesis"
"CAC low LTV lower","synthesis"
"NDR strong gross margin weak","synthesis"
"traffic doubled bounce rate unchanged","synthesis"
"CPU low memory high","synthesis"
"build fast deploy slow","synthesis"
"coverage high confidence low","synthesis"
"tests pass bugs persist","synthesis"
"synthetic score high real-world low","synthesis"
"benchmarks good production bad","synthesis"
"devs love it users do not","synthesis"
"enterprise ready SMB hostile","synthesis"
"technically impressive commercially weak","synthesis"
"strong brand weak conversion","synthesis"
"good product terrible distribution","synthesis"
"well funded poorly managed","synthesis"
"large team slow output","synthesis"
"small team high output","synthesis"
"great tech wrong market","synthesis"
"right market late timing","synthesis"
"early mover slow executor","synthesis"
"late mover better product","synthesis"
"strong defense weak offense","synthesis"
"fast attack no defense","synthesis"
"great first half collapsed second","synthesis"
"individual stats good team chemistry bad","synthesis"
"peak performance unreliable","synthesis"
"consistent but not exceptional","synthesis"
"brilliant but uncoachable","synthesis"
"talented but injury prone","synthesis"
"offense dominant defense suspect","synthesis"
"great passer poor defender","synthesis"
"high volume low efficiency","synthesis"
"low volume high efficiency","synthesis"
"high upside high downside","synthesis"
"safe pick low ceiling","synthesis"
"diversified but underperforming","synthesis"
"concentrated and volatile","synthesis"
"high yield but risky","synthesis"
"safe but below inflation","synthesis"
"solid returns poor liquidity","synthesis"
"liquid but low yield","synthesis"
"strong income weak growth","synthesis"
"growth-focused no income","synthesis"
"cheap valuation bad management","synthesis"
"great management expensive valuation","synthesis"
"strong moat declining market","synthesis"
"growing market no moat","synthesis"
"innovative but unprofitable","synthesis"
"profitable but stagnant","synthesis"
"high NPS low retention","synthesis"
"low NPS high stickiness","synthesis"
"loved but niche","synthesis"
"broad appeal low loyalty","synthesis"
"viral but not sticky","synthesis"
"sticky but not viral","synthesis"
"great at acquiring bad at keeping","synthesis"
"word of mouth strong paid weak","synthesis"
"SEO strong brand weak","synthesis"
"community built product behind","synthesis"
"product built community absent","synthesis"
"API first UX afterthought","synthesis"
"beautiful UX brittle API","synthesis"
"fast prototype slow production","synthesis"
"great onboarding terrible retention","synthesis"
"strong docs weak support","synthesis"
"fast support bad docs","synthesis"
"comparing both codebases ours is cleaner but slower","synthesis"
"reviewing logs and metrics error spike correlates with deploy","synthesis"
"friction is in checkout according to support tickets and analytics","synthesis"
"real-world accuracy likely 10 points below synthetic","synthesis"
"all metrics positive but the pattern is unsustainable","synthesis"
"technically sound but the market timing is wrong","synthesis"
"unit economics work at scale but not at current volume","synthesis"
"the numbers look good but the qualitative signals are bad","synthesis"
"the architecture is correct but the implementation is brittle","synthesis"
"model accuracy is high but confidence calibration is poor","synthesis"
"data quality is the bottleneck not the model","synthesis"
"the feature shipped but the adoption is near zero","synthesis"
"pricing is not the issue the positioning is","synthesis"
"the team is excellent the strategy is wrong","synthesis"
"culture is strong execution is inconsistent","synthesis"
"the vision is clear the roadmap is not","synthesis"
"investor interest is high but terms are unfavorable","synthesis"
"demand exists but the channel is not converting","synthesis"
"supply is not the constraint demand is","synthesis"
"quality is high but discoverability is low","synthesis"
"the brand resonates but the funnel leaks","synthesis"
"The soufflé collapsed right as I pulled it from the oven.","episodic"
"I burned the roast on Christmas day.","episodic"
"Made my first croissants last Sunday — they were buttery and perfect.","episodic"
"The bread dough did not rise because the yeast was dead.","episodic"
"Tried Julia Child's boeuf bourguignon for the first time last night.","episodic"
"She said she'd call back Tuesday.","episodic"
"We had our first argument about money this week.","episodic"
"He forgot our anniversary and I did not say anything.","episodic"
"They broke up after five years together.","episodic"
"She finally told him how she felt and he felt the same way.","episodic"
"The flight from London to Tokyo was delayed by 6 hours.","episodic"
"I got food poisoning in Bangkok from street food.","episodic"
"Lost my passport in Rome and had to visit the embassy.","episodic"
"Missed my connection in Frankfurt by 3 minutes.","episodic"
"The hotel in Lisbon gave us a room with an incredible view.","episodic"
"I tore my ACL during a pickup basketball game last month.","episodic"
"The doctor said my blood pressure is too high.","episodic"
"Had the worst migraine of my life during the board meeting.","episodic"
"Ran my first marathon in 4 hours and 2 minutes and cried at the finish line.","episodic"
"The surgery went well and I was home by the afternoon.","episodic"
"The team lost the championship in overtime on a missed field goal.","episodic"
"He scored a hat trick in his debut game.","episodic"
"The goalkeeper made an unbelievable save in the 90th minute.","episodic"
"Our team blew a 20-point lead in the fourth quarter.","episodic"
"The finals went to seven games and the underdog won.","episodic"
"That guitar solo at the concert was unreal.","episodic"
"The bassist forgot the intro and the whole band froze for a second.","episodic"
"We played our first gig and the crowd actually liked it.","episodic"
"The drummer broke a stick mid-performance and kept going.","episodic"
"The opera singer held that note for what felt like forever.","episodic"
"My dog ate an entire stick of butter off the counter.","episodic"
"The cat knocked my coffee onto my laptop this morning.","episodic"
"Our dog got into the compost bin again.","episodic"
"The parrot learned to say my name and now will not stop.","episodic"
"My hamster escaped and we found it behind the fridge.","episodic"
"The bill passed 52-48 on Thursday after a dramatic tie-breaking vote.","episodic"
"The senator resigned following the scandal.","episodic"
"The election result was contested for weeks.","episodic"
"The prime minister announced a snap election last Tuesday.","episodic"
"The president signed the climate bill into law yesterday.","episodic"
"The stock dropped 18% in after-hours trading after the earnings miss.","episodic"
"I sold my position at a loss right before it rebounded 40%.","episodic"
"The VC turned us down at the last minute after sending a term sheet.","episodic"
"We hit profitability for the first time last quarter.","episodic"
"The bank froze our account during the audit.","episodic"
"I read Marcus Aurelius for the first time and it changed how I think.","episodic"
"Had a long conversation about free will over dinner that went till midnight.","episodic"
"The therapy session this week was harder than any before.","episodic"
"Finished the book and it left me unsettled for days.","episodic"
"The meditation retreat was intense — 10 days of silence.","episodic"
"My kid said their first word today — it was dog.","episodic"
"She learned to ride a bike without training wheels this afternoon.","episodic"
"He got into the school we were hoping for.","episodic"
"The baby would not sleep for three nights straight.","episodic"
"She had her first heartbreak and did not want to talk about it.","episodic"
"I finally beat the final boss after 12 attempts.","episodic"
"The server was down during the launch event.","episodic"
"My character died right before the save point.","episodic"
"We won the ranked match after being down 3 to 0.","episodic"
"The speedrun record got broken live on stream.","episodic"
"The interview went better than expected — they called back the same day.","episodic"
"The earthquake knocked out power for two days.","episodic"
"The wildfire came within a mile of the town.","episodic"
"The river flooded the lower district after 3 days of rain.","episodic"
"She got the promotion after 3 years of waiting.","episodic"
"He graduated after six years of night school.","episodic"
"The startup got acquired by a competitor.","episodic"
"The artist sold their first painting for five thousand dollars.","episodic"
"The documentary won Best Feature at the festival.","episodic"
"The show was cancelled after one season.","episodic"
"The sequel bombed at the box office.","episodic"
"The book hit the bestseller list three weeks after release.","episodic"
"The podcast episode got a million downloads in 24 hours.","episodic"
"The tweet went viral and the CEO had to apologize.","episodic"
"The company laid off 20% of the workforce on a Friday afternoon.","episodic"
"The merger fell through at the last minute.","episodic"
"The IPO was oversubscribed three times.","episodic"
"The founder was ousted by the board.","episodic"
"The whistleblower went public and the stock crashed.","episodic"
"Tried sushi for the first time and loved it.","episodic"
"Made homemade pasta for the first time and it was transformative.","episodic"
"She called after 10 years out of nowhere.","episodic"
"They eloped in Vegas and told no one until after.","episodic"
"His proposal was completely spontaneous and she cried.","episodic"
"The wedding venue flooded the morning of the ceremony.","episodic"
"He got cut from the team despite being in his best form.","episodic"
"The referee overturned the goal after a VAR review.","episodic"
"She set a new national record in the 400m hurdles.","episodic"
"The coach resigned mid-season after losing to the bottom team.","episodic"
"The album dropped at midnight and the servers crashed from demand.","episodic"
"The band broke up after the lead singer's solo announcement.","episodic"
"The festival was cancelled due to flooding for the second year running.","episodic"
"The concert tickets sold out in 11 minutes.","episodic"
"The tour was cut short after the guitarist was hospitalized.","episodic"
"The legislation was struck down by the supreme court.","episodic"
"The summit ended without a communiqué.","episodic"
"The ambassador was expelled amid the diplomatic crisis.","episodic"
"The ceasefire held for 72 hours before breaking.","episodic"
"The trade deal collapsed after the final round of negotiations.","episodic"
"Our cat had five kittens and we kept two.","episodic"
"The vet said the dog needs surgery on its knee.","episodic"
"The goldfish we won at the fair lived for eight years.","episodic"
"The snake escaped from its tank and we found it three days later.","episodic"
"The rabbit chewed through the laptop charger.","episodic"
"I burned the caramel twice before getting it right.","episodic"
"Tried a new ramen place and it destroyed every other ramen I have had.","episodic"
"The homemade ice cream was better than expected.","episodic"
"Knocked the whole pot of soup off the stove.","episodic"
"The sourdough starter finally took off after three failed attempts.","episodic"
"We had a big fight over nothing and both apologized within an hour.","episodic"
"My best friend called to say he was engaged.","episodic"
"She moved across the country and it felt sudden.","episodic"
"The breakup happened over text which made it worse.","episodic"
"We went on a spontaneous road trip with no plan and it was perfect.","episodic"
"Got massively delayed at Heathrow and slept on the floor.","episodic"
"The overnight train through Vietnam was one of the best nights of my life.","episodic"
"Rented a scooter in Bali and promptly crashed it on day one.","episodic"
"The hostel in Buenos Aires had the best travelers I ever met.","episodic"
"We got caught in a monsoon in Chiang Mai and it was actually fun.","episodic"
"The doctor found something on the scan and we had to wait a week for results.","episodic"
"The blood test came back normal after a terrifying week.","episodic"
"I started physical therapy and it is harder than I expected.","episodic"
"The chiropractor adjustment gave me immediate relief.","episodic"
"Went to the gym for the first time in 6 months and nearly died.","episodic"
"The home team tied it in the last second and the crowd erupted.","episodic"
"He fumbled right at the goal line and we lost.","episodic"
"The underdog team just kept grinding and won in the final minute.","episodic"
"The star player got ejected and the team played better without them.","episodic"
"She broke the world record and immediately burst into tears.","episodic"
"The piano recital went perfectly until the last piece when I blanked.","episodic"
"He improvised the whole second half of the set and nobody noticed.","episodic"
"The recording session went 12 hours and we got one usable take.","episodic"
"The band played three encores and the audience would not leave.","episodic"
"She found her old guitar in the attic and started playing again.","episodic"
"The dog bit the groomer and now nobody will take him.","episodic"
"The new puppy and the old cat are finally getting along.","episodic"
"My fish tank crashed overnight and I lost most of them.","episodic"
"The parrot started swearing after my nephew visited.","episodic"
"The cat brought a live bird inside at 3am.","episodic"
"The opposition introduced a surprise amendment and the whole bill changed.","episodic"
"The election was called too early and had to be retracted.","episodic"
"The whistleblower testimony lasted seven hours.","episodic"
"The committee vote was deadlocked and referred to full chamber.","episodic"
"The executive order was blocked by an injunction the same day.","episodic"
"I panic-sold during the crash and bought back at the top.","episodic"
"The portfolio recovered fully within 18 months.","episodic"
"Got a margin call and had to liquidate at the worst time.","episodic"
"The startup I invested in got acqui-hired for almost nothing.","episodic"
"The dividend cut arrived the same week I retired.","episodic"
"Reread the Stoics last month and it hit differently this time.","episodic"
"Had a crisis of faith that lasted the whole winter.","episodic"
"The lecture on determinism made me question everything for a week.","episodic"
"Finished the philosophy course and started two more immediately.","episodic"
"The argument about consciousness went until 2am.","episodic"
"She started walking at 10 months which the doctor said was early.","episodic"
"He struggled with reading until third grade then suddenly clicked.","episodic"
"The school called because she punched another kid.","episodic"
"He won the science fair with a project on water purification.","episodic"
"She got into every school she applied to.","episodic"
"The loot drop was legendary after a 6-hour grind.","episodic"
"The server merge broke everyone's save files.","episodic"
"The patch nerfed my main character into uselessness.","episodic"
"I hit Diamond rank for the first time after two years trying.","episodic"
"The final cut scene made me cry and I was not expecting it.","episodic"
"Cooked a whole Thanksgiving dinner solo for the first time.","episodic"
"The sourdough finally had proper ear and spring.","episodic"
"The pie crust was flaky for the first time ever.","episodic"
"Made fresh pasta by hand and it was life-changing.","episodic"
"The chocolate lava cake worked perfectly on the first try.","episodic"
"She finally said what had been bothering her and it helped.","episodic"
"The long-distance relationship became local when he moved cities.","episodic"
"They went from friends to dating and nobody was surprised.","episodic"
"He apologized three months later and it actually landed.","episodic"
"The friendship survived a huge disagreement and came out stronger.","episodic"
"Gluten forms when flour proteins glutenin and gliadin combine with water.","semantic"
"Salt inhibits bacterial growth and is essential for food preservation.","semantic"
"Olive oil has a lower smoke point than avocado oil.","semantic"
"Umami is the fifth basic taste alongside sweet salty sour and bitter.","semantic"
"Gelatin is derived from collagen found in animal bones and skin.","semantic"
"Fermentation converts sugars into acids gases or alcohol.","semantic"
"Chocolate is toxic to dogs due to theobromine.","semantic"
"The five love languages are words of affirmation quality time gifts acts of service and touch.","semantic"
"Emotional intelligence is the ability to recognize and manage emotions.","semantic"
"In psychology projection involves attributing ones own feelings to others.","semantic"
"Gaslighting is a form of psychological manipulation.","semantic"
"Oxytocin is sometimes called the bonding hormone.","semantic"
"Serotonin plays a key role in mood regulation.","semantic"
"Intermittent reinforcement creates the strongest behavioral conditioning.","semantic"
"Japan requires visitors from most countries to obtain a visa in advance.","semantic"
"Tipping customs vary significantly by country — mandatory in the US and rude in Japan.","semantic"
"The Trans-Siberian Railway is the longest railway in the world at over 9000 km.","semantic"
"Iceland has 24 hours of daylight in summer and near-total darkness in winter.","semantic"
"Thailand drives on the left side of the road.","semantic"
"The Maldives is the world's lowest-lying country.","semantic"
"Altitude sickness can occur above 2500 meters.","semantic"
"Entry requirements and visa policies change frequently and should always be verified.","semantic"
"The human heart beats approximately 100000 times per day.","semantic"
"Blood pressure is measured in systolic over diastolic mmHg.","semantic"
"Type 1 diabetes is an autoimmune condition and Type 2 is primarily metabolic.","semantic"
"Aerobic exercise improves cardiovascular fitness and anaerobic exercise builds muscle strength.","semantic"
"The appendix has no known essential function in adults.","semantic"
"The placebo effect can produce measurable physiological changes.","semantic"
"The human body replaces most of its cells within 7 to 10 years.","semantic"
"In soccer a match consists of two 45-minute halves.","semantic"
"A perfect game in bowling scores 300.","semantic"
"The offside rule in soccer requires a player to have at least one opponent between them and the goal.","semantic"
"In tennis a tiebreak is played when the set reaches 6-6 in most formats.","semantic"
"The Tour de France covers approximately 3500 kilometers over three weeks.","semantic"
"Sumo wrestlers are ranked in a hierarchy called banzuke.","semantic"
"Most competitive sports have a governing body that sets the official rules.","semantic"
"Middle C is C4 in scientific pitch notation.","semantic"
"A major scale has the interval pattern W-W-H-W-W-W-H.","semantic"
"Jazz is characterized by improvisation syncopation and blue notes.","semantic"
"The circle of fifths describes harmonic relationships between musical keys.","semantic"
"Vinyl records spin at 33 RPM for LPs and 45 RPM for singles.","semantic"
"Absolute pitch is the ability to identify notes without reference.","semantic"
"The pentatonic scale has 5 notes per octave.","semantic"
"A chord is three or more notes played simultaneously.","semantic"
"Goldfish can live up to 20 years in proper conditions.","semantic"
"Parrots can live 50 to 80 years depending on species.","semantic"
"Rabbits are crepuscular and most active at dawn and dusk.","semantic"
"Hamsters are nocturnal and have poor eyesight but excellent hearing.","semantic"
"Guinea pigs cannot synthesize their own vitamin C just like humans.","semantic"
"Ferrets are obligate carnivores and need high-protein diets.","semantic"
"Horses are flight animals with a 350-degree field of vision.","semantic"
"Snakes are ectotherms and regulate body temperature through behavior.","semantic"
"The United States has a bicameral legislature: the Senate and the House of Representatives.","semantic"
"Parliamentary systems have a prime minister accountable to the legislature.","semantic"
"Constitutional monarchies retain a monarch as head of state but power lies with elected officials.","semantic"
"The EU is a political and economic union of 27 member states.","semantic"
"NATO is a collective defense alliance with an attack-on-one is attack-on-all clause.","semantic"
"The International Criminal Court prosecutes individuals for war crimes and crimes against humanity.","semantic"
"The Federal Reserve sets US monetary policy independently of the executive branch.","semantic"
"Proportional representation tends to produce coalition governments.","semantic"
"Dollar cost averaging reduces the impact of volatility on large purchases.","semantic"
"The P/E ratio compares a company's stock price to its earnings per share.","semantic"
"Bonds are inversely related to interest rates — when rates rise bond prices fall.","semantic"
"Compound interest grows exponentially while simple interest grows linearly.","semantic"
"Hedge funds typically charge a 2 percent management fee and 20 percent performance fee.","semantic"
"Index funds track a market index and typically outperform actively managed funds over time.","semantic"
"Inflation erodes the purchasing power of money over time.","semantic"
"Venture capital typically seeks a 10x return within a 10-year fund lifecycle.","semantic"
"The Sharpe ratio measures return per unit of risk.","semantic"
"A put option gives the holder the right to sell an asset at a specified price.","semantic"
"Stoicism holds that virtue is the only true good and external events are indifferent.","semantic"
"The trolley problem is a thought experiment in moral philosophy.","semantic"
"Epistemology is the branch of philosophy concerned with knowledge and justified belief.","semantic"
"Determinism holds that all events are caused by prior events and natural laws.","semantic"
"The ship of Theseus is a paradox about identity and change.","semantic"
"Nietzsche's concept of the Overman describes a person who creates their own values.","semantic"
"Attachment parenting emphasizes physical closeness breastfeeding and co-sleeping.","semantic"
"Authoritative parenting balances warmth with consistent rules.","semantic"
"The adolescent brain's prefrontal cortex is not fully developed until age 25.","semantic"
"Secure attachment in infancy is associated with better emotional regulation in adulthood.","semantic"
"Growth mindset theory holds that intelligence can be developed through effort.","semantic"
"Screen time affects sleep quality in children via blue light suppression of melatonin.","semantic"
"Reading aloud to children before age 5 significantly boosts language development.","semantic"
"The NPCs in a role-playing game are controlled by the game master or AI.","semantic"
"A frame in video refers to a single rendered image in the sequence.","semantic"
"Esports tournaments can offer prize pools exceeding 40 million dollars.","semantic"
"Speedrunning involves completing games as fast as possible using known exploits.","semantic"
"The ESRB rates video games for age-appropriateness in North America.","semantic"
"Chocolate contains flavonoids that may reduce blood pressure.","semantic"
"Red wine contains resveratrol which has been studied for health effects.","semantic"
"Coffee is one of the most widely consumed psychoactive substances in the world.","semantic"
"Gluten-free diets are medically necessary only for celiac disease sufferers.","semantic"
"Veganism eliminates all animal products including dairy and eggs.","semantic"
"Omega-3 fatty acids are found in oily fish walnuts and flaxseed.","semantic"
"The glycemic index measures how quickly food raises blood sugar.","semantic"
"Fasting triggers autophagy a cellular cleanup process.","semantic"
"Carbohydrates are the body's primary fuel source.","semantic"
"Protein synthesis requires all essential amino acids to be present.","semantic"
"Cooking kills most pathogens but does not neutralize all toxins.","semantic"
"Cross-contamination is a leading cause of foodborne illness.","semantic"
"Refrigeration slows bacterial growth but does not stop it.","semantic"
"Freezing preserves food by stopping microbial activity.","semantic"
"Salt sugar and acidity are all traditional food preservation methods.","semantic"
"Long-term relationships require ongoing effort not just initial chemistry.","semantic"
"Trust is rebuilt through consistent behavior over time not through apologies alone.","semantic"
"Communication styles differ significantly across cultures.","semantic"
"Attachment styles formed in childhood affect adult relationships.","semantic"
"Conflict avoidance is more damaging to relationships than conflict itself.","semantic"
"Long-distance relationships require more intentional communication.","semantic"
"The Dunbar number suggests humans can maintain about 150 stable relationships.","semantic"
"Studies show gratitude practices improve relationship satisfaction.","semantic"
"Empathy and sympathy are distinct cognitive and emotional processes.","semantic"
"Active listening involves reflecting back what someone said.","semantic"
"Visa on arrival is available to some passport holders at certain destinations.","semantic"
"Travel insurance typically does not cover pre-existing conditions.","semantic"
"Jet lag is worse going west to east than east to west.","semantic"
"Most countries require 6 months of passport validity beyond your stay.","semantic"
"ATM fees abroad can be minimized with fee-free international bank accounts.","semantic"
"Travel advisories are issued by governments to warn about risky destinations.","semantic"
"Checked baggage fees vary significantly across airlines.","semantic"
"Carry-on liquids are limited to containers of 100ml or less in most countries.","semantic"
"Global Entry allows expedited clearance through US Customs.","semantic"
"TSA PreCheck speeds up security in US airports.","semantic"
"BMI is a crude measure of health that does not account for muscle mass.","semantic"
"Resting heart rate below 60 is generally associated with good cardiovascular fitness.","semantic"
"VO2 max is a measure of aerobic capacity.","semantic"
"Cortisol is the primary stress hormone and affects fat storage.","semantic"
"The gut microbiome influences immune function and mental health.","semantic"
"Hydration affects cognitive performance even with mild dehydration.","semantic"
"Chronic sleep deprivation is associated with increased risk of metabolic disorders.","semantic"
"Progressive overload is the key principle of strength training.","semantic"
"Periodization structures training into phases to optimize performance.","semantic"
"Rest days are as important as training days for muscle growth.","semantic"
"Soccer is the most popular sport in the world by number of participants.","semantic"
"The Super Bowl is the most-watched annual sporting event in the United States.","semantic"
"The Olympics occur every 4 years for both Summer and Winter editions.","semantic"
"World Chess Championship matches are played over multiple games.","semantic"
"A no-hitter in baseball means no opposing batter reaches base via a hit.","semantic"
"A hat-trick in soccer is three goals scored by one player in a single game.","semantic"
"The NBA draft lottery gives higher odds to teams with worse records.","semantic"
"Transfer fees in soccer can exceed 200 million euros for elite players.","semantic"
"Drug testing in athletics follows WADA protocols.","semantic"
"Concussion protocols now require removal from play and medical clearance.","semantic"
"Music copyright covers the composition and the recording separately.","semantic"
"A music producer shapes the overall sound of a recording.","semantic"
"The key of a song is defined by its tonic note and scale.","semantic"
"Tempo is measured in beats per minute.","semantic"
"Time signature specifies the number of beats per bar.","semantic"
"A metronome keeps a steady tempo for practice.","semantic"
"Microphone placement significantly affects recording quality.","semantic"
"Dynamic range compression reduces the difference between loud and quiet sounds.","semantic"
"Reverb adds a sense of space to a recording.","semantic"
"EQ adjusts the frequency balance of a sound.","semantic"
"Medium-rare steak only — well-done is a crime.","preference"
"I will always choose homemade pasta over dried.","preference"
"I prefer savory breakfasts over sweet ones.","preference"
"I hate cilantro — it tastes like soap.","preference"
"Red wine with meat white wine with fish — I follow the rule.","preference"
"I prefer natural wine over conventional.","preference"
"Cast iron over non-stick every time.","preference"
"I like my coffee black — no milk no sugar.","preference"
"I prefer fermented foods — kimchi sauerkraut kombucha.","preference"
"I value emotional availability over grand gestures.","preference"
"I would rather have fewer close friends than many acquaintances.","preference"
"I prefer to resolve conflict the same day rather than sleeping on it.","preference"
"I value loyalty above all other qualities in a partner.","preference"
"I hate passive-aggressive communication — say it directly.","preference"
"I prefer quality time over gifts as a love language.","preference"
"I like to share finances completely in a marriage.","preference"
"I prefer meeting people in person over dating apps.","preference"
"I value intellectual connection over physical attraction in the long run.","preference"
"I always choose the window seat on short flights.","preference"
"I prefer boutique hotels over chains.","preference"
"I would rather rent an apartment than stay in a hotel.","preference"
"I prefer traveling off-season to avoid crowds.","preference"
"I like immersive travel — staying months not weeks.","preference"
"I prefer destinations where I can walk everywhere.","preference"
"I would rather take a slow train than fly.","preference"
"I prefer food-driven travel — choosing destinations by cuisine.","preference"
"I hate all-inclusive resorts — I want to explore.","preference"
"Running outside beats treadmills for me.","preference"
"I prefer lifting weights over cardio.","preference"
"I like yoga for active recovery days.","preference"
"I prefer cold showers in the morning.","preference"
"I would rather sleep 8 hours than optimize with supplements.","preference"
"Whole foods over supplements — food first.","preference"
"I prefer eating intuitively over tracking macros.","preference"
"I value mental health days as much as sick days.","preference"
"I prefer therapy over self-help books for personal growth.","preference"
"I prefer playing defense over offense.","preference"
"I would rather watch a tactical 0-0 draw than a sloppy 5-4.","preference"
"I prefer individual sports over team sports.","preference"
"I like watching live sports over replays.","preference"
"I prefer the underdog — I always root against the dynasty.","preference"
"I like baseball for the strategy not the pace.","preference"
"I prefer Formula 1 over NASCAR.","preference"
"I like combat sports more than ball sports.","preference"
"I prefer endurance events over explosive ones.","preference"
"Jazz for focus metal for energy.","preference"
"I prefer vinyl over digital for the warmth.","preference"
"Live music beats studio recordings every time.","preference"
"I prefer instrumental music while working.","preference"
"I like dark moody music over upbeat pop.","preference"
"I will always take a guitarist who plays with feel over one with technique.","preference"
"I prefer small venue concerts over arenas.","preference"
"I like underground music before it blows up.","preference"
"I prefer concept albums over singles.","preference"
"I hate autotune — I want to hear the real voice.","preference"
"I prefer cats over dogs — lower maintenance same companionship.","preference"
"I like rescue animals over breeders.","preference"
"I prefer mixed breeds over purebreds.","preference"
"I like having one pet at a time not a houseful.","preference"
"I prefer indoor-only cats — safer and healthier.","preference"
"I would rather have a big dog than a small one.","preference"
"I like working dog breeds that need a job.","preference"
"I prefer fish and reptiles over furry pets.","preference"
"I like cats that are independent not lap cats.","preference"
"I would rather have a high-energy dog and keep up with it.","preference"
"I value individual liberty over collective security.","preference"
"I prefer pragmatic centrists over ideological extremes.","preference"
"I like ranked-choice voting over first-past-the-post.","preference"
"I prefer smaller government and lower taxes.","preference"
"I value civil liberties above national security considerations.","preference"
"I prefer proportional representation over winner-take-all systems.","preference"
"I value transparency in government above almost all else.","preference"
"I prefer evidence-based policy over ideologically driven policy.","preference"
"I like federalism — power distributed to states and localities.","preference"
"I prefer direct democracy mechanisms like referendums.","preference"
"Index funds over active management always.","preference"
"I prefer real estate over stocks for tangible value.","preference"
"I like dividend stocks — I want income not just growth.","preference"
"I prefer low-risk steady returns over high-risk swings.","preference"
"I would rather hold cash than buy at a stretched valuation.","preference"
"I prefer bootstrapping over venture capital.","preference"
"I prefer Roth IRA over traditional for tax-free growth.","preference"
"I like paying off debt before investing — peace of mind over returns.","preference"
"I prefer frugality over high income as a wealth-building strategy.","preference"
"I value experiences over financial optimization.","preference"
"I prefer Stoicism over Buddhism for practical daily life.","preference"
"I like Nietzsche more than Kant — will over duty.","preference"
"I prefer pragmatism over idealism in ethics.","preference"
"I value virtue ethics over consequentialism.","preference"
"I prefer reading primary texts over summaries.","preference"
"I like philosophy applied to daily life not just academic puzzles.","preference"
"I prefer existentialism's radical freedom over determinism's comfort.","preference"
"I think free will is a useful fiction worth believing in.","preference"
"I prefer pessimistic realism over optimistic delusion.","preference"
"I value moral intuition alongside rational argument.","preference"
"I prefer free-range parenting over helicopter parenting.","preference"
"I like Montessori principles at home.","preference"
"I prefer limited screen time especially under age 5.","preference"
"I would rather let kids fail and learn than protect them from every mistake.","preference"
"I like co-sleeping during the infant stage.","preference"
"I prefer natural consequences over punishments.","preference"
"I value chores and responsibilities for kids from an early age.","preference"
"I like reading physical books with kids over e-readers.","preference"
"I prefer unstructured play over organized activities.","preference"
"I value honesty with kids about hard topics over white lies.","preference"
"I like stealth games over shooters.","preference"
"I prefer RPGs with meaningful choices over linear stories.","preference"
"I like games with permadeath — stakes matter.","preference"
"I prefer single-player over multiplayer.","preference"
"I like open-world games over linear ones.","preference"
"I prefer turn-based strategy over real-time.","preference"
"I like indie games over AAA productions.","preference"
"I prefer PC gaming over console.","preference"
"I like games that respect my time — no grind.","preference"
"I prefer narrative-driven games over pure mechanics.","preference"
"I would rather cook from scratch than order delivery.","preference"
"I prefer smaller dinner parties over large gatherings.","preference"
"I like tasting menus over a la carte when celebrating.","preference"
"I prefer eating seasonally and locally where possible.","preference"
"I hate food trends — I stick to classics.","preference"
"I value shared meals over efficient eating.","preference"
"I like cooking for others more than cooking for myself.","preference"
"I prefer brunch over breakfast or lunch separately.","preference"
"I hate food that is more Instagram than edible.","preference"
"I value technique over exotic ingredients.","preference"
"I prefer long-term partners over casual dating.","preference"
"I value depth of conversation over breadth of social circle.","preference"
"I prefer written apologies when they are sincere.","preference"
"I like relationships where both people maintain their independence.","preference"
"I value consistency over grand romantic gestures.","preference"
"I prefer honesty even when it hurts over comfortable illusions.","preference"
"I like partners who challenge me intellectually.","preference"
"I value shared values over shared interests.","preference"
"I prefer to take things slowly at the start of a relationship.","preference"
"I hate mixed signals — clarity matters more than politeness.","preference"
"I prefer adventure travel over resort travel.","preference"
"I like destinations that require planning over easy tourist spots.","preference"
"I prefer off-the-beaten-path experiences over popular attractions.","preference"
"I hate guided tours — I prefer to wander.","preference"
"I like traveling with one other person at most.","preference"
"I prefer train travel over flying where time allows.","preference"
"I like staying in local neighborhoods not tourist centers.","preference"
"I prefer destinations with good street food over fine dining.","preference"
"I hate overpacking — I travel with a carry-on only.","preference"
"I value flexibility over detailed itineraries when traveling.","preference"
"I prefer strength training over flexibility work.","preference"
"I like high-intensity intervals over long slow cardio.","preference"
"I prefer outdoor exercise over gym exercise.","preference"
"I value sleep above all other health interventions.","preference"
"I prefer whole foods over processed alternatives.","preference"
"I like tracking my workouts but not my calories.","preference"
"I prefer exercising alone over group fitness classes.","preference"
"I value consistency in training over intensity.","preference"
"I hate crash diets — slow and sustainable always.","preference"
"I prefer deload weeks over pushing through fatigue.","preference"
"I like winning ugly over losing beautifully.","preference"
"I prefer players who work hard over natural talents who coast.","preference"
"I value team chemistry over individual star power.","preference"
"I prefer watching sports live even in bad seats over watching at home.","preference"
"I like strategic complexity over raw athleticism.","preference"
"I prefer the early rounds of tournaments over the finals.","preference"
"I hate diving and gamesmanship in soccer.","preference"
"I prefer sports stories over sports highlights.","preference"
"I value the process over the result in competition.","preference"
"I like sports where one person can make the difference.","preference"
"I prefer melody over rhythm in music.","preference"
"I like lyrics that say something over pure sound.","preference"
"I prefer acoustic instruments over electronic ones.","preference"
"I value originality over technical execution.","preference"
"I prefer live imperfection over studio perfection.","preference"
"I hate music that is engineered to be popular.","preference"
"I prefer albums that tell a story from start to finish.","preference"
"I value feel over precision in a performance.","preference"
"I like discovering music through recommendations not algorithms.","preference"
"I prefer to listen all the way through rather than skip.","preference"
"I prefer dogs that know their place over dogs that run the house.","preference"
"I like animals that have been socialized from birth.","preference"
"I prefer adopting over shopping for pets.","preference"
"I value a pet's health and longevity over looks.","preference"
"I like cats that greet me at the door.","preference"
"I prefer pets that can handle being home alone.","preference"
"I hate the idea of declawing cats.","preference"
"I prefer pets that can travel with me.","preference"
"I value animal welfare over aesthetic preferences.","preference"
"I like animals with personality not just obedience.","preference"
"I prefer local candidates over national party loyalty.","preference"
"I value policy outcomes over party affiliation.","preference"
"I prefer consistent positions over popular flip-flops.","preference"
"I value economic freedom alongside civil liberties.","preference"
"I prefer decentralized power structures over concentrated ones.","preference"
"I hate political theater — I care about actual results.","preference"
"I prefer informed voters over high turnout from uninformed ones.","preference"
"I value institutional stability over revolutionary change.","preference"
"I prefer incremental reform over radical restructuring.","preference"
"I like politicians who admit mistakes over those who never do.","preference"
"Simmer the broth for 20 minutes skimming foam before adding vegetables.","procedural"
"Preheat the oven to 375F then bake for 25 minutes until golden brown.","procedural"
"Knead the dough for 10 minutes cover let rise for 1 hour then shape.","procedural"
"To make espresso: grind fresh tamp at 30lbs pull for 25 to 30 seconds.","procedural"
"When the water boils add salt then pasta and stir immediately.","procedural"
"Deglaze the pan with white wine after browning the meat then add stock.","procedural"
"To proof yeast: dissolve in warm water add sugar wait 10 minutes for foam.","procedural"
"Fold the egg whites in three additions to avoid deflating the batter.","procedural"
"Bring the sauce to a boil then reduce to a gentle simmer for 30 minutes.","procedural"
"When making risotto add stock one ladle at a time and stir constantly.","procedural"
"Score the duck breast skin before cooking to help render the fat.","procedural"
"Let the dough rest in the fridge overnight for better flavor development.","procedural"
"When someone is grieving show up listen and do not try to fix it.","procedural"
"When you receive feedback listen fully before responding.","procedural"
"To have a difficult conversation choose the right time and place then state your feelings without blame.","procedural"
"After a conflict wait until both parties have calmed before resolving.","procedural"
"When introducing two people give context about why they should know each other.","procedural"
"For a first date pick a venue with easy conversation and keep it to 90 minutes.","procedural"
"When apologizing state what you did own the impact and do not qualify it.","procedural"
"To repair trust acknowledge the breach take responsibility and show changed behavior consistently.","procedural"
"When ending a relationship do it in person if at all possible.","procedural"
"To maintain long-distance friendships schedule regular video calls.","procedural"
"At customs fill the form on the plane have passport ready declare everything.","procedural"
"When hiking in bear country make noise on trail carry bear spray never run.","procedural"
"Before an international trip notify your bank get travel insurance copy your passport.","procedural"
"When jet-lagged stay awake until local bedtime get morning sunlight avoid alcohol.","procedural"
"To pack light choose a color palette pack versatile layers wear heaviest on the plane.","procedural"
"To get through customs quickly fill forms completely have docs accessible.","procedural"
"When visiting a mosque cover your head remove shoes and dress modestly.","procedural"
"To exchange currency use local ATMs instead of airport kiosks for better rates.","procedural"
"Research your destination's entry requirements at least a month before departure.","procedural"
"Apply sunscreen 30 minutes before going outdoors reapply every 2 hours.","procedural"
"First stretch then warm up then do your main workout then cool down.","procedural"
"To calm a panic attack breathe in for 4 hold for 7 out for 8.","procedural"
"Apply ice for the first 48 hours after a sprain then switch to heat.","procedural"
"To break a bad habit replace it with an incompatible good one at the same cue.","procedural"
"For CPR: 30 chest compressions then 2 rescue breaths repeat.","procedural"
"To treat a burn cool with running water for 20 minutes do not use ice.","procedural"
"For a suspected fracture immobilize elevate ice and get an X-ray.","procedural"
"When taking antibiotics complete the full course even if you feel better.","procedural"
"To stop a nosebleed sit upright pinch the soft part of the nose hold 10 minutes.","procedural"
"Drink water before you are thirsty especially during exercise.","procedural"
"To improve sleep hygiene avoid screens for 1 hour before bed.","procedural"
"When anxious before speaking name three things you can see hear and touch.","procedural"
"For habit formation: stack the new habit onto an existing one.","procedural"
"In basketball set your feet before catching a pass to avoid a travel call.","procedural"
"To bowl a strike consistently target the arrows not the pins.","procedural"
"To improve your golf swing record it from behind compare to pro form fix one thing at a time.","procedural"
"When serving in tennis toss consistently coil the shoulders accelerate through contact.","procedural"
"To tackle safely in rugby get low wrap the arms drive through the contact.","procedural"
"When skiing in powder keep weight back stay relaxed let the skis do the work.","procedural"
"For marathon pacing start 10 percent slower than goal pace negative split the back half.","procedural"
"When lifting heavy brace the core take a breath drive through the heels.","procedural"
"To improve your sprint drive the knees high pump arms in opposition stay relaxed.","procedural"
"To build endurance increase weekly mileage by no more than 10 percent per week.","procedural"
"To tune a guitar by ear match the 5th fret of one string to the open string above.","procedural"
"For proper singing technique support from the diaphragm open the throat relax the jaw.","procedural"
"To learn a difficult passage slow it down play hands separately then hands together.","procedural"
"When recording in a DAW set the gain correctly first record dry add effects later.","procedural"
"To soundcheck start with the kick drum add bass then build up other channels.","procedural"
"For improvisation learn the scale play over the changes then forget the scale.","procedural"
"To change guitar strings stretch them tune stretch again tune again.","procedural"
"To transcribe a song slow it down to 70 percent loop the section play along.","procedural"
"When introducing a new dog to the house use neutral territory first with both dogs leashed.","procedural"
"To crate train a puppy make it comfortable never use it as punishment increase duration gradually.","procedural"
"For a new kitten separate from resident pets introduce scent first then visual then physical.","procedural"
"To clean a fish tank change 25 percent of the water weekly and clean filter monthly.","procedural"
"To trim a dog's nails snip small amounts avoid the quick reward after each paw.","procedural"
"For dog recall training call once reward immediately when they come never punish for coming late.","procedural"
"To socialize a puppy expose to 100 new people and places before 16 weeks.","procedural"
"When a pet is vomiting repeatedly withhold food for 12 hours offer water see vet if persists.","procedural"
"To pill a cat hide it in food first if that fails tilt head back drop pill at back of tongue.","procedural"
"Before adopting a pet research the breed's needs and ensure they match your lifestyle.","procedural"
"To register to vote check your state's deadline verify eligibility use the official government site.","procedural"
"When drafting legislation consult stakeholders write the bill send to committee then floor vote.","procedural"
"For a ballot initiative gather signatures verify eligibility submit to the secretary of state.","procedural"
"To appeal a government decision file within the deadline document the basis follow the agency's process.","procedural"
"When lobbying schedule meetings prepare a one-pager follow up in writing.","procedural"
"Read the full text of a ballot measure before voting not just the summary.","procedural"
"Contact your representative before a vote not after.","procedural"
"Research a candidate's voting record not just their campaign promises.","procedural"
"When filing a FOIA request be specific about documents you want and cite the correct authority.","procedural"
"To participate in local government attend meetings speak during public comment periods.","procedural"
"Review your finances on the 1st of every month.","procedural"
"Max out the HSA before contributing to a taxable brokerage account.","procedural"
"To negotiate salary get the offer in writing wait 48 hours then counter above your target.","procedural"
"When buying a house get pre-approved hire an inspector negotiate after the inspection.","procedural"
"To build an emergency fund automate a fixed transfer on payday and do not touch it.","procedural"
"For dollar cost averaging set a fixed amount automate it invest regardless of market conditions.","procedural"
"Before investing pay off high-interest debt first then build 3 to 6 months emergency fund.","procedural"
"To file taxes gather all forms by February use last year's return as a checklist.","procedural"
"For a credit card dispute document the charge contact the merchant first then dispute with the bank.","procedural"
"To refinance a mortgage check your rate vs market calculate break-even apply with multiple lenders.","procedural"
"To apply Stoic principles daily identify what is in your control and focus only on that.","procedural"
"When reading philosophy take notes in your own words to test understanding.","procedural"
"To engage with a hard idea steelman it before critiquing it.","procedural"
"When in a moral dilemma write out the strongest case for each option before deciding.","procedural"
"Practice the Socratic method by asking what do you mean by that and then following it.","procedural"
"When a child has a tantrum stay calm do not negotiate wait it out reconnect after.","procedural"
"To teach a child a new skill break it into small steps and celebrate each one.","procedural"
"Read aloud to children every day even after they can read themselves.","procedural"
"Set consistent bedtime and wake time for children to regulate their circadian rhythm.","procedural"
"Praise effort not outcome when giving children feedback.","procedural"
"When a child lies stay calm ask questions and focus on why rather than punishment.","procedural"
"Model the behavior you want to see — children mirror more than they obey.","procedural"
"Give children age-appropriate responsibilities starting early.","procedural"
"When setting a screen time rule be consistent and explain the reason.","procedural"
"In a stealth game clear the room from far to near take the camera first.","procedural"
"For a speedrun attempt learn the strats practice hard segments do full runs.","procedural"
"When a game crashes save your seed note the state report with repro steps.","procedural"
"To improve at chess study endgames first then openings then middlegame tactics.","procedural"
"For a raid assign roles before the pull call out mechanics debrief after wipes.","procedural"
"To level up quickly in an RPG focus on the main quest to unlock mechanics then side quests.","procedural"
"Practice in custom games to learn mechanics before ranked play.","procedural"
"Review your replays after a loss to identify decision-making errors.","procedural"
"In a fighting game learn your character's normals before combos.","procedural"
"Start on easy mode to learn the story then replay on harder difficulty for the challenge.","procedural"
"Season in layers throughout cooking not just at the end.","procedural"
"Bloom spices in fat before adding liquids to the dish.","procedural"
"Reduce the sauce by half before checking for seasoning.","procedural"
"Salt pasta water until it tastes like the sea.","procedural"
"Bring steak to room temperature before cooking for even doneness.","procedural"
"To build a habit track it every day for the first 30 days.","procedural"
"When setting a goal write it down and review it weekly.","procedural"
"For better focus work in 90-minute blocks then take a real break.","procedural"
"To wind down before sleep dim lights an hour before bed.","procedural"
"When anxious write down your worries to get them out of your head.","procedural"
"For a morning routine start with something physical before screens.","procedural"
"To improve at public speaking practice out loud not just in your head.","procedural"
"When giving feedback lead with specifics not generalities.","procedural"
"To run a better meeting share the agenda 24 hours before and stick to it.","procedural"
"To close more deals follow up within 24 hours of every conversation.","procedural"
"Send a thank-you note within 24 hours of an interview or important meeting.","procedural"
"When negotiating let the other side name their number first.","procedural"
"To improve your writing read it aloud before sending it.","procedural"
"For better decisions sleep on it for at least one night when possible.","procedural"
"When onboarding a new team member pair them with a senior buddy for the first month.","procedural"
"The bread turned out dense — combining the overproofing and the low oven temp the structure collapsed.","synthesis"
"Looking at the flavor and texture together this dish needs more acid — the fat is balanced but it is flat.","synthesis"
"Comparing the two recipes both have the same technique but different ratios — the higher hydration version is chewier.","synthesis"
"The bake time was right but the internal temp was low — the oven must be running cool.","synthesis"
"Weighing the nutritional data and cost meal prepping beans at home beats canned by every metric.","synthesis"
"Reviewing both sides of the argument the core issue is not the dishes — it is about feeling unappreciated.","synthesis"
"Their communication styles are completely different: she processes out loud he withdraws — that is the conflict.","synthesis"
"Looking at the pattern over time this is not a bad week — it is a recurring dynamic that needs to be addressed.","synthesis"
"Comparing their values on money and children they are compatible on lifestyle but diverge on fundamentals.","synthesis"
"The data from the relationship is clear: they are great friends but poor romantic partners.","synthesis"
"Comparing cost climate and culture Lisbon beats Barcelona for a month-long slow travel stay.","synthesis"
"Weighing visa complexity flight cost and experience Southeast Asia beats Europe for first-time budget travelers.","synthesis"
"The itinerary looks packed — cross-referencing distances and opening hours the afternoon slot is unworkable.","synthesis"
"Comparing the Airbnb reviews and location on the map the cheaper one is actually the better choice.","synthesis"
"Looking at the seasons and crowd data April is clearly the best month to visit Kyoto.","synthesis"
"Combining the diet log and workout data the calorie deficit explains the performance drop.","synthesis"
"Reviewing the sleep tracker and mood journal together poor sleep precedes bad days by 24 hours.","synthesis"
"The doctor's bloodwork plus the symptom pattern suggests vitamin D deficiency not thyroid.","synthesis"
"Looking at heart rate data and perceived exertion the athlete is overtrained despite good feelings.","synthesis"
"Comparing injury history and training load the mileage ramp-up was too aggressive.","synthesis"
"Comparing the team's offense and defense stats they need a quarterback not a receiver.","synthesis"
"Looking at the shot map alongside possession data the team dominates the ball but shoots from poor positions.","synthesis"
"The offensive stats are elite but combined with the turnover rate the net impact is negative.","synthesis"
"Cross-referencing shooting efficiency and salary this player is the worst value on the roster.","synthesis"
"Weighing regular season vs playoff performance this team consistently underperforms when it matters.","synthesis"
"The combine numbers are impressive but the game film shows poor decision-making under pressure.","synthesis"
"Comparing both managers' tactical records one is brilliant in possession the other wins low-block games.","synthesis"
"The injury report plus the schedule says they will be exhausted by the playoffs — depth becomes the key variable.","synthesis"
"Looking at home vs away splits this team is a completely different animal outside their own stadium.","synthesis"
"The analytics favor taking the shot but the context — season on the line tired legs — says pull back.","synthesis"
"The mix sounds muddy — comparing the frequency spectrum and the arrangement the bass and kick are fighting.","synthesis"
"The live performance energy is there but the studio version shows the timing is sloppy under scrutiny.","synthesis"
"Looking at streaming numbers and live ticket sales together this artist is more valuable as a touring act.","synthesis"
"The album reviews are positive but the commercial response is flat — the art connects with critics not listeners.","synthesis"
"Comparing the chord progression and melody the song works emotionally but will not hold up structurally on analysis.","synthesis"
"Looking at the vet report and the food log the dog's weight gain is dietary not a thyroid issue.","synthesis"
"The cat's behavior change plus the recent move suggests stress not illness.","synthesis"
"Comparing the cost of vet bills over 5 years to pet insurance premiums the insurance wins for large breeds.","synthesis"
"The dog is high-energy and the owner works 10-hour days — that mismatch explains the destructive behavior.","synthesis"
"Reviewing training videos and the dog's response the handler is inconsistent — that is why commands are not sticking.","synthesis"
"Comparing polling data and economic indicators the incumbent is vulnerable despite headline GDP growth.","synthesis"
"Looking at voting records and campaign donations together the senator's stated position and actual votes diverge.","synthesis"
"The policy looks good on paper but modeling second-order effects alongside the budget it creates more problems.","synthesis"
"Cross-referencing turnout data and demographic shifts the map has changed enough to flip this district.","synthesis"
"The approval ratings are high but the enthusiasm gap between parties will determine turnout and the outcome.","synthesis"
"Dollar cost averaging beats timing the market — looking at 50 years of data across every major crash.","synthesis"
"Comparing the growth rate and the burn rate the company has 14 months of runway at current spend.","synthesis"
"The revenue is up but the margin is compressed — looking at COGS and headcount we are scaling the wrong things.","synthesis"
"Cross-referencing LTV and CAC paid acquisition is unsustainable at current conversion rates.","synthesis"
"The DCF says the stock is undervalued but the qualitative red flags outweigh the model.","synthesis"
"Looking at competitor pricing and our conversion data together we are leaving revenue on the table.","synthesis"
"The asset allocation looks conservative on paper but inflation-adjusted the real return is negative.","synthesis"
"Comparing venture returns vs public market index funds over 20 years the expected value difference barely justifies the illiquidity.","synthesis"
"The startup's unit economics look good until you layer in support costs — then the margin erodes to near zero.","synthesis"
"Cross-referencing supply chain data and demand signals the inventory surplus is a 3-month problem not structural.","synthesis"
"Comparing Stoic and Buddhist approaches to suffering both converge on acceptance but diverge on the concept of self.","synthesis"
"Looking at Kant's deontology and utilitarian outcomes together neither handles edge cases well alone.","synthesis"
"The ethical argument is internally consistent but fails when confronted with real-world moral intuitions.","synthesis"
"Combining empirical psychology with philosophical ethics the free will debate looks very different than pure philosophy suggests.","synthesis"
"Weighing the consequentialist case and the rights-based objection the policy is justified but not without cost.","synthesis"
"Reviewing both the Montessori research and long-term outcomes data child-led learning has strong evidence but requires discipline.","synthesis"
"The child's behavioral issues at school combined with the home environment report point to unaddressed sensory processing differences.","synthesis"
"Looking at screen time studies and the child's sleep patterns the correlation is clear — earlier cutoffs are supported.","synthesis"
"Comparing attachment styles and adult relationship outcomes in the literature secure attachment is the strongest predictor.","synthesis"
"School performance data plus parental involvement report shows structure at home predicts academic consistency.","synthesis"
"Comparing the stealth build and the tank build across all boss fights stealth wins early and tank dominates late.","synthesis"
"Looking at win rate data and playtime this character is overpowered in ranked but balanced in casual.","synthesis"
"The patch improved balance in 1v1 but the team composition meta now favors a different strategy entirely.","synthesis"
"Cross-referencing DPS and survivability stats the hybrid build outperforms both extremes in sustained fights.","synthesis"
"The speedrun strats are faster on paper but error rate analysis shows the safer route has better expected time.","synthesis"
"Comparing early game and late game performance across 100 runs this strategy trades consistency for peak ceiling.","synthesis"
"Looking at community feedback and the developer response the upcoming patch addresses symptoms not the root cause.","synthesis"
"The in-game economy analysis shows resource farming is worth it in the first 10 hours and wasteful afterward.","synthesis"
"Cross-referencing tutorial completion data and 30-day retention players who skip tutorials churn 3x faster.","synthesis"
"Comparing story branch outcomes the pacifist route has better replayability despite a lower immediate payoff.","synthesis"
"Looking at recipe reviews and my own experience the key variable is fat content not cooking time.","synthesis"
"Comparing the two diet approaches both work but the one I can sustain is the only one that matters.","synthesis"
"The training plan looks good on paper but cross-referencing my recovery data I am accumulating fatigue.","synthesis"
"Weighing the pros and cons of both destinations the cultural experience wins over the logistics.","synthesis"
"Looking at my spending habits and income together the subscription creep is the biggest leak.","synthesis"
"The relationship started well but reviewing the last 6 months the pattern is clearly not working.","synthesis"
"Combining what the coach said with what the data shows the answer is obvious: more rest.","synthesis"
"Looking at the team dynamics and the project timeline we need to cut scope not add resources.","synthesis"
"Cross-referencing user interviews and usage data the feature users ask for is not the one they actually use.","synthesis"
"The marketing campaign got high engagement but correlating with sales data it had zero revenue impact.","synthesis"
"Comparing our NPS scores over time with our product changes the decline started after the redesign.","synthesis"
"Looking at support ticket categories and product usage logs the onboarding flow is the clear culprit.","synthesis"
"Cross-referencing churn data and feature usage the users who churn are the ones who never used the core feature.","synthesis"
"The performance benchmark looks good but factoring in the test conditions it is not a fair comparison.","synthesis"
"Reviewing the A/B test results alongside the statistical significance the winner is marginal not conclusive.","synthesis"
"Combining the qualitative feedback with the quantitative data the problem is positioning not the product.","synthesis"
"The team velocity is up but reviewing the defect rate and rework time the quality is declining.","synthesis"
"Looking at hiring timelines and team performance the onboarding bottleneck is the real constraint.","synthesis"
"Comparing our growth with competitors in the same market we are growing but losing share.","synthesis"
"Cross-referencing the product roadmap and customer feedback we are building for the wrong persona.","synthesis"
"The unit test coverage is high but correlating with bug reports most bugs are in untested integration paths.","synthesis"
"Reviewing the infrastructure costs and usage patterns we are over-provisioned by about 40 percent.","synthesis"
"The latency is acceptable on average but looking at p99 and p99.9 the tail is a serious problem.","synthesis"
"Combining the API error logs and the deploy history the errors correlate exactly with the last release.","synthesis"
"Cross-referencing the feature flag data and the error rate the new feature is causing 30 percent of errors.","synthesis"
"Looking at the query plans and the table sizes the slow query is caused by a missing index on a hot path.","synthesis"
"The model accuracy is high on the validation set but reviewing the confusion matrix precision is poor for the minority class.","synthesis"
"Cross-referencing training data distribution and production data distribution the model is likely overfitted to the training domain.","synthesis"
"Reviewing the embedding quality and the retrieval precision together the retrieval failure is upstream of the model.","synthesis"
"Combining user feedback and session recordings the problem is not the UI — users do not understand the concept.","synthesis"
"The pricing survey results combined with conversion data suggest the price is not the objection — trust is.","synthesis"
"Looking at the funnel data and the support tickets the drop-off at step 3 is caused by a confusing form.","synthesis"
"Cross-referencing the email open rates and the click-through rates the subject line is working but the body is not.","synthesis"
"Combining social media engagement and sales data the viral post drove awareness but zero conversions.","synthesis"
"The SEO traffic is up but correlating with conversion rate the new visitors are the wrong audience.","synthesis"
"Reviewing the brand sentiment data and the sales data they are decoupled — brand health does not predict revenue.","synthesis"
"The team satisfaction scores are high but correlating with output metrics something is not adding up.","synthesis"
"Looking at meeting time per person and output per person there is a strong negative correlation.","synthesis"
"Cross-referencing hiring pace and culture survey results fast hiring is correlated with culture dilution.","synthesis"
"The org chart has grown but reviewing decision speed and quality both have deteriorated.","synthesis"
"Combining the customer lifetime data and the cohort analysis the 2023 cohort has materially worse retention.","synthesis"
"Looking at the technical debt backlog and the velocity data we are spending 40 percent of capacity on maintenance.","synthesis"
"Cross-referencing release frequency and incident rate slower releases have 60 percent fewer incidents.","synthesis"
"The automated tests pass but reviewing the production error logs there are failure modes the tests do not cover.","synthesis"
"Combining the code review comments over time and the bug rate the strictest reviewers correlate with the fewest bugs.","synthesis"
"Looking at the architecture diagram and the latency data the problem is the synchronous call chain not the database.","synthesis"
"Cross-referencing the database write patterns and the lock wait times the bottleneck is a hot row not a slow query.","synthesis"
"The cache hit rate is high but combining with the origin response time the cache is masking a slow backend.","synthesis"
"Reviewing the CDN analytics and the user complaints the geographic distribution of errors matches CDN edge locations.","synthesis"
"Comparing the two cloud providers on cost and reliability the difference is smaller than the switching cost.","synthesis"
"Looking at the security audit results and the threat model most risks are in the areas we did not audit.","synthesis"
"Cross-referencing the compliance requirements and our current controls we have 3 gaps that block certification.","synthesis"
"The pen test found no critical vulnerabilities but reviewing the test scope it missed the highest-risk surface.","synthesis"
"Combining the access logs and the incident report the breach vector was a credential not a code vulnerability.","synthesis"
"Looking at the training data quality and the model performance the labeling errors explain the accuracy gap.","synthesis"
"Cross-referencing the feature requests and the usage data the most requested features are used the least.","synthesis"
"The NPS is 70 but combining with the support ticket volume the satisfied users are not the noisy ones.","synthesis"
"Reviewing the competitor analysis and our positioning we have better features but worse discoverability.","synthesis"
"Combining the sales cycle data and the win/loss analysis the deal size is the key predictor of close rate.","synthesis"
"Looking at the content performance data and the email metrics long-form content drives signups short-form drives shares.","synthesis"
"Cross-referencing the partner referrals and the churn data partnerships generate high-volume low-quality leads.","synthesis"
"After three months of A/B testing the landing page, the data clearly shows that testimonial-first layouts convert 2.3x better. We shipped the winning variant yesterday.","episodic|synthesis"
"Spent the whole weekend debugging the memory leak. Turns out the connection pool wasn't being drained on shutdown. The pattern: always close pools in a finally block, not just on success paths.","episodic|synthesis"
"Launched the beta yesterday with 50 users. After analyzing the first 24 hours of data, the key insight is that users who complete onboarding in under 3 minutes have 4x higher retention.","episodic|synthesis"
"Completed the competitor analysis this morning. The synthesis: we are the only product with thermodynamic decay. Everyone else treats memory as append-only. This is our moat.","episodic|synthesis"
"Finished the pricing experiment last quarter. The data shows freemium converts at 4.2% while free trial converts at 8.7%. We're switching to free trial for Q2.","episodic|synthesis"
"Reviewed all customer support tickets from January. The pattern is clear: 80% of issues stem from unclear onboarding. Redesigning the first-run experience should cut support volume in half.","episodic|synthesis"
"After running the MemBench suite against all competitors, the conclusion is clear: our recall accuracy beats Mem0 by 15% and Zep by 23% on long-horizon tasks.","episodic|synthesis"
"Shipped the Python SDK yesterday. Cross-referencing with the support logs, most integration questions were about async/sync compatibility — the sync wrapper we added should eliminate those.","episodic|synthesis"
"Deployed the new caching layer on Tuesday. Monitoring shows p99 latency dropped from 340ms to 45ms. The takeaway: cache at the embedding level, not the query level.","episodic|synthesis"
"Ran user interviews with 12 enterprise prospects this week. The synthesis: they care about audit trails and data residency more than features. Compliance is the unlock.","episodic|synthesis"
"Yesterday I set up the CI pipeline: first install dependencies with npm ci, then run lint, then run tests in parallel, then build the Docker image.","episodic|procedural"
"Figured out how to fix the CORS issue today: add the origin to the allowlist in the nginx config, reload nginx, then test with curl -I.","episodic|procedural"
"Finally got the database migration working. The trick is to run pg_dump first, apply the ALTER TABLE, then verify row counts match.","episodic|procedural"
"Set up Keycloak auth this morning. The process: create a realm, add a client with PKCE, configure redirect URIs, export the client secret to env vars.","episodic|procedural"
"Deployed Sulcus to Azure Container Apps today. Steps: build with cargo, docker build, tag and push to ACR, then az containerapp update with the new image.","episodic|procedural"
"Got the SIU classifier trained today. Process was: prepare CSV training data, generate BGE embeddings, train LogisticRegression, export to ONNX, validate predictions.","episodic|procedural"
"Resolved the DNS propagation issue last night. Had to: clear the local DNS cache, update the A record in OpenSRS, wait 10 minutes, then verify with dig.","episodic|procedural"
"Connected the Stripe webhook this afternoon. Steps: create endpoint in Stripe dashboard, copy the signing secret, add the route handler, verify with stripe trigger.","episodic|procedural"
"Migrated the database from SQLite to PostgreSQL today. Process: export with .dump, transform the SQL for PG syntax, import with psql, verify all tables and row counts.","episodic|procedural"
"Set up the monitoring stack yesterday. Install Prometheus, configure scrape targets, deploy Grafana, import the dashboard template, set up alerting rules.","episodic|procedural"
"When deploying to production, always run the full test suite first, then deploy to staging, smoke test, and only then promote to production. Never skip staging.","procedural|preference"
"For database backups: use pg_dump with the --format=custom flag, compress with gzip, upload to S3. Always verify the backup can be restored before deleting the previous one.","procedural|preference"
"When writing commit messages, use conventional commits format: type(scope): description. Always include the ticket number. Never use vague messages like 'fix stuff'.","procedural|preference"
"To handle API errors: check the status code, parse the error body, log with full context including request ID. Always return structured errors, never raw strings.","procedural|preference"
"For code reviews: check correctness first, then readability, then performance. Always leave at least one positive comment. Never approve with unresolved security concerns.","procedural|preference"
"When setting up a new project: initialize git, add .gitignore, create README, set up linting. Always configure CI before writing any feature code.","procedural|preference"
"For incident response: acknowledge within 5 minutes, start a war room channel, assign an incident commander. Always do a blameless post-mortem within 48 hours.","procedural|preference"
"When writing tests: arrange the test data, act on the system under test, assert the expected outcome. Always test the error paths, not just the happy path.","procedural|preference"
"For API design: use plural nouns for collections, singular for items. Always version the API from day one. Never break backward compatibility without a deprecation period.","procedural|preference"
"When configuring logging: use structured JSON format, include correlation IDs, set appropriate log levels. Always log errors with stack traces, never swallow exceptions silently.","procedural|preference"
"PostgreSQL supports JSONB columns for semi-structured data. Always prefer JSONB over JSON for indexing and querying.","semantic|preference"
"HKDF is a key derivation function based on HMAC. Always use a unique salt per derivation context.","semantic|preference"
"WebSocket provides full-duplex communication over a single TCP connection. Always implement heartbeat pings to detect stale connections.","semantic|preference"
"ONNX Runtime supports CPU and GPU execution providers. Always benchmark both before choosing — CPU often wins for small models.","semantic|preference"
"Rust's ownership system prevents data races at compile time. Always prefer owned types over raw pointers in FFI boundaries.","semantic|preference"
"Content-addressable storage uses the hash of the content as its identifier. Always verify integrity on read, not just on write.","semantic|preference"
"Rate limiting protects APIs from abuse and resource exhaustion. Always use sliding window over fixed window — it prevents burst spikes at boundaries.","semantic|preference"
"Embeddings are dense vector representations of text in high-dimensional space. Always normalize embeddings before computing cosine similarity.","semantic|preference"
"JWT tokens encode claims as JSON and are signed with HMAC or RSA. Always validate the signature and expiry before trusting claims.","semantic|preference"
"Container images are layered filesystems built from Dockerfiles. Always use multi-stage builds to minimize the final image size.","semantic|preference"
"After analyzing six months of deployment data, the conclusion is clear: trunk-based development with feature flags produces fewer incidents than long-lived branches. Always merge to main daily.","synthesis|preference"
"Cross-referencing our support tickets with churn data reveals that response time matters more than resolution quality. Always acknowledge within 1 hour, even if the fix takes longer.","synthesis|preference"
"The pricing experiment data is conclusive: annual plans retain 3x better than monthly. Always default the pricing page to annual with a monthly toggle.","synthesis|preference"
"Reviewing all our production incidents from Q1: 70% were caused by missing input validation. Always validate at the API boundary, never trust downstream systems to handle bad data.","synthesis|preference"
"The A/B test on onboarding flows shows that interactive tutorials retain 2x better than video walkthroughs. Always favor learning-by-doing over passive content.","synthesis|preference"
"A TLS certificate chain contains the server cert, intermediate CAs, and the root CA. To verify: check each signature up the chain, confirm the root is trusted, and validate the domain name matches.","semantic|procedural"
"PostgreSQL's EXPLAIN ANALYZE shows the actual execution plan and timing. To use it: prefix your query with EXPLAIN ANALYZE, look for sequential scans on large tables, and add indexes where needed.","semantic|procedural"
"An ONNX model is a serialized computation graph with operators and weights. To load it: create an InferenceSession, specify the execution provider, then call run with input tensors.","semantic|procedural"
"BGE-small-en-v1.5 is a 384-dimensional embedding model optimized for retrieval. To generate embeddings: install fastembed, create a TextEmbedding instance, call embed with your texts.","semantic|procedural"
"A CRDT (Conflict-free Replicated Data Type) allows concurrent edits without coordination. To implement last-writer-wins: attach a logical timestamp to each update and resolve conflicts by keeping the highest timestamp.","semantic|procedural"
"AES-256-GCM is an authenticated encryption cipher providing confidentiality and integrity. To use it: generate a random 12-byte nonce, derive the key via HKDF, encrypt, and prepend the nonce to the ciphertext.","semantic|procedural"
"A Dockerfile defines the build steps for a container image. To build: write the FROM base, COPY source files, RUN build commands, set the ENTRYPOINT, then build with docker build -t name .","semantic|procedural"
"pgvector extends PostgreSQL with vector similarity search using ivfflat or hnsw indexes. To set up: CREATE EXTENSION vector, add a vector(384) column, CREATE INDEX USING hnsw, then query with ORDER BY embedding <=> query_vec.","semantic|procedural"
"RBAC (Role-Based Access Control) assigns permissions to roles, then roles to users. To implement: define roles in a roles table, create a role_permissions junction table, check permissions in middleware.","semantic|procedural"
"The softmax function converts logits into a probability distribution. To compute: subtract the max for numerical stability, exponentiate each value, then divide by the sum.","semantic|procedural"
"Shipped our first cold email campaign yesterday. Learned the hard way: always personalize the first line with a specific pain point. Generic intros get 0% reply rate.","episodic|preference"
"Had the worst deployment of my career today. A config change took down prod for 2 hours. From now on, always deploy config changes behind feature flags.","episodic|preference"
"Lost a potential enterprise customer today because we didn't have audit logs. Never launch an enterprise tier without compliance basics.","episodic|preference"
"The demo went great this morning. Key takeaway: always show the product solving a real problem first, features second. Lead with the pain.","episodic|preference"
"Spent 4 hours debugging a race condition that a simple mutex would have prevented. Always protect shared state, even if you think there's no contention.","episodic|preference"
"Learned today that STARK proofs don't require a trusted setup, unlike SNARKs. This was a key factor in choosing STARKs for Minerva.","episodic|semantic"
"Discovered that fastembed uses ONNX Runtime under the hood, which is why it matches our sulcus-embed Rust crate's output exactly.","episodic|semantic"
"Found out during testing that PostgreSQL's pgvector HNSW index has a recall of 99.5% at ef_search=200, compared to 95% for ivfflat.","episodic|semantic"
"Realized today that CRDT convergence guarantees eventual consistency without coordination. This is exactly what Sulcus sync needs.","episodic|semantic"
"Tested embedding dimensions today: 384-dim BGE gives 93% accuracy on our task, while 768-dim only adds 1.2% at 2x the compute cost.","episodic|semantic"
"After auditing our deployment pipeline across 6 months of incidents, the optimal process is: lint, test, build, deploy to staging, run smoke tests, canary at 5%, monitor for 30 minutes, then full rollout.","synthesis|procedural"
"The post-mortem synthesis identified a clear fix pattern: for any database migration, always take a snapshot first, run on staging with production data, verify row counts, then apply to production in a maintenance window.","synthesis|procedural"
"Analyzing our onboarding completion data reveals the ideal flow: show a 30-second value demo, ask one qualifying question, auto-configure defaults, then drop the user into their first task with guided tooltips.","synthesis|procedural"
"Cross-referencing our benchmarks with the academic literature confirms that logistic regression on pre-trained embeddings matches fine-tuned transformers for classification tasks under 10 classes, at 100x less compute.","synthesis|semantic"
"After comparing all memory systems in production: the thermodynamic decay model with lambda values per type (episodic=0.05, semantic=0.01, procedural=0.02) produces the most natural forgetting curve.","synthesis|semantic"
"The competitive analysis reveals a key technical insight: all competitors use fixed TTL for memory expiry. Thermodynamic decay based on access patterns and heat is fundamentally different and more biologically accurate.","synthesis|semantic"
"Deployed the SIU classifier to production yesterday. The ONNX model takes 384-dim BGE embeddings and outputs class probabilities via softmax. To run: load the session, pass the embedding tensor, apply threshold at 0.5 per class. Always validate with a known test set before serving live traffic.","episodic|semantic|procedural"
"After three sprints of building the sync layer, the architecture crystallized: CRDT-based merge with vector clocks for causality. To implement: store operations as log entries, replicate via push/pull, merge with LWW on conflict. Always test with simulated network partitions.","episodic|synthesis|procedural"
"The year-end review revealed that our fastest-growing features all follow the same pattern — they solve a workflow problem, not a data problem. A workflow is: trigger, action, verification, feedback loop. Always build the feedback loop first.","synthesis|preference|procedural"
